hospital_id,hospital_type,city_region,blood_type,day_of_week,month,season,temperature_c,rainfall_mm,dengue_cases_weekly,road_accidents,emergency_cases,scheduled_surgeries,holiday,blood_donation_camp,current_inventory,expected_demand_units
18,Trauma,Semi-Urban,O+,1,11,Summer,39.1,5.6,3,6,19,0,1,0,222,54
3,Clinic,Urban,B+,5,11,Summer,38.6,18.1,5,11,3,4,0,0,39,43
8,Clinic,Rural,O+,7,6,Monsoon,28.8,97.4,5,20,2,0,0,0,37,52
20,General,Urban,O+,6,6,Monsoon,22.3,81.7,3,11,5,2,0,0,119,51
21,General,Urban,B+,4,12,Winter,18.9,3.5,7,8,7,5,0,0,128,49
11,General,Semi-Urban,O+,4,10,Summer,35.2,3.9,5,9,10,7,0,0,131,50
21,General,Urban,A+,2,3,Summer,34.1,27.9,4,6,7,10,0,0,133,50
22,Clinic,Urban,A+,5,9,Monsoon,25.3,64.5,9,16,2,1,0,0,31,52
10,General,Urban,O+,2,9,Monsoon,25.9,59.8,1,7,8,3,0,0,129,49
23,General,Semi-Urban,B+,3,3,Summer,32.1,14.5,4,13,7,6,0,0,126,51
8,Clinic,Rural,B+,2,12,Winter,14.6,13.3,4,8,5,2,0,0,43,36
6,General,Urban,O-,3,4,Summer,38.1,18.6,11,10,6,5,0,0,120,56
18,Trauma,Semi-Urban,B+,3,7,Monsoon,29.6,65.3,10,7,14,4,0,0,226,66
16,General,Semi-Urban,O+,1,6,Monsoon,26.1,102.1,17,15,9,5,0,0,127,78
4,Clinic,Urban,O+,6,9,Monsoon,28.1,101.7,7,15,3,0,0,0,40,54
21,General,Urban,O+,4,11,Summer,35.2,11.3,3,11,6,7,0,0,123,49
5,General,Urban,B+,7,5,Summer,41.0,4.1,2,8,7,3,0,0,125,51
21,General,Urban,A+,2,5,Summer,36.6,19.0,6,7,10,5,0,0,114,47
1,Trauma,Rural,A+,5,10,Summer,36.5,7.7,3,5,9,1,0,0,234,46
20,General,Urban,O-,2,12,Winter,18.1,1.7,2,8,7,8,0,0,129,49
20,General,Urban,A+,4,11,Summer,32.7,8.4,3,9,9,5,0,0,135,50
20,General,Urban,B+,4,10,Summer,38.1,22.6,7,9,8,9,0,1,141,56
17,Trauma,Semi-Urban,AB+,4,9,Monsoon,29.0,55.9,9,13,15,4,0,1,236,73
12,General,Urban,B-,5,10,Summer,31.5,10.4,8,10,3,6,0,0,135,43
18,Trauma,Semi-Urban,B+,6,12,Winter,19.4,11.1,1,10,11,1,0,1,246,50
7,Trauma,Urban,O+,3,1,Winter,20.5,2.3,9,16,13,4,0,0,215,69
20,General,Urban,A+,6,8,Monsoon,20.7,73.4,6,14,7,3,0,0,122,61
14,Trauma,Urban,A+,2,1,Winter,15.2,3.2,8,13,14,1,0,0,229,64
12,General,Urban,AB+,3,7,Monsoon,28.1,58.2,4,13,10,6,0,0,131,62
13,Clinic,Rural,B+,3,5,Summer,28.2,10.0,3,7,6,5,0,0,34,41
15,Trauma,Urban,A+,7,4,Summer,28.7,12.1,6,12,10,3,0,0,226,59
1,Trauma,Rural,B+,1,11,Summer,33.2,7.6,9,9,14,6,0,0,249,62
4,Clinic,Urban,O+,3,9,Monsoon,28.5,16.3,1,6,5,3,0,0,42,40
7,Trauma,Urban,AB-,3,7,Monsoon,28.6,23.9,3,5,10,6,0,0,246,58
3,Clinic,Urban,O+,6,11,Summer,38.7,10.8,8,9,5,2,0,0,36,40
11,General,Semi-Urban,A+,4,2,Winter,18.2,8.7,2,11,12,7,0,0,123,51
17,Trauma,Semi-Urban,O+,7,8,Monsoon,25.9,64.4,4,10,11,1,0,1,255,57
17,Trauma,Semi-Urban,B+,6,2,Winter,14.1,3.8,6,9,7,2,0,0,246,51
12,General,Urban,B+,5,3,Summer,32.8,23.7,5,8,7,5,0,0,117,50
22,Clinic,Urban,O-,6,3,Summer,36.1,15.8,2,13,2,1,0,0,42,34
15,Trauma,Urban,B+,2,7,Monsoon,29.3,79.9,12,9,17,5,0,0,232,78
2,Trauma,Semi-Urban,O-,4,8,Monsoon,27.8,73.6,5,18,10,5,0,1,250,69
20,General,Urban,O+,5,10,Summer,35.6,6.4,6,13,5,5,0,0,123,52
15,Trauma,Urban,A+,2,6,Monsoon,30.8,131.0,15,12,11,4,0,0,215,76
16,General,Semi-Urban,O+,1,12,Winter,18.2,6.5,5,9,8,2,0,0,125,41
15,Trauma,Urban,B+,1,5,Summer,38.1,0.1,0,9,12,2,0,0,220,55
14,Trauma,Urban,B-,6,2,Winter,15.8,5.4,3,9,9,1,0,0,223,51
3,Clinic,Urban,O-,5,1,Winter,17.8,4.7,9,6,7,2,0,0,31,40
14,Trauma,Urban,O+,2,2,Winter,16.6,2.4,10,7,10,4,0,0,249,51
20,General,Urban,O+,6,6,Monsoon,29.4,48.0,12,14,8,4,0,0,106,62
8,Clinic,Rural,O-,5,5,Summer,31.0,15.0,0,10,2,3,0,1,57,29
16,General,Semi-Urban,A+,6,11,Summer,33.0,3.0,7,16,5,1,0,0,127,49
1,Trauma,Rural,B+,7,2,Winter,12.4,2.4,7,13,14,8,0,0,237,61
9,General,Urban,O+,7,4,Summer,35.8,13.4,8,18,7,1,0,0,132,57
11,General,Semi-Urban,B+,2,12,Winter,21.7,7.4,0,6,8,2,1,0,127,40
25,General,Semi-Urban,B+,6,1,Winter,20.7,9.4,9,8,9,2,0,0,120,44
6,General,Urban,O+,3,6,Monsoon,29.4,34.4,1,10,11,5,0,0,127,57
7,Trauma,Urban,A+,3,3,Summer,36.5,14.2,5,8,8,4,0,0,224,55
11,General,Semi-Urban,B+,5,7,Monsoon,29.1,80.1,7,11,10,5,0,0,122,60
25,General,Semi-Urban,B+,5,12,Winter,19.8,4.9,3,6,4,8,0,0,134,44
22,Clinic,Urban,A+,3,3,Summer,36.0,9.8,4,10,5,2,0,0,29,44
1,Trauma,Rural,O+,7,5,Summer,32.0,17.8,3,5,14,2,0,1,259,51
6,General,Urban,A+,2,6,Monsoon,26.4,94.5,3,13,6,4,0,0,118,56
21,General,Urban,AB+,1,10,Summer,34.2,7.0,4,12,11,8,0,1,146,55
2,Trauma,Semi-Urban,A+,1,12,Winter,17.0,5.1,8,6,12,1,1,0,237,48
22,Clinic,Urban,B+,6,2,Winter,13.3,2.9,3,6,3,1,0,0,41,33
8,Clinic,Rural,AB-,3,6,Monsoon,23.3,84.2,10,14,6,1,1,0,29,51
23,General,Semi-Urban,B+,4,10,Summer,34.7,5.3,3,13,13,6,0,0,115,56
8,Clinic,Rural,O+,5,1,Winter,20.7,2.6,1,9,4,6,0,0,37,35
11,General,Semi-Urban,AB+,4,10,Summer,34.0,25.6,4,9,5,6,0,0,117,51
17,Trauma,Semi-Urban,B+,5,3,Summer,42.0,7.2,14,11,13,3,0,1,237,63
4,Clinic,Urban,O+,1,7,Monsoon,24.2,225.7,7,17,9,1,0,0,33,58
14,Trauma,Urban,B+,2,12,Winter,19.3,3.4,8,13,11,2,0,0,248,60
13,Clinic,Rural,A+,7,8,Monsoon,30.9,97.9,7,16,2,5,0,0,25,46
20,General,Urban,A+,4,12,Winter,21.2,1.8,3,8,8,5,0,1,150,48
25,General,Semi-Urban,B+,2,8,Monsoon,29.0,131.3,10,15,7,4,0,0,120,59
17,Trauma,Semi-Urban,O+,3,3,Summer,37.2,2.8,10,7,11,4,0,1,260,54
11,General,Semi-Urban,O+,3,9,Monsoon,27.2,67.5,9,7,8,5,0,0,131,56
11,General,Semi-Urban,O+,2,8,Monsoon,32.0,46.3,1,6,4,2,0,0,116,41
11,General,Semi-Urban,O+,3,4,Summer,37.8,3.4,3,7,11,4,0,0,117,50
21,General,Urban,O+,6,1,Winter,15.4,4.9,4,9,8,3,0,0,123,43
9,General,Urban,O+,1,8,Monsoon,28.0,69.5,6,14,8,8,0,0,126,66
5,General,Urban,B+,3,7,Monsoon,22.4,84.1,3,11,9,3,0,1,139,51
9,General,Urban,O+,4,10,Summer,38.6,6.4,4,12,5,5,0,0,129,51
1,Trauma,Rural,AB+,4,2,Winter,18.7,5.6,1,6,7,3,0,0,245,44
3,Clinic,Urban,B+,7,7,Monsoon,31.0,94.0,4,11,2,4,0,1,47,48
3,Clinic,Urban,O+,7,10,Summer,33.7,28.7,4,15,5,1,0,0,38,44
20,General,Urban,B+,3,11,Summer,28.4,6.8,2,12,6,8,0,0,121,54
19,Clinic,Rural,A+,4,12,Winter,25.9,1.9,3,10,4,4,0,0,39,34
18,Trauma,Semi-Urban,B+,1,3,Summer,34.4,15.9,7,11,13,5,0,0,217,62
12,General,Urban,O+,5,3,Summer,31.0,30.7,5,10,5,9,0,1,137,51
18,Trauma,Semi-Urban,A+,2,7,Monsoon,30.4,56.0,2,11,5,5,0,0,204,57
5,General,Urban,A-,1,6,Monsoon,33.1,9.2,1,13,11,8,0,0,122,63
23,General,Semi-Urban,O+,5,3,Summer,33.4,3.9,11,9,7,6,0,0,123,50
13,Clinic,Rural,B+,2,2,Winter,17.7,7.3,1,4,3,3,0,0,36,31
24,Trauma,Rural,O+,4,2,Winter,18.7,2.6,5,7,9,1,0,0,216,45
4,Clinic,Urban,B+,1,5,Summer,30.7,35.0,3,9,8,3,0,0,33,44
13,Clinic,Rural,O+,6,9,Monsoon,24.9,34.2,1,11,7,0,0,0,42,38
18,Trauma,Semi-Urban,O+,6,1,Winter,23.3,4.6,3,4,10,1,0,0,238,47
13,Clinic,Rural,B+,5,2,Winter,17.6,4.6,2,10,1,6,0,0,37,32
12,General,Urban,B+,6,4,Summer,31.5,3.0,5,12,9,3,0,1,155,50
5,General,Urban,A+,4,11,Summer,32.6,3.1,3,12,6,3,0,0,122,48
10,General,Urban,O+,2,12,Winter,21.2,2.6,5,13,11,1,1,0,121,46
6,General,Urban,B+,2,6,Monsoon,21.1,120.2,22,18,17,9,0,0,102,89
8,Clinic,Rural,B+,2,1,Winter,18.8,4.2,1,9,2,6,0,0,40,33
18,Trauma,Semi-Urban,B+,2,1,Winter,25.4,2.8,1,7,11,2,0,1,258,50
16,General,Semi-Urban,B+,3,11,Summer,40.1,9.6,6,7,8,7,0,1,141,47
16,General,Semi-Urban,B+,2,6,Monsoon,28.7,12.6,4,9,10,1,1,0,121,48
10,General,Urban,O+,5,1,Winter,21.9,1.6,3,8,3,6,0,0,143,44
24,Trauma,Rural,O+,2,11,Summer,37.9,2.5,3,10,11,3,0,1,258,58
3,Clinic,Urban,B-,5,7,Monsoon,26.6,102.3,3,18,5,5,0,0,30,52
9,General,Urban,B+,3,5,Summer,36.8,3.9,5,12,7,0,0,0,129,47
3,Clinic,Urban,B+,5,6,Monsoon,32.4,175.4,11,12,4,0,0,1,62,49
9,General,Urban,O+,4,3,Summer,30.2,11.7,2,10,11,3,0,0,125,47
25,General,Semi-Urban,B-,7,12,Winter,19.7,1.5,12,12,8,3,0,0,115,51
10,General,Urban,O+,4,10,Summer,35.1,22.6,4,11,8,1,1,0,124,43
23,General,Semi-Urban,AB+,3,3,Summer,34.3,3.5,8,7,7,3,0,1,136,44
13,Clinic,Rural,A+,5,9,Monsoon,27.0,28.1,2,15,6,2,1,0,41,42
18,Trauma,Semi-Urban,A+,5,3,Summer,34.7,5.1,1,5,16,5,0,0,227,60
12,General,Urban,O+,4,6,Monsoon,27.9,158.1,4,15,11,5,0,0,112,63
7,Trauma,Urban,O+,4,9,Monsoon,30.4,241.0,2,17,17,2,0,0,228,70
20,General,Urban,O+,4,1,Winter,19.4,0.7,9,10,8,5,0,1,148,49
25,General,Semi-Urban,O+,3,9,Monsoon,26.5,320.0,4,32,8,5,0,0,123,73
7,Trauma,Urban,O+,3,3,Summer,31.5,17.4,5,9,11,2,0,0,247,54
20,General,Urban,B+,7,9,Monsoon,25.6,57.6,1,15,11,3,0,0,121,59
7,Trauma,Urban,O+,5,6,Monsoon,27.8,115.4,6,10,13,1,0,0,221,61
18,Trauma,Semi-Urban,O+,1,1,Winter,15.9,6.6,5,8,11,3,0,0,234,50
20,General,Urban,O+,7,10,Summer,36.8,5.4,4,9,10,3,0,0,124,47
12,General,Urban,B+,5,4,Summer,35.3,23.1,4,10,8,7,0,0,133,49
19,Clinic,Rural,O+,1,12,Winter,21.4,3.2,4,3,7,6,0,0,44,33
7,Trauma,Urban,O+,6,11,Summer,32.1,2.4,4,7,11,2,0,0,242,52
2,Trauma,Semi-Urban,B+,5,3,Summer,31.5,17.3,12,9,14,2,0,0,235,61
3,Clinic,Urban,O+,7,8,Monsoon,30.4,204.1,17,21,10,4,0,0,29,60
12,General,Urban,A+,4,5,Summer,34.4,15.1,5,7,2,6,0,0,126,44
23,General,Semi-Urban,B-,4,8,Monsoon,26.4,33.1,1,11,4,6,0,0,116,51
4,Clinic,Urban,O-,3,7,Monsoon,29.1,108.3,8,15,4,4,0,1,42,53
12,General,Urban,A+,3,4,Summer,36.0,13.5,7,7,12,8,0,0,114,57
18,Trauma,Semi-Urban,O-,5,8,Monsoon,23.2,114.9,4,16,11,3,0,0,218,66
6,General,Urban,O+,6,4,Summer,38.2,2.3,4,15,7,5,0,0,128,58
19,Clinic,Rural,B+,7,11,Summer,32.8,2.6,7,12,6,5,0,1,50,49
8,Clinic,Rural,B+,6,12,Winter,23.1,2.0,5,12,5,2,0,0,26,41
21,General,Urban,AB-,5,2,Winter,14.0,5.8,2,11,5,9,0,1,140,49
15,Trauma,Urban,A+,4,9,Monsoon,28.0,127.2,16,9,10,1,0,0,224,67
14,Trauma,Urban,B+,3,12,Winter,17.4,6.2,3,6,15,0,1,0,231,53
5,General,Urban,A+,6,2,Winter,12.1,4.7,2,8,4,5,0,1,153,43
12,General,Urban,O+,3,9,Monsoon,29.0,134.8,8,11,9,7,0,0,117,60
22,Clinic,Urban,B+,2,12,Winter,12.2,3.8,2,13,3,0,1,0,35,34
1,Trauma,Rural,O+,7,3,Summer,33.1,9.9,2,18,16,0,0,0,227,68
19,Clinic,Rural,B+,5,7,Monsoon,30.3,124.4,8,14,1,3,0,0,27,46
13,Clinic,Rural,O+,3,10,Summer,32.4,3.9,2,7,2,0,1,0,42,27
18,Trauma,Semi-Urban,A+,7,5,Summer,31.3,5.0,2,7,10,4,0,0,244,49
17,Trauma,Semi-Urban,A+,7,3,Summer,36.4,3.5,3,14,17,3,0,0,212,65
11,General,Semi-Urban,B+,3,5,Summer,33.3,12.7,1,8,7,10,0,0,112,52
8,Clinic,Rural,A+,4,5,Summer,32.8,4.0,4,8,1,8,0,0,43,38
16,General,Semi-Urban,O+,4,9,Monsoon,30.8,8.1,1,5,4,4,0,1,159,37
4,Clinic,Urban,AB+,5,5,Summer,30.5,3.0,3,10,6,3,0,0,35,43
15,Trauma,Urban,O+,7,5,Summer,32.6,29.7,3,8,9,3,0,1,246,51
3,Clinic,Urban,O+,4,12,Winter,20.6,3.7,1,8,3,1,0,0,36,35
17,Trauma,Semi-Urban,A+,6,7,Monsoon,23.3,157.4,11,24,18,1,0,0,197,84
16,General,Semi-Urban,B+,5,12,Winter,23.3,0.7,1,8,9,5,0,0,113,45
3,Clinic,Urban,B+,7,9,Monsoon,26.3,112.7,5,16,7,1,0,1,45,56
19,Clinic,Rural,B+,3,11,Summer,36.6,3.6,7,4,4,1,0,0,39,27
11,General,Semi-Urban,B+,3,3,Summer,36.6,15.6,8,8,4,2,0,0,125,41
20,General,Urban,B+,3,12,Winter,17.5,6.2,4,7,2,8,0,0,127,43
2,Trauma,Semi-Urban,B+,7,12,Winter,16.6,5.0,6,10,15,0,0,0,232,53
5,General,Urban,O+,5,1,Winter,17.9,3.4,8,1,8,2,0,0,125,42
13,Clinic,Rural,O+,2,5,Summer,36.1,28.6,0,6,2,3,0,0,40,28
5,General,Urban,B+,1,5,Summer,31.0,20.1,5,8,7,7,0,1,152,50
9,General,Urban,B+,4,6,Monsoon,23.4,44.0,6,13,7,9,0,0,124,65
17,Trauma,Semi-Urban,B+,6,10,Summer,38.5,3.8,5,12,19,3,0,0,224,66
4,Clinic,Urban,A+,4,9,Monsoon,24.8,320.0,12,17,4,6,0,0,35,60
17,Trauma,Semi-Urban,A+,4,3,Summer,35.1,6.2,2,7,12,1,0,0,240,52
3,Clinic,Urban,AB-,6,8,Monsoon,26.4,74.0,0,20,3,3,0,1,55,48
5,General,Urban,B+,4,12,Winter,17.5,1.4,2,7,14,8,0,0,128,54
15,Trauma,Urban,B+,7,6,Monsoon,31.3,135.9,7,14,12,1,0,0,223,68
20,General,Urban,B+,5,12,Winter,17.7,1.5,1,7,7,4,0,0,122,40
5,General,Urban,B+,6,8,Monsoon,25.9,81.9,6,13,5,2,0,0,132,54
8,Clinic,Rural,O+,6,12,Winter,17.2,4.3,1,14,5,1,0,0,41,37
24,Trauma,Rural,O+,5,11,Summer,32.5,6.6,3,10,15,3,0,0,211,58
25,General,Semi-Urban,B+,1,1,Winter,16.0,4.3,3,6,7,4,0,1,144,45
15,Trauma,Urban,B+,3,10,Summer,32.5,33.3,3,10,3,7,0,0,246,54
12,General,Urban,O+,1,3,Summer,39.0,13.4,2,2,3,1,0,0,121,40
9,General,Urban,B+,4,10,Summer,36.1,18.3,4,7,6,5,0,0,113,49
16,General,Semi-Urban,O+,2,10,Summer,33.0,8.3,3,6,7,0,1,0,143,30
15,Trauma,Urban,O+,4,4,Summer,36.9,7.7,4,8,12,4,0,0,224,60
8,Clinic,Rural,B+,3,1,Winter,13.2,1.0,6,8,7,0,0,0,34,38
1,Trauma,Rural,A+,1,6,Monsoon,31.1,89.6,3,12,21,6,0,0,225,73
4,Clinic,Urban,B+,1,4,Summer,37.9,22.8,4,14,3,4,0,0,41,53
24,Trauma,Rural,B+,4,7,Monsoon,33.7,124.0,3,14,7,3,0,0,228,56
11,General,Semi-Urban,B+,1,1,Winter,21.0,2.2,3,8,5,6,0,0,123,46
13,Clinic,Rural,O+,6,1,Winter,19.3,2.5,5,6,2,0,0,0,48,29
12,General,Urban,O+,6,6,Monsoon,30.9,230.3,13,18,13,3,0,0,120,78
20,General,Urban,A+,5,10,Summer,32.1,16.1,5,4,6,5,0,0,114,41
2,Trauma,Semi-Urban,O+,2,4,Summer,32.8,19.7,4,9,6,2,0,0,229,44
3,Clinic,Urban,O-,6,4,Summer,33.8,21.4,4,15,4,2,0,0,37,43
7,Trauma,Urban,O-,5,2,Winter,22.1,2.3,10,9,9,4,0,0,234,57
13,Clinic,Rural,O+,3,4,Summer,31.4,7.2,1,5,3,3,0,0,42,35
17,Trauma,Semi-Urban,B+,1,4,Summer,31.1,7.8,1,7,16,6,0,0,227,62
13,Clinic,Rural,O+,4,4,Summer,34.7,7.0,1,15,3,2,0,0,39,39
12,General,Urban,O+,6,5,Summer,36.2,29.1,4,13,4,10,0,1,139,54
24,Trauma,Rural,O+,1,4,Summer,31.9,9.8,11,13,13,10,0,0,216,68
5,General,Urban,O+,1,9,Monsoon,29.0,182.4,5,18,11,4,0,0,119,67
15,Trauma,Urban,A+,3,5,Summer,38.1,10.1,5,8,19,3,0,1,254,68
14,Trauma,Urban,O+,4,10,Summer,37.6,10.6,3,5,15,2,0,0,225,56
12,General,Urban,O+,4,8,Monsoon,28.1,14.3,2,11,5,7,0,0,124,56
21,General,Urban,A+,3,8,Monsoon,26.7,55.2,6,9,7,6,0,1,151,58
7,Trauma,Urban,O+,2,8,Monsoon,32.2,204.4,15,10,21,4,0,0,225,83
24,Trauma,Rural,A+,1,12,Winter,18.0,8.3,4,11,14,2,1,0,231,52
9,General,Urban,O+,1,4,Summer,36.8,7.3,4,13,9,7,0,0,114,59
14,Trauma,Urban,AB+,1,12,Winter,23.9,0.3,4,10,9,3,0,1,245,55
14,Trauma,Urban,A-,5,3,Summer,36.5,4.9,6,7,14,2,1,0,229,53
22,Clinic,Urban,A+,6,2,Winter,15.0,2.1,9,14,5,2,0,0,29,46
11,General,Semi-Urban,B+,4,10,Summer,30.3,7.3,10,4,5,5,0,0,127,42
8,Clinic,Rural,O+,1,11,Summer,33.1,7.3,13,10,5,2,0,0,34,37
1,Trauma,Rural,B+,3,2,Winter,20.1,3.3,5,6,10,3,1,0,238,47
10,General,Urban,A+,7,8,Monsoon,28.3,33.9,10,14,5,6,0,0,117,59
21,General,Urban,AB+,2,7,Monsoon,33.6,74.6,9,11,6,5,0,0,117,61
1,Trauma,Rural,O+,4,3,Summer,35.3,14.0,9,6,13,3,0,0,254,56
23,General,Semi-Urban,B+,4,7,Monsoon,26.0,57.3,1,8,6,11,0,0,120,51
14,Trauma,Urban,AB+,3,9,Monsoon,23.6,86.1,13,10,14,6,0,0,237,73
4,Clinic,Urban,B+,4,7,Monsoon,30.5,226.3,23,10,10,2,0,0,35,60
8,Clinic,Rural,B+,4,7,Monsoon,27.0,127.6,5,10,6,3,0,0,26,45
14,Trauma,Urban,A+,4,11,Summer,29.5,16.3,4,12,14,3,1,0,222,57
8,Clinic,Rural,B+,6,3,Summer,34.1,8.3,6,16,6,0,0,0,26,40
3,Clinic,Urban,B+,5,8,Monsoon,24.0,52.1,10,10,3,1,0,1,61,49
17,Trauma,Semi-Urban,O+,1,4,Summer,32.7,10.7,7,8,12,2,0,0,243,52
17,Trauma,Semi-Urban,A+,1,12,Winter,18.0,4.6,1,7,8,6,0,0,218,56
3,Clinic,Urban,B+,3,4,Summer,31.3,13.3,4,10,3,3,0,1,52,38
8,Clinic,Rural,O+,7,11,Summer,32.5,12.3,0,13,3,0,0,0,41,31
7,Trauma,Urban,AB+,1,8,Monsoon,24.8,141.6,5,14,12,7,0,0,233,73
17,Trauma,Semi-Urban,B+,1,3,Summer,31.8,15.4,2,7,13,3,0,0,224,53
19,Clinic,Rural,AB+,5,10,Summer,31.0,19.4,0,8,5,2,0,0,38,32
19,Clinic,Rural,B+,4,3,Summer,32.6,5.2,8,6,4,2,0,0,33,34
24,Trauma,Rural,B+,2,4,Summer,31.3,3.8,4,6,15,1,0,1,260,55
20,General,Urban,O+,2,5,Summer,35.8,31.1,7,13,13,6,0,0,110,61
9,General,Urban,O+,5,9,Monsoon,27.6,8.2,1,11,6,11,0,0,120,52
3,Clinic,Urban,B-,4,5,Summer,37.6,4.2,4,8,2,3,0,0,34,40
16,General,Semi-Urban,O+,5,7,Monsoon,32.7,60.7,3,10,5,4,0,0,116,52
23,General,Semi-Urban,B+,2,7,Monsoon,29.0,181.2,10,17,10,9,0,0,130,68
25,General,Semi-Urban,B+,4,3,Summer,35.3,3.6,2,5,4,5,0,0,136,39
6,General,Urban,B+,7,3,Summer,36.2,1.8,4,15,9,4,0,0,121,55
6,General,Urban,O+,3,4,Summer,35.4,5.5,3,11,8,11,0,0,120,57
1,Trauma,Rural,O+,3,3,Summer,34.2,7.5,1,6,6,5,0,0,255,42
4,Clinic,Urban,O-,2,12,Winter,17.9,3.4,2,6,3,2,0,1,62,31
14,Trauma,Urban,B+,5,5,Summer,30.9,16.6,5,11,13,1,0,0,226,59
14,Trauma,Urban,O+,1,5,Summer,36.5,20.7,7,3,14,2,0,0,239,56
10,General,Urban,O+,2,9,Monsoon,26.9,22.9,4,6,4,10,0,0,110,52
8,Clinic,Rural,A+,5,10,Summer,38.3,0.8,10,5,6,1,0,0,36,38
21,General,Urban,B-,1,9,Monsoon,29.7,83.3,8,5,3,7,0,0,118,51
12,General,Urban,B+,7,7,Monsoon,25.1,27.8,1,8,6,5,0,0,114,49
21,General,Urban,AB+,3,12,Winter,21.7,2.0,6,10,7,7,0,0,122,52
25,General,Semi-Urban,A+,3,11,Summer,26.3,8.7,4,8,5,5,0,0,117,44
8,Clinic,Rural,B+,4,3,Summer,39.8,7.3,0,10,5,5,0,0,40,43
6,General,Urban,B+,5,2,Winter,14.0,0.5,7,10,11,3,0,0,126,51
24,Trauma,Rural,A+,4,5,Summer,35.5,12.5,3,11,13,3,0,0,212,59
16,General,Semi-Urban,A+,7,11,Summer,35.3,38.9,3,11,5,4,0,0,119,45
8,Clinic,Rural,B-,7,12,Winter,21.4,2.9,5,11,8,2,0,0,35,36
16,General,Semi-Urban,B+,2,9,Monsoon,26.0,292.4,15,20,9,6,0,1,142,75
13,Clinic,Rural,B+,5,9,Monsoon,20.6,8.0,6,8,3,4,0,0,40,40
23,General,Semi-Urban,A+,3,3,Summer,33.0,5.4,8,12,5,4,0,0,119,45
7,Trauma,Urban,O-,7,8,Monsoon,26.3,237.6,6,18,13,1,0,1,246,70
25,General,Semi-Urban,A+,2,3,Summer,27.9,5.2,4,13,8,5,0,0,123,54
24,Trauma,Rural,AB+,3,7,Monsoon,27.1,94.2,15,8,11,6,0,0,207,66
5,General,Urban,O+,5,3,Summer,30.8,10.5,2,10,8,4,0,0,125,50
5,General,Urban,B+,6,1,Winter,19.9,2.4,6,17,9,4,0,0,116,56
14,Trauma,Urban,B+,1,12,Winter,17.3,6.0,1,9,11,4,0,0,229,55
2,Trauma,Semi-Urban,O+,4,11,Summer,39.9,10.8,7,7,12,7,0,1,246,56
8,Clinic,Rural,B+,3,9,Monsoon,26.2,128.9,4,15,4,5,0,0,36,48
11,General,Semi-Urban,B+,5,8,Monsoon,28.3,241.5,23,10,8,5,0,0,113,69
25,General,Semi-Urban,B+,4,3,Summer,33.4,21.3,4,12,9,5,0,0,120,53
25,General,Semi-Urban,AB-,7,7,Monsoon,22.1,32.2,4,11,6,5,0,0,125,52
4,Clinic,Urban,O+,7,9,Monsoon,26.4,320.0,22,23,5,1,0,0,27,60
23,General,Semi-Urban,O+,5,7,Monsoon,29.3,114.4,6,10,1,7,0,0,121,48
3,Clinic,Urban,O+,5,4,Summer,35.8,9.1,5,12,3,1,0,0,39,41
19,Clinic,Rural,A+,7,5,Summer,33.1,3.5,7,20,9,1,0,1,68,51
22,Clinic,Urban,B+,2,11,Summer,29.6,11.3,2,12,1,4,0,0,38,38
23,General,Semi-Urban,B+,6,4,Summer,35.9,5.8,3,12,7,4,0,0,131,48
6,General,Urban,O+,6,12,Winter,19.3,0.8,4,14,11,0,0,1,145,53
23,General,Semi-Urban,B+,1,10,Summer,36.5,3.8,3,9,10,3,0,0,126,49
3,Clinic,Urban,B+,7,11,Summer,33.2,2.2,9,13,7,0,1,0,39,41
13,Clinic,Rural,O+,5,7,Monsoon,21.9,10.5,5,10,2,2,0,0,39,40
12,General,Urban,A+,3,3,Summer,35.6,8.0,5,12,7,6,0,0,120,48
8,Clinic,Rural,O-,4,1,Winter,18.0,2.8,3,10,3,1,0,0,40,32
1,Trauma,Rural,B+,4,7,Monsoon,31.2,103.8,9,11,8,3,0,0,218,63
20,General,Urban,O+,7,5,Summer,34.1,15.8,7,6,5,5,0,0,122,41
9,General,Urban,A+,7,2,Winter,17.9,2.0,1,13,9,5,0,0,126,52
17,Trauma,Semi-Urban,B+,6,12,Winter,19.3,2.2,0,9,9,2,0,0,242,49
11,General,Semi-Urban,O+,5,12,Winter,16.2,3.6,7,5,9,12,0,0,136,52
10,General,Urban,B+,1,5,Summer,32.1,4.0,3,9,5,6,0,0,133,45
23,General,Semi-Urban,A+,7,9,Monsoon,26.7,125.5,10,19,3,2,0,0,100,64
3,Clinic,Urban,O+,1,5,Summer,31.2,8.3,8,6,2,3,0,1,64,39
19,Clinic,Rural,A+,2,6,Monsoon,26.3,140.1,7,16,9,5,0,0,29,55
19,Clinic,Rural,O+,1,8,Monsoon,32.8,84.3,5,13,5,1,0,0,36,46
10,General,Urban,B+,7,5,Summer,37.1,9.0,3,14,11,4,0,0,118,54
7,Trauma,Urban,O+,4,10,Summer,34.9,24.0,4,10,12,5,0,1,261,60
1,Trauma,Rural,O+,2,3,Summer,38.7,2.5,3,6,13,4,0,0,218,54
24,Trauma,Rural,O+,1,9,Monsoon,24.5,100.6,13,10,13,1,0,0,232,63
24,Trauma,Rural,O+,3,12,Winter,25.5,8.9,10,7,16,2,0,1,264,55
7,Trauma,Urban,B+,6,11,Summer,32.6,12.1,4,21,6,2,0,0,230,64
1,Trauma,Rural,A+,7,1,Winter,24.0,3.0,1,8,14,4,0,1,235,57
4,Clinic,Urban,O+,4,2,Winter,24.0,5.8,1,6,4,2,0,1,54,36
2,Trauma,Semi-Urban,O+,5,8,Monsoon,21.7,51.1,3,10,7,6,0,0,238,60
21,General,Urban,B+,6,12,Winter,22.4,2.5,8,10,9,5,0,0,116,54
23,General,Semi-Urban,O+,7,11,Summer,33.1,3.5,7,12,9,4,0,0,119,52
4,Clinic,Urban,B+,2,11,Summer,32.3,6.5,5,11,4,4,0,0,34,40
19,Clinic,Rural,B+,7,2,Winter,19.6,4.8,3,19,2,3,0,0,38,46
5,General,Urban,B+,4,7,Monsoon,24.0,64.2,7,12,7,4,0,0,135,60
10,General,Urban,A+,7,9,Monsoon,28.5,37.2,0,10,10,4,0,1,137,53
15,Trauma,Urban,B+,1,8,Monsoon,24.2,172.0,8,10,14,6,0,0,220,73
18,Trauma,Semi-Urban,O+,1,10,Summer,34.5,22.5,4,5,3,4,0,1,253,42
22,Clinic,Urban,A+,7,3,Summer,38.0,5.4,7,11,9,7,0,0,25,51
2,Trauma,Semi-Urban,B+,5,6,Monsoon,28.2,156.1,4,12,13,4,0,0,253,67
5,General,Urban,O-,2,6,Monsoon,25.9,117.5,10,17,4,8,0,0,119,63
8,Clinic,Rural,B+,7,12,Winter,19.6,3.6,7,12,2,3,0,0,30,40
8,Clinic,Rural,B+,1,3,Summer,29.8,32.5,0,8,5,4,0,0,35,36
25,General,Semi-Urban,O+,5,4,Summer,31.5,14.0,5,14,5,9,0,0,139,52
20,General,Urban,B+,2,1,Winter,16.7,1.7,4,12,6,5,0,0,122,48
9,General,Urban,A+,1,2,Winter,20.4,2.3,3,7,7,8,0,0,117,50
25,General,Semi-Urban,A+,6,12,Winter,19.2,0.7,6,16,8,3,0,0,131,53
13,Clinic,Rural,O+,6,11,Summer,35.6,16.2,3,16,3,2,0,0,35,42
13,Clinic,Rural,O+,1,4,Summer,33.9,32.2,5,9,8,3,0,0,39,40
11,General,Semi-Urban,O+,1,9,Monsoon,24.6,100.8,13,12,3,10,0,0,106,63
4,Clinic,Urban,AB+,5,8,Monsoon,31.5,90.7,4,11,3,1,0,0,35,41
24,Trauma,Rural,B+,1,11,Summer,31.9,19.9,3,14,18,4,0,1,249,63
1,Trauma,Rural,O+,6,4,Summer,35.3,17.7,7,14,13,1,0,0,227,59
5,General,Urban,B+,7,12,Winter,17.7,7.2,4,8,8,2,0,0,121,43
6,General,Urban,O+,6,5,Summer,35.7,10.7,2,14,6,2,0,0,112,54
7,Trauma,Urban,A+,2,9,Monsoon,25.2,107.4,7,12,9,7,0,1,276,69
4,Clinic,Urban,O+,2,5,Summer,37.2,10.3,4,5,1,4,0,0,34,33
1,Trauma,Rural,B+,5,9,Monsoon,31.1,26.9,4,5,5,6,0,0,223,50
17,Trauma,Semi-Urban,A+,1,5,Summer,37.0,4.2,5,3,10,3,1,0,230,47
25,General,Semi-Urban,B+,4,11,Summer,34.5,6.3,1,5,7,4,0,0,134,42
4,Clinic,Urban,B+,4,8,Monsoon,25.7,26.0,4,7,3,1,0,0,44,37
8,Clinic,Rural,B+,6,4,Summer,42.0,12.3,3,12,2,2,0,0,29,41
13,Clinic,Rural,O+,2,12,Winter,15.0,6.0,1,6,2,1,0,0,38,31
24,Trauma,Rural,B+,6,9,Monsoon,29.6,51.6,0,10,16,2,0,0,208,58
18,Trauma,Semi-Urban,A+,5,6,Monsoon,28.0,15.6,6,12,12,6,0,0,215,64
20,General,Urban,O+,2,2,Winter,17.8,1.6,7,9,4,7,0,0,129,43
15,Trauma,Urban,B+,3,12,Winter,18.6,2.5,0,6,12,3,0,0,232,55
11,General,Semi-Urban,B+,1,10,Summer,32.5,19.8,3,10,10,4,0,1,144,50
5,General,Urban,AB+,4,9,Monsoon,28.3,82.6,13,8,10,7,0,0,120,62
22,Clinic,Urban,O+,2,10,Summer,35.0,11.4,9,5,3,4,0,0,38,36
21,General,Urban,B+,1,8,Monsoon,35.0,110.9,5,12,12,7,0,0,126,63
1,Trauma,Rural,B+,4,3,Summer,37.2,22.1,3,9,8,7,0,0,250,59
18,Trauma,Semi-Urban,B+,4,3,Summer,35.5,31.3,7,9,18,3,0,0,235,63
3,Clinic,Urban,B+,1,1,Winter,19.7,2.0,1,3,4,4,0,0,34,34
19,Clinic,Rural,AB+,2,1,Winter,23.5,3.1,3,8,2,5,0,0,36,37
21,General,Urban,A+,1,9,Monsoon,24.1,51.7,15,14,13,2,0,0,123,68
4,Clinic,Urban,AB+,5,11,Summer,33.5,15.1,4,7,3,1,0,1,62,36
11,General,Semi-Urban,A+,3,2,Winter,12.3,0.5,7,7,10,4,0,0,117,43
4,Clinic,Urban,A+,1,7,Monsoon,28.7,253.6,15,21,3,4,0,0,30,60
15,Trauma,Urban,B+,2,2,Winter,20.5,4.6,5,8,5,4,0,0,228,54
24,Trauma,Rural,O-,7,5,Summer,31.0,14.5,1,12,8,4,0,0,225,55
3,Clinic,Urban,B+,2,10,Summer,38.3,5.8,1,9,3,3,0,0,35,39
10,General,Urban,O+,5,10,Summer,31.8,7.9,1,6,2,6,0,0,122,40
25,General,Semi-Urban,O+,4,12,Winter,17.0,1.0,12,10,3,1,1,0,128,37
8,Clinic,Rural,O-,2,4,Summer,34.4,5.6,3,3,2,3,0,0,38,26
4,Clinic,Urban,O+,3,12,Winter,22.8,6.3,2,5,1,2,0,1,65,29
13,Clinic,Rural,O+,1,10,Summer,31.4,2.3,6,9,3,3,0,0,35,40
13,Clinic,Rural,O+,6,5,Summer,34.9,42.4,3,13,2,1,0,0,28,40
17,Trauma,Semi-Urban,B+,3,4,Summer,36.3,25.2,4,6,8,6,0,0,237,54
8,Clinic,Rural,A+,4,2,Winter,19.7,4.1,5,4,2,4,0,0,42,28
24,Trauma,Rural,A+,2,12,Winter,19.8,1.5,4,12,8,7,0,0,230,58
14,Trauma,Urban,A+,6,3,Summer,36.3,18.3,5,19,15,4,0,0,225,76
8,Clinic,Rural,O+,2,4,Summer,32.3,17.1,5,10,2,3,0,0,43,32
25,General,Semi-Urban,A+,4,5,Summer,39.1,6.8,3,5,6,6,0,0,141,42
24,Trauma,Rural,O+,7,2,Winter,17.7,4.6,18,12,12,3,0,0,190,64
13,Clinic,Rural,B+,5,10,Summer,33.3,8.8,3,7,5,3,0,0,40,31
1,Trauma,Rural,O-,5,9,Monsoon,31.0,14.1,7,9,21,4,0,0,248,73
15,Trauma,Urban,A-,7,2,Winter,16.1,1.0,3,12,8,4,0,1,258,55
14,Trauma,Urban,O+,2,2,Winter,19.0,7.0,5,5,10,9,0,0,226,59
4,Clinic,Urban,B+,7,1,Winter,15.8,2.2,5,11,5,0,0,0,36,37
16,General,Semi-Urban,B+,4,12,Winter,25.6,1.7,9,11,7,7,0,0,135,52
22,Clinic,Urban,O+,3,6,Monsoon,33.9,88.3,4,12,5,3,0,0,38,54
3,Clinic,Urban,A+,2,8,Monsoon,26.7,9.6,2,6,4,3,1,0,38,38
19,Clinic,Rural,O+,6,2,Winter,19.6,3.2,2,9,3,0,0,0,43,31
4,Clinic,Urban,B+,7,3,Summer,34.0,12.9,5,9,6,1,0,0,40,37
19,Clinic,Rural,O+,5,7,Monsoon,26.0,126.6,5,17,6,1,0,0,27,46
11,General,Semi-Urban,B+,1,3,Summer,34.4,4.3,2,7,3,4,0,0,130,37
1,Trauma,Rural,B+,4,8,Monsoon,26.9,50.2,6,10,16,9,0,0,224,69
25,General,Semi-Urban,B+,6,12,Winter,13.4,3.6,3,10,8,2,1,0,114,45
5,General,Urban,O+,3,4,Summer,34.8,4.6,9,12,2,8,0,0,122,50
15,Trauma,Urban,O+,6,8,Monsoon,26.9,96.4,7,18,8,1,1,0,228,65
5,General,Urban,A+,5,11,Summer,34.9,12.3,3,5,7,7,0,0,120,48
24,Trauma,Rural,O-,1,11,Summer,33.8,1.0,6,6,8,4,0,0,200,50
19,Clinic,Rural,B+,4,1,Winter,16.9,6.2,10,6,4,5,0,0,40,37
21,General,Urban,O+,2,2,Winter,20.6,1.4,3,12,4,6,0,1,146,51
11,General,Semi-Urban,AB+,4,12,Winter,19.6,3.3,0,7,8,7,0,0,122,47
12,General,Urban,B+,3,12,Winter,22.2,10.7,6,9,14,7,0,0,120,56
16,General,Semi-Urban,O+,6,4,Summer,35.5,5.3,7,7,7,3,0,0,122,47
20,General,Urban,B+,7,7,Monsoon,26.4,111.5,8,18,7,7,0,0,109,67
22,Clinic,Urban,A+,4,7,Monsoon,28.9,298.0,10,30,2,2,0,0,26,60
1,Trauma,Rural,O+,4,9,Monsoon,21.1,123.3,19,12,11,5,0,0,216,73
17,Trauma,Semi-Urban,B+,5,10,Summer,40.3,25.0,7,9,9,1,1,0,234,51
3,Clinic,Urban,B+,5,5,Summer,34.8,3.8,3,10,9,1,1,0,37,37
8,Clinic,Rural,O-,5,11,Summer,40.6,31.2,5,7,6,2,0,0,38,34
21,General,Urban,A+,6,1,Winter,15.4,0.5,2,10,7,2,0,0,120,51
7,Trauma,Urban,A+,7,1,Winter,14.6,4.8,5,16,6,4,0,0,232,59
20,General,Urban,A+,6,12,Winter,19.1,3.2,3,16,6,5,0,0,106,55
12,General,Urban,A+,1,3,Summer,35.1,8.6,5,6,4,5,0,1,150,44
6,General,Urban,AB+,4,12,Winter,19.0,2.1,4,15,7,5,0,0,128,50
9,General,Urban,O+,4,4,Summer,34.6,17.8,6,12,9,7,0,1,139,60
14,Trauma,Urban,O+,4,5,Summer,32.1,5.9,8,13,10,0,0,0,221,55
20,General,Urban,O+,4,1,Winter,13.5,2.2,4,11,7,7,0,0,127,56
16,General,Semi-Urban,O+,6,12,Winter,18.8,4.8,6,13,10,2,0,0,134,54
24,Trauma,Rural,AB+,3,5,Summer,30.2,24.3,4,13,9,2,0,0,222,52
22,Clinic,Urban,B+,2,3,Summer,29.9,10.2,2,6,6,5,0,0,40,38
19,Clinic,Rural,O+,4,6,Monsoon,25.9,219.9,21,12,5,1,0,0,37,60
16,General,Semi-Urban,O+,6,2,Winter,19.3,3.7,5,12,5,5,0,0,124,49
8,Clinic,Rural,A+,3,10,Summer,40.0,11.9,8,4,3,4,0,0,36,37
11,General,Semi-Urban,B+,1,1,Winter,20.9,16.9,5,9,9,2,0,0,115,48
3,Clinic,Urban,A+,7,6,Monsoon,31.3,106.3,16,15,8,0,0,1,52,60
10,General,Urban,B+,2,5,Summer,36.0,40.3,7,6,7,5,0,0,130,46
24,Trauma,Rural,B+,5,1,Winter,19.1,16.0,2,13,15,4,0,0,218,63
11,General,Semi-Urban,B+,6,1,Winter,25.5,1.1,4,14,9,3,0,0,124,47
3,Clinic,Urban,A+,2,7,Monsoon,23.0,43.4,12,12,1,2,0,0,37,53
17,Trauma,Semi-Urban,O+,3,5,Summer,32.8,2.2,3,13,10,3,0,0,244,65
25,General,Semi-Urban,O+,2,2,Winter,17.0,5.4,1,6,5,5,0,0,134,38
22,Clinic,Urban,B+,2,2,Winter,20.7,5.4,3,9,1,6,0,0,39,38
7,Trauma,Urban,O+,2,10,Summer,31.1,7.0,6,11,16,6,0,0,230,63
12,General,Urban,A+,2,9,Monsoon,29.3,8.0,1,7,11,7,0,1,164,53
14,Trauma,Urban,O+,4,8,Monsoon,28.7,110.1,20,8,17,6,0,0,242,79
7,Trauma,Urban,O+,4,11,Summer,36.4,2.4,4,3,8,2,0,0,245,46
7,Trauma,Urban,O+,1,1,Winter,20.4,2.7,0,5,9,6,0,0,245,53
6,General,Urban,B+,6,9,Monsoon,31.6,136.9,8,13,3,6,0,0,107,63
25,General,Semi-Urban,B+,5,10,Summer,33.9,12.6,4,9,11,5,0,0,128,54
19,Clinic,Rural,B+,1,3,Summer,35.6,24.2,7,11,5,6,0,0,41,46
22,Clinic,Urban,O+,6,7,Monsoon,24.8,66.4,8,12,3,3,0,0,35,48
21,General,Urban,O-,1,10,Summer,31.1,6.0,0,5,4,7,0,1,145,44
24,Trauma,Rural,B-,4,8,Monsoon,32.3,38.0,7,9,12,6,0,0,235,63
3,Clinic,Urban,B+,4,3,Summer,31.6,19.1,2,11,4,1,1,0,44,37
23,General,Semi-Urban,A+,4,8,Monsoon,28.9,76.2,16,6,14,7,0,0,124,65
2,Trauma,Semi-Urban,AB+,7,10,Summer,35.6,5.7,9,15,15,6,0,0,232,68
12,General,Urban,B+,7,1,Winter,21.5,4.3,2,13,9,2,0,1,137,53
15,Trauma,Urban,B+,2,7,Monsoon,22.0,16.2,7,8,13,3,0,1,236,62
9,General,Urban,A+,5,7,Monsoon,29.7,84.7,10,5,6,4,0,0,120,50
4,Clinic,Urban,B+,7,5,Summer,33.8,13.9,6,12,4,0,0,0,47,36
5,General,Urban,B+,6,1,Winter,16.2,4.4,5,13,11,7,0,0,123,56
21,General,Urban,AB+,7,2,Winter,17.2,9.2,6,10,7,0,0,0,134,46
8,Clinic,Rural,B+,4,10,Summer,37.1,8.7,5,6,3,0,1,0,38,23
8,Clinic,Rural,B+,2,10,Summer,36.2,14.0,8,8,4,5,0,0,33,41
24,Trauma,Rural,B+,4,6,Monsoon,26.6,112.1,5,5,12,8,0,0,219,60
4,Clinic,Urban,A+,6,12,Winter,14.6,3.0,6,13,5,3,0,0,29,43
23,General,Semi-Urban,O+,7,12,Winter,14.8,1.0,4,13,7,10,0,0,119,55
24,Trauma,Rural,O+,5,8,Monsoon,29.3,143.4,10,14,10,11,0,0,224,74
15,Trauma,Urban,A+,5,7,Monsoon,23.2,7.8,3,8,14,3,0,0,251,62
5,General,Urban,O+,4,12,Winter,17.6,1.1,6,9,5,6,0,0,137,47
4,Clinic,Urban,B+,3,8,Monsoon,35.0,62.2,5,10,4,0,1,0,40,39
8,Clinic,Rural,O+,3,12,Winter,19.4,1.1,4,11,4,2,0,0,34,36
15,Trauma,Urban,B+,4,12,Winter,20.2,3.4,2,8,9,2,0,1,255,52
4,Clinic,Urban,O+,6,3,Summer,30.8,25.9,2,10,4,4,0,0,37,41
12,General,Urban,B+,4,8,Monsoon,23.3,280.5,29,22,7,6,0,1,127,92
3,Clinic,Urban,B+,6,9,Monsoon,29.4,78.0,13,13,4,1,0,0,22,54
14,Trauma,Urban,B+,1,10,Summer,33.2,14.9,4,2,7,5,0,0,219,46
1,Trauma,Rural,O+,6,5,Summer,37.5,11.7,1,12,13,3,0,0,243,60
18,Trauma,Semi-Urban,O+,4,11,Summer,34.4,10.3,1,9,11,6,0,0,213,54
2,Trauma,Semi-Urban,B+,7,6,Monsoon,37.7,75.1,5,21,14,2,0,0,230,78
5,General,Urban,O-,4,5,Summer,32.6,36.2,4,18,9,8,0,0,123,60
5,General,Urban,B+,4,2,Winter,19.2,0.3,5,8,4,4,0,0,125,43
21,General,Urban,AB+,1,4,Summer,31.6,21.8,6,12,8,5,0,0,111,53
2,Trauma,Semi-Urban,AB-,6,12,Winter,21.4,1.5,2,11,5,3,0,0,239,46
11,General,Semi-Urban,A+,5,9,Monsoon,28.6,67.6,5,9,17,9,0,0,129,59
15,Trauma,Urban,A+,7,9,Monsoon,24.4,27.9,7,11,14,3,0,0,228,69
13,Clinic,Rural,B+,1,11,Summer,33.3,3.3,3,11,5,2,0,0,34,45
18,Trauma,Semi-Urban,B+,2,4,Summer,38.4,24.3,12,9,11,5,0,0,239,58
21,General,Urban,O+,7,8,Monsoon,31.1,47.2,7,15,6,3,0,0,122,60
10,General,Urban,B+,1,5,Summer,30.1,11.4,3,3,3,8,0,0,129,44
21,General,Urban,B+,4,11,Summer,32.9,16.4,5,6,5,1,1,0,130,36
8,Clinic,Rural,A+,3,6,Monsoon,32.8,220.3,6,19,1,2,0,0,37,46
25,General,Semi-Urban,O+,7,11,Summer,33.8,3.4,3,13,8,2,0,0,116,50
13,Clinic,Rural,B+,6,9,Monsoon,27.9,230.0,15,26,9,5,0,0,21,60
19,Clinic,Rural,A+,7,10,Summer,37.4,13.6,7,12,4,1,0,0,33,37
22,Clinic,Urban,A+,3,12,Winter,14.3,3.8,11,3,6,0,0,0,34,34
20,General,Urban,O+,5,10,Summer,31.5,8.6,12,6,3,4,0,0,123,45
22,Clinic,Urban,B+,5,4,Summer,33.3,7.5,9,7,9,5,0,0,42,46
14,Trauma,Urban,B+,7,7,Monsoon,30.9,17.0,6,10,16,5,0,0,207,74
2,Trauma,Semi-Urban,B+,1,6,Monsoon,30.4,188.5,8,13,7,10,0,0,212,66
13,Clinic,Rural,O+,7,1,Winter,20.5,0.9,3,11,4,1,0,0,44,35
5,General,Urban,O+,3,8,Monsoon,26.9,50.0,1,13,4,7,0,1,143,52
23,General,Semi-Urban,O+,1,6,Monsoon,30.7,168.9,14,18,7,5,0,0,109,67
6,General,Urban,O+,5,5,Summer,33.8,10.2,2,12,10,7,0,0,107,54
6,General,Urban,A+,6,2,Winter,20.0,1.1,3,13,9,3,0,0,123,48
7,Trauma,Urban,B+,1,7,Monsoon,30.0,145.0,5,16,14,8,0,0,236,74
17,Trauma,Semi-Urban,B-,1,7,Monsoon,32.4,56.1,5,5,16,5,0,0,220,64
15,Trauma,Urban,A+,7,2,Winter,18.1,1.9,8,10,13,1,1,0,213,57
24,Trauma,Rural,O+,7,8,Monsoon,26.2,25.6,2,5,11,2,0,0,248,52
11,General,Semi-Urban,O+,2,3,Summer,38.2,7.1,4,7,5,4,0,0,118,47
8,Clinic,Rural,O+,7,2,Winter,22.4,2.4,2,12,2,0,0,0,35,33
2,Trauma,Semi-Urban,O+,7,5,Summer,32.7,16.1,4,10,11,2,0,0,230,55
1,Trauma,Rural,O+,7,5,Summer,31.0,5.6,4,12,12,0,0,0,214,52
10,General,Urban,B+,2,11,Summer,38.0,27.8,6,9,8,4,0,1,149,47
24,Trauma,Rural,B+,5,1,Winter,13.4,7.1,1,10,12,4,0,0,242,54
14,Trauma,Urban,O-,7,5,Summer,29.2,24.8,2,13,9,3,0,1,270,63
23,General,Semi-Urban,A+,7,9,Monsoon,26.5,92.3,1,19,4,4,0,1,149,53
3,Clinic,Urban,B-,5,3,Summer,34.3,19.7,7,11,6,3,0,1,60,48
3,Clinic,Urban,O+,2,12,Winter,14.8,5.3,3,9,4,4,0,0,32,36
21,General,Urban,O+,1,9,Monsoon,27.7,159.6,6,20,2,4,0,1,153,56
3,Clinic,Urban,A+,2,12,Winter,18.8,7.0,3,8,3,4,0,1,61,36
2,Trauma,Semi-Urban,O+,1,12,Winter,16.6,5.4,4,17,8,3,0,0,232,58
11,General,Semi-Urban,A+,2,2,Winter,24.1,5.5,0,12,5,5,0,0,122,46
24,Trauma,Rural,B-,1,6,Monsoon,28.3,127.1,9,18,13,4,0,0,226,75
18,Trauma,Semi-Urban,A+,6,9,Monsoon,30.4,135.8,9,12,16,1,0,0,220,70
3,Clinic,Urban,O+,5,1,Winter,13.6,3.4,0,3,5,4,0,0,43,28
21,General,Urban,O+,4,6,Monsoon,22.6,50.4,6,16,15,5,0,0,122,68
22,Clinic,Urban,A+,6,9,Monsoon,28.4,32.1,13,18,3,3,0,0,31,60
21,General,Urban,O+,3,10,Summer,39.6,3.2,4,4,9,2,1,0,129,42
23,General,Semi-Urban,O+,3,5,Summer,31.0,4.5,4,12,5,7,0,0,129,47
6,General,Urban,B+,2,11,Summer,34.4,23.4,2,8,5,3,0,0,122,45
25,General,Semi-Urban,O+,4,9,Monsoon,23.3,210.9,12,17,11,6,0,0,115,70
9,General,Urban,A+,2,1,Winter,15.8,5.3,5,9,9,8,0,0,110,53
21,General,Urban,B+,5,4,Summer,34.6,13.9,2,8,15,7,0,0,133,58
15,Trauma,Urban,B+,7,12,Winter,16.5,0.6,2,12,15,3,0,0,209,60
20,General,Urban,B+,4,1,Winter,14.1,3.0,7,6,10,4,0,0,120,49
16,General,Semi-Urban,A+,3,2,Winter,14.0,1.8,5,4,4,8,0,0,121,43
17,Trauma,Semi-Urban,O+,5,5,Summer,28.3,6.5,4,8,18,3,0,0,232,60
16,General,Semi-Urban,O+,6,12,Winter,19.4,3.6,4,15,9,2,0,0,121,52
20,General,Urban,O-,4,9,Monsoon,28.8,130.7,6,9,7,6,0,0,126,56
19,Clinic,Rural,A+,2,2,Winter,19.8,3.3,2,10,5,2,0,0,35,39
4,Clinic,Urban,O+,5,5,Summer,31.3,46.4,4,14,4,1,0,0,28,40
21,General,Urban,O+,2,12,Winter,21.0,3.9,3,3,11,6,0,0,128,45
14,Trauma,Urban,O+,7,3,Summer,36.1,1.7,7,8,12,5,0,0,220,56
9,General,Urban,O+,3,7,Monsoon,27.0,248.2,7,9,5,6,0,0,117,51
13,Clinic,Rural,O+,3,6,Monsoon,26.5,80.2,4,14,7,5,0,0,27,49
25,General,Semi-Urban,B+,6,10,Summer,32.1,30.5,1,14,6,2,0,1,157,47
22,Clinic,Urban,O+,1,10,Summer,34.6,3.1,0,8,2,0,0,0,38,31
21,General,Urban,A+,2,10,Summer,38.9,5.6,4,8,3,2,0,0,119,45
12,General,Urban,A+,1,2,Winter,21.4,1.3,9,5,9,3,0,0,136,48
20,General,Urban,O+,3,6,Monsoon,26.2,160.2,6,15,8,9,0,0,111,65
10,General,Urban,B+,4,9,Monsoon,28.6,187.8,7,15,10,6,0,0,102,65
18,Trauma,Semi-Urban,O+,2,6,Monsoon,23.7,119.3,8,12,12,5,0,0,231,70
16,General,Semi-Urban,O+,3,9,Monsoon,29.2,102.2,6,18,8,3,0,0,107,60
7,Trauma,Urban,A+,6,8,Monsoon,24.5,15.9,3,10,17,5,0,0,216,70
7,Trauma,Urban,O+,7,5,Summer,36.1,6.1,10,13,7,4,0,0,214,61
2,Trauma,Semi-Urban,AB+,1,2,Winter,26.9,2.0,3,7,13,4,0,0,235,52
4,Clinic,Urban,O+,5,12,Winter,16.3,0.7,5,12,1,1,0,0,40,36
11,General,Semi-Urban,O+,1,10,Summer,42.0,10.7,3,5,3,6,0,0,119,44
12,General,Urban,O+,4,11,Summer,35.5,17.2,8,10,6,4,0,1,143,54
5,General,Urban,O+,7,4,Summer,31.8,21.3,5,10,3,2,0,0,120,45
11,General,Semi-Urban,O+,6,4,Summer,31.6,18.1,0,10,2,3,0,1,167,42
16,General,Semi-Urban,B+,2,4,Summer,41.1,9.1,0,5,6,8,0,0,123,45
6,General,Urban,O+,2,1,Winter,19.5,2.1,2,7,9,7,0,0,119,48
9,General,Urban,O+,6,3,Summer,32.3,9.5,2,9,8,2,0,1,158,48
10,General,Urban,A+,6,4,Summer,33.4,10.4,5,8,5,3,0,0,112,48
13,Clinic,Rural,O+,2,12,Winter,19.3,1.2,5,7,5,0,1,0,33,28
10,General,Urban,O+,1,3,Summer,34.0,7.7,9,9,7,4,0,0,118,49
19,Clinic,Rural,B+,4,7,Monsoon,28.0,49.4,10,8,3,2,0,0,33,44
9,General,Urban,AB+,5,7,Monsoon,32.3,228.9,4,17,5,8,0,1,136,62
11,General,Semi-Urban,A+,4,5,Summer,30.6,22.6,1,15,15,3,0,0,112,58
10,General,Urban,O+,7,12,Winter,19.9,4.9,5,13,7,6,0,1,145,57
5,General,Urban,O-,6,2,Winter,17.8,1.4,8,12,17,1,0,0,137,60
18,Trauma,Semi-Urban,A+,6,11,Summer,32.5,19.6,1,9,14,4,0,0,224,59
6,General,Urban,O+,1,9,Monsoon,30.2,44.7,7,7,9,2,0,1,140,51
8,Clinic,Rural,A+,6,4,Summer,29.6,19.8,5,19,6,1,0,0,40,46
20,General,Urban,B+,6,10,Summer,26.9,9.3,10,17,13,2,0,0,118,61
24,Trauma,Rural,O+,3,6,Monsoon,27.7,176.2,10,16,21,4,0,0,207,81
17,Trauma,Semi-Urban,A+,5,12,Winter,17.6,0.9,5,9,7,2,0,0,237,51
23,General,Semi-Urban,B+,6,1,Winter,13.9,5.5,5,6,12,4,0,0,119,49
22,Clinic,Urban,A+,7,1,Winter,12.9,7.7,4,9,3,0,0,0,35,35
13,Clinic,Rural,B+,4,7,Monsoon,32.8,70.6,2,10,3,1,0,0,37,34
20,General,Urban,A+,1,12,Winter,19.4,2.6,4,7,6,4,0,0,114,41
9,General,Urban,B+,5,1,Winter,18.1,3.3,6,9,7,5,0,1,153,47
12,General,Urban,O+,5,10,Summer,40.6,16.9,2,6,5,10,0,1,148,50
14,Trauma,Urban,B+,1,12,Winter,21.1,2.0,7,14,15,1,0,0,224,63
25,General,Semi-Urban,O+,6,6,Monsoon,32.3,46.6,5,12,15,8,0,0,121,65
22,Clinic,Urban,O+,2,11,Summer,30.5,36.8,4,15,3,2,0,0,35,45
13,Clinic,Rural,B+,7,10,Summer,30.3,8.8,3,13,1,1,0,0,35,36
17,Trauma,Semi-Urban,B-,4,3,Summer,35.9,11.0,5,10,13,3,0,0,259,59
6,General,Urban,B+,3,11,Summer,35.2,7.9,2,4,6,6,0,0,122,43
21,General,Urban,O+,1,9,Monsoon,30.7,126.4,23,22,9,8,0,0,95,90
14,Trauma,Urban,B+,1,1,Winter,13.1,1.9,9,7,19,1,0,0,241,60
14,Trauma,Urban,B+,6,7,Monsoon,29.1,74.4,8,10,18,0,0,1,243,74
20,General,Urban,O+,3,8,Monsoon,30.0,163.7,6,10,6,5,0,0,121,58
16,General,Semi-Urban,A+,6,10,Summer,36.8,21.4,0,17,5,5,0,1,141,56
2,Trauma,Semi-Urban,O+,2,10,Summer,32.8,8.6,0,9,9,2,0,0,233,53
8,Clinic,Rural,O-,7,6,Monsoon,28.6,84.3,5,12,4,3,0,0,32,39
5,General,Urban,AB+,7,4,Summer,31.7,5.3,1,15,6,4,0,0,111,54
19,Clinic,Rural,O+,1,3,Summer,33.1,11.7,1,7,3,3,0,0,41,30
1,Trauma,Rural,A+,5,2,Winter,14.9,11.9,8,11,13,3,0,1,242,60
6,General,Urban,B-,7,8,Monsoon,24.7,142.7,11,15,3,3,0,0,118,60
15,Trauma,Urban,O+,3,12,Winter,17.3,1.5,2,10,14,2,0,1,257,60
18,Trauma,Semi-Urban,A+,1,1,Winter,16.5,0.7,2,11,19,6,0,0,251,59
13,Clinic,Rural,O+,7,9,Monsoon,24.7,40.4,8,8,1,2,0,0,38,41
22,Clinic,Urban,O+,4,8,Monsoon,23.1,29.0,0,6,2,3,0,0,44,32
23,General,Semi-Urban,AB+,1,3,Summer,39.9,10.3,5,8,6,11,0,1,137,58
4,Clinic,Urban,A+,6,3,Summer,32.5,25.0,3,10,3,2,0,0,32,42
24,Trauma,Rural,O+,5,4,Summer,35.0,10.4,2,10,15,6,0,0,212,63
16,General,Semi-Urban,O+,1,9,Monsoon,21.7,49.8,13,9,10,4,0,0,108,64
16,General,Semi-Urban,O+,2,4,Summer,38.1,8.8,3,14,9,3,0,0,128,54
3,Clinic,Urban,B+,1,10,Summer,34.5,16.7,1,8,3,4,0,0,32,37
16,General,Semi-Urban,O+,7,5,Summer,32.7,13.1,7,12,5,4,0,0,118,49
19,Clinic,Rural,O+,1,2,Winter,16.7,1.6,5,11,2,5,0,0,33,38
15,Trauma,Urban,B+,6,2,Winter,20.6,5.8,6,15,6,2,0,0,223,56
3,Clinic,Urban,O+,4,5,Summer,25.1,4.5,7,4,4,1,0,0,37,37
14,Trauma,Urban,A+,5,5,Summer,31.5,12.4,2,8,12,6,1,0,228,56
24,Trauma,Rural,O+,6,9,Monsoon,26.6,57.7,4,9,7,2,0,0,203,55
19,Clinic,Rural,B+,7,6,Monsoon,26.6,70.8,5,12,6,3,0,0,32,48
4,Clinic,Urban,AB+,1,2,Winter,25.5,1.3,4,6,5,1,0,0,41,34
24,Trauma,Rural,B+,1,3,Summer,33.0,11.8,6,7,14,3,0,0,244,56
24,Trauma,Rural,O+,1,7,Monsoon,30.0,32.6,5,12,8,4,0,0,230,59
5,General,Urban,A+,5,5,Summer,39.4,7.4,0,9,11,8,0,0,110,57
21,General,Urban,B-,4,9,Monsoon,29.0,67.6,9,9,4,5,0,0,118,54
11,General,Semi-Urban,B+,1,12,Winter,16.0,1.6,1,5,8,7,0,0,131,41
15,Trauma,Urban,O+,2,5,Summer,30.1,28.1,6,7,18,4,0,0,205,65
12,General,Urban,B+,4,7,Monsoon,29.2,54.4,12,6,7,7,0,0,129,56
20,General,Urban,B+,6,10,Summer,38.9,8.8,2,11,9,6,0,0,119,54
25,General,Semi-Urban,A+,3,3,Summer,35.6,11.5,7,13,7,7,0,0,125,54
20,General,Urban,B+,7,7,Monsoon,30.7,25.0,4,15,9,5,0,0,129,61
24,Trauma,Rural,O+,7,4,Summer,41.8,2.0,4,10,15,2,0,0,240,61
24,Trauma,Rural,O+,6,8,Monsoon,29.5,67.6,3,19,13,2,0,0,243,69
3,Clinic,Urban,A+,4,9,Monsoon,23.7,19.5,3,10,8,6,0,0,27,51
7,Trauma,Urban,O+,7,2,Winter,18.2,4.1,6,13,16,5,0,0,226,67
19,Clinic,Rural,O+,6,3,Summer,38.1,15.0,6,10,4,2,0,0,42,40
15,Trauma,Urban,A+,4,1,Winter,17.3,4.1,6,6,12,1,0,0,219,55
2,Trauma,Semi-Urban,B+,4,1,Winter,22.5,5.5,1,5,10,4,0,0,231,46
3,Clinic,Urban,B+,6,1,Winter,17.8,2.6,2,7,10,1,0,0,43,36
14,Trauma,Urban,B+,4,9,Monsoon,28.0,197.3,7,17,10,6,0,0,231,72
16,General,Semi-Urban,B+,2,11,Summer,32.9,13.5,3,9,7,6,0,1,153,45
5,General,Urban,A+,7,5,Summer,34.5,27.0,2,19,6,1,0,0,110,55
5,General,Urban,A+,1,11,Summer,34.6,18.8,4,6,6,7,0,0,120,49
4,Clinic,Urban,O+,5,9,Monsoon,22.2,69.2,7,16,5,7,0,1,57,59
15,Trauma,Urban,O+,5,10,Summer,32.7,13.4,3,7,18,5,0,0,222,62
1,Trauma,Rural,A+,5,9,Monsoon,23.3,117.1,5,9,12,2,0,0,225,58
15,Trauma,Urban,B+,1,3,Summer,32.8,1.9,7,9,13,3,0,1,236,56
12,General,Urban,A+,4,7,Monsoon,24.6,25.3,10,10,10,6,0,1,135,63
12,General,Urban,A+,7,7,Monsoon,30.0,222.2,14,13,9,3,0,0,118,68
17,Trauma,Semi-Urban,O+,2,8,Monsoon,30.1,116.3,16,7,5,3,0,1,259,61
14,Trauma,Urban,O+,5,10,Summer,35.7,23.1,4,6,14,4,0,0,240,57
19,Clinic,Rural,B+,7,2,Winter,14.2,2.6,4,8,1,3,0,0,31,32
20,General,Urban,B+,7,9,Monsoon,26.7,189.4,4,28,4,5,0,0,109,66
24,Trauma,Rural,O+,4,10,Summer,30.0,9.6,4,5,10,3,0,0,232,41
20,General,Urban,O+,3,2,Winter,17.6,4.7,3,5,6,3,0,0,140,40
13,Clinic,Rural,B+,5,5,Summer,35.9,30.1,6,12,4,2,0,0,39,40
13,Clinic,Rural,AB-,4,11,Summer,37.0,17.9,8,9,2,5,0,0,26,41
6,General,Urban,O+,5,1,Winter,19.4,1.3,2,4,1,5,0,1,148,39
15,Trauma,Urban,O+,6,2,Winter,21.8,2.9,3,10,13,2,0,0,239,56
4,Clinic,Urban,A+,5,10,Summer,34.8,13.8,8,7,5,1,0,0,44,32
24,Trauma,Rural,A-,2,3,Summer,33.3,17.2,3,8,14,8,0,0,234,63
22,Clinic,Urban,O+,6,9,Monsoon,29.6,174.9,8,24,8,2,0,0,28,60
3,Clinic,Urban,B+,4,11,Summer,36.7,17.3,1,6,4,1,0,0,29,34
20,General,Urban,O+,7,6,Monsoon,25.4,76.1,4,8,4,2,1,0,122,45
3,Clinic,Urban,A+,5,6,Monsoon,28.1,64.6,3,18,3,4,0,1,53,48
19,Clinic,Rural,A+,7,6,Monsoon,26.1,67.3,8,7,3,6,0,0,30,44
3,Clinic,Urban,A+,7,5,Summer,28.0,7.5,3,8,3,1,0,0,32,40
13,Clinic,Rural,A+,7,5,Summer,35.3,7.2,2,7,4,4,0,0,38,35
17,Trauma,Semi-Urban,O+,6,7,Monsoon,23.1,158.2,13,18,10,2,0,0,229,70
19,Clinic,Rural,O+,5,11,Summer,35.0,12.4,8,6,4,1,0,0,43,29
11,General,Semi-Urban,AB+,1,12,Winter,13.4,2.2,7,12,10,10,0,0,127,59
24,Trauma,Rural,A+,3,11,Summer,31.8,11.3,6,5,11,7,0,0,230,58
20,General,Urban,B-,4,2,Winter,16.7,2.3,4,7,10,2,0,0,122,43
6,General,Urban,O+,6,4,Summer,37.6,2.2,5,6,6,2,0,0,124,45
17,Trauma,Semi-Urban,O-,5,10,Summer,32.4,17.4,0,17,12,5,0,1,257,62
19,Clinic,Rural,O+,4,7,Monsoon,23.8,164.9,4,18,9,6,0,0,37,59
9,General,Urban,A+,2,5,Summer,35.1,20.9,1,9,6,5,0,0,116,47
19,Clinic,Rural,O+,6,4,Summer,33.3,20.0,5,9,3,4,0,0,37,34
23,General,Semi-Urban,B-,4,2,Winter,20.4,1.2,9,14,7,1,0,0,121,50
21,General,Urban,O+,1,4,Summer,31.0,27.3,1,6,6,5,0,0,122,41
20,General,Urban,A+,2,6,Monsoon,27.6,51.2,1,10,5,4,0,0,119,48
16,General,Semi-Urban,O+,7,5,Summer,41.4,3.7,3,8,8,3,0,0,118,48
7,Trauma,Urban,O+,1,7,Monsoon,26.3,9.3,6,9,9,6,0,1,253,61
20,General,Urban,B-,3,4,Summer,34.6,13.6,5,9,7,6,0,0,119,50
10,General,Urban,A+,4,3,Summer,29.0,27.8,6,6,4,4,0,1,138,46
14,Trauma,Urban,O+,1,11,Summer,31.4,25.2,9,7,9,4,0,0,237,53
8,Clinic,Rural,A+,2,5,Summer,35.4,11.6,6,8,5,5,0,0,41,37
8,Clinic,Rural,B+,7,4,Summer,33.0,22.2,11,9,1,1,0,0,43,30
4,Clinic,Urban,O+,5,8,Monsoon,28.8,288.4,14,23,6,3,0,0,32,60
25,General,Semi-Urban,AB-,2,7,Monsoon,28.3,61.9,12,7,5,7,0,0,124,60
4,Clinic,Urban,O+,2,7,Monsoon,23.0,112.7,9,11,5,2,0,0,38,53
3,Clinic,Urban,AB+,3,3,Summer,37.0,28.2,3,7,1,1,0,0,41,33
24,Trauma,Rural,B+,6,9,Monsoon,23.3,29.2,8,12,13,1,0,0,225,63
14,Trauma,Urban,O+,6,3,Summer,31.7,4.1,7,16,10,2,0,0,259,66
11,General,Semi-Urban,B+,2,11,Summer,34.7,31.2,2,6,15,5,0,0,126,48
19,Clinic,Rural,O-,6,6,Monsoon,31.7,157.9,12,10,2,1,0,0,39,44
10,General,Urban,O+,7,5,Summer,31.0,6.4,7,10,5,6,0,0,121,49
4,Clinic,Urban,B+,2,5,Summer,34.4,4.7,5,9,0,3,0,1,57,42
19,Clinic,Rural,O-,1,6,Monsoon,27.5,32.4,9,6,5,1,0,0,38,40
5,General,Urban,A+,7,8,Monsoon,29.0,94.7,6,13,2,4,0,0,120,54
14,Trauma,Urban,B+,4,6,Monsoon,30.6,48.3,4,10,13,6,0,0,211,71
24,Trauma,Rural,O-,6,2,Winter,16.8,1.9,2,14,14,4,0,0,237,64
24,Trauma,Rural,O+,3,7,Monsoon,30.0,32.6,5,12,11,3,0,0,211,59
10,General,Urban,O+,3,4,Summer,38.0,11.9,3,9,4,0,1,0,128,42
20,General,Urban,B+,2,2,Winter,23.4,1.1,5,9,5,4,0,0,138,45
16,General,Semi-Urban,A+,2,11,Summer,35.5,17.6,4,8,7,2,1,0,134,40
12,General,Urban,B+,4,4,Summer,34.5,25.7,7,13,8,9,0,0,136,52
4,Clinic,Urban,O+,1,8,Monsoon,25.6,97.6,8,9,1,5,0,0,28,45
10,General,Urban,B+,6,3,Summer,29.6,22.6,6,19,8,8,0,0,120,65
17,Trauma,Semi-Urban,O+,4,5,Summer,33.2,10.1,4,6,14,3,0,1,253,52
25,General,Semi-Urban,B+,7,5,Summer,34.3,5.7,3,15,11,1,0,0,131,53
1,Trauma,Rural,O+,4,2,Winter,17.7,2.4,7,10,13,5,0,0,218,59
18,Trauma,Semi-Urban,O-,3,12,Winter,19.8,0.7,5,4,11,0,1,0,244,44
22,Clinic,Urban,B+,4,4,Summer,29.6,6.9,6,5,6,5,0,0,38,41
24,Trauma,Rural,B+,2,7,Monsoon,26.5,70.9,8,10,10,2,0,0,222,62
11,General,Semi-Urban,AB+,6,7,Monsoon,33.0,82.7,11,17,13,4,0,0,128,70
3,Clinic,Urban,O+,6,6,Monsoon,30.0,160.7,14,15,2,2,0,0,23,58
7,Trauma,Urban,O+,2,8,Monsoon,28.8,199.0,4,22,14,2,0,0,215,80
22,Clinic,Urban,A-,5,7,Monsoon,28.2,94.9,5,13,5,3,0,0,34,48
22,Clinic,Urban,B+,4,1,Winter,16.9,1.3,4,7,4,1,0,0,33,34
16,General,Semi-Urban,B+,2,9,Monsoon,21.7,34.6,10,5,6,6,0,0,125,51
4,Clinic,Urban,B+,1,2,Winter,19.4,2.0,3,8,2,4,0,0,31,41
4,Clinic,Urban,B+,6,6,Monsoon,19.7,45.2,10,7,5,1,0,0,38,45
12,General,Urban,B+,2,5,Summer,33.0,13.5,8,8,6,2,0,0,134,47
15,Trauma,Urban,A+,4,6,Monsoon,27.0,36.5,3,9,14,2,0,0,231,60
1,Trauma,Rural,O+,2,1,Winter,16.7,8.4,3,12,13,4,0,0,233,57
18,Trauma,Semi-Urban,O+,5,9,Monsoon,33.5,144.3,11,13,6,5,0,1,242,68
14,Trauma,Urban,B+,1,6,Monsoon,32.5,164.6,3,13,8,3,0,1,233,57
1,Trauma,Rural,O+,3,1,Winter,21.1,1.9,3,10,12,2,0,0,233,51
3,Clinic,Urban,A+,4,1,Winter,15.2,1.4,5,8,7,7,0,0,31,39
12,General,Urban,AB+,4,7,Monsoon,32.8,47.8,6,10,6,7,0,1,150,54
19,Clinic,Rural,O-,5,8,Monsoon,28.9,87.1,14,11,5,1,0,0,30,51
21,General,Urban,O+,2,7,Monsoon,24.2,80.6,4,15,6,9,0,0,130,63
11,General,Semi-Urban,A+,4,9,Monsoon,27.1,189.0,14,12,8,4,0,0,106,59
8,Clinic,Rural,O+,6,10,Summer,36.9,30.8,10,13,10,2,0,0,33,48
25,General,Semi-Urban,O+,3,11,Summer,32.2,12.6,12,10,3,6,0,0,128,48
12,General,Urban,O+,2,12,Winter,18.4,0.9,2,11,9,5,0,0,136,52
8,Clinic,Rural,A+,6,11,Summer,34.9,9.0,4,10,3,1,0,0,33,37
12,General,Urban,B+,6,10,Summer,30.7,55.5,3,14,6,5,0,0,113,54
1,Trauma,Rural,A+,5,6,Monsoon,26.2,26.6,10,12,20,2,0,0,230,75
8,Clinic,Rural,O+,6,7,Monsoon,23.9,99.1,8,16,6,3,0,0,41,56
13,Clinic,Rural,O+,6,8,Monsoon,29.6,47.6,0,15,2,1,0,0,30,37
23,General,Semi-Urban,B+,6,3,Summer,31.3,39.6,3,13,10,8,0,0,125,57
19,Clinic,Rural,O+,4,9,Monsoon,27.9,105.3,21,9,6,9,0,0,20,60
20,General,Urban,B+,1,8,Monsoon,22.8,48.0,7,15,2,7,0,0,104,61
14,Trauma,Urban,O+,5,7,Monsoon,23.6,58.3,2,11,8,3,0,0,221,62
3,Clinic,Urban,O+,2,11,Summer,30.5,1.7,2,7,5,7,0,0,32,41
10,General,Urban,O+,6,9,Monsoon,26.1,98.1,6,15,6,2,0,0,135,58
25,General,Semi-Urban,B+,4,12,Winter,18.5,4.0,2,5,5,1,0,0,129,38
2,Trauma,Semi-Urban,O+,7,12,Winter,19.1,1.0,4,5,7,4,0,0,225,48
22,Clinic,Urban,A-,5,10,Summer,28.7,17.5,7,5,5,4,0,1,62,40
18,Trauma,Semi-Urban,A+,4,4,Summer,33.5,30.5,9,10,14,4,0,0,223,64
8,Clinic,Rural,O+,7,3,Summer,31.7,4.1,3,12,3,0,0,0,29,33
20,General,Urban,B+,4,4,Summer,35.6,17.2,3,9,5,8,0,0,124,48
21,General,Urban,A+,3,9,Monsoon,26.2,123.4,10,13,10,1,1,0,110,61
2,Trauma,Semi-Urban,B+,3,11,Summer,33.8,12.7,1,11,8,2,0,0,256,53
3,Clinic,Urban,B+,7,11,Summer,31.8,13.3,3,9,2,0,1,0,35,31
17,Trauma,Semi-Urban,A+,6,9,Monsoon,32.2,56.6,18,14,15,1,0,0,241,76
25,General,Semi-Urban,B+,2,9,Monsoon,23.1,13.8,0,12,8,1,1,0,122,45
1,Trauma,Rural,O+,4,12,Winter,16.8,4.2,7,7,11,8,0,0,236,56
17,Trauma,Semi-Urban,A+,3,9,Monsoon,27.3,142.8,7,15,19,6,0,0,208,79
4,Clinic,Urban,B-,5,2,Winter,17.2,1.5,4,7,4,2,0,0,43,32
17,Trauma,Semi-Urban,B+,1,7,Monsoon,24.7,48.4,2,12,10,0,0,1,276,58
16,General,Semi-Urban,O+,5,5,Summer,28.6,5.8,1,9,8,6,0,0,115,50
3,Clinic,Urban,O+,6,8,Monsoon,24.9,108.9,5,9,3,3,0,0,35,44
18,Trauma,Semi-Urban,O+,2,8,Monsoon,24.1,98.7,4,12,13,4,0,1,239,65
23,General,Semi-Urban,B+,2,4,Summer,39.0,5.4,4,17,4,3,0,0,127,50
22,Clinic,Urban,O+,5,4,Summer,40.8,10.9,6,7,2,7,0,0,37,42
1,Trauma,Rural,B+,2,2,Winter,17.8,3.2,3,4,12,7,0,0,235,55
7,Trauma,Urban,A+,7,4,Summer,29.8,14.8,1,14,8,4,0,0,225,62
7,Trauma,Urban,O+,6,10,Summer,36.2,8.4,6,12,24,1,0,0,209,71
12,General,Urban,O+,7,8,Monsoon,24.1,169.7,8,25,15,5,0,0,111,80
4,Clinic,Urban,B+,4,12,Winter,16.4,4.3,1,8,4,3,0,0,39,35
22,Clinic,Urban,O+,7,12,Winter,16.1,6.9,5,11,5,2,0,0,39,42
20,General,Urban,B+,1,11,Summer,32.5,14.6,7,2,9,2,1,0,120,36
21,General,Urban,O+,3,3,Summer,32.9,15.6,9,9,9,4,0,0,124,52
5,General,Urban,B+,1,5,Summer,30.1,2.8,3,9,7,4,0,0,134,51
1,Trauma,Rural,B+,5,1,Winter,15.9,3.9,0,10,9,5,0,1,260,52
23,General,Semi-Urban,B-,4,2,Winter,21.1,3.1,1,9,7,5,0,0,135,44
8,Clinic,Rural,O+,3,3,Summer,33.9,25.9,5,9,6,0,0,0,37,35
17,Trauma,Semi-Urban,O+,3,4,Summer,34.4,23.4,1,7,14,2,0,0,236,55
23,General,Semi-Urban,O+,5,1,Winter,11.3,7.9,0,3,5,5,0,0,116,35
1,Trauma,Rural,AB+,2,11,Summer,36.8,6.6,7,6,13,8,0,0,230,55
1,Trauma,Rural,O+,4,7,Monsoon,24.9,81.9,2,10,11,2,0,0,221,56
1,Trauma,Rural,A+,5,8,Monsoon,30.4,203.3,11,14,11,0,0,0,215,64
4,Clinic,Urban,O+,2,8,Monsoon,27.5,48.3,7,12,2,3,0,0,30,47
2,Trauma,Semi-Urban,O+,2,12,Winter,16.3,7.4,4,8,14,4,0,0,241,54
21,General,Urban,AB+,3,2,Winter,13.0,6.9,3,8,11,7,0,0,111,54
16,General,Semi-Urban,O+,5,5,Summer,40.5,11.1,16,12,10,8,0,0,109,62
25,General,Semi-Urban,O+,2,4,Summer,36.4,34.6,7,11,10,5,0,0,129,51
21,General,Urban,A+,3,7,Monsoon,29.6,172.1,17,17,12,5,0,0,121,75
25,General,Semi-Urban,B+,4,7,Monsoon,32.5,29.5,7,12,9,8,0,0,124,65
6,General,Urban,AB+,2,10,Summer,34.7,31.1,3,8,4,5,0,0,118,39
8,Clinic,Rural,B+,4,7,Monsoon,31.1,80.2,1,10,6,1,1,0,36,39
22,Clinic,Urban,B+,1,3,Summer,32.6,15.3,1,8,4,3,0,1,69,35
7,Trauma,Urban,B+,1,7,Monsoon,29.2,109.2,2,5,12,4,0,0,242,55
2,Trauma,Semi-Urban,B+,2,12,Winter,16.1,5.2,3,8,17,3,0,0,222,60
17,Trauma,Semi-Urban,B+,3,7,Monsoon,25.5,206.2,9,14,14,3,0,0,208,72
21,General,Urban,O+,1,8,Monsoon,27.3,107.8,2,11,6,8,0,0,129,56
25,General,Semi-Urban,B+,7,3,Summer,30.2,10.5,3,11,13,2,0,1,138,48
24,Trauma,Rural,A+,3,1,Winter,19.0,1.5,3,7,11,4,0,0,236,46
4,Clinic,Urban,A+,6,3,Summer,33.1,8.0,1,9,2,0,0,0,33,30
20,General,Urban,A+,7,1,Winter,12.0,6.8,10,11,9,6,0,0,122,54
22,Clinic,Urban,B+,6,6,Monsoon,25.6,187.8,8,17,1,1,0,0,27,53
18,Trauma,Semi-Urban,O+,6,11,Summer,33.0,8.8,4,12,11,4,0,0,213,56
21,General,Urban,B-,1,6,Monsoon,29.6,144.3,15,17,7,5,0,0,128,70
21,General,Urban,B+,3,8,Monsoon,27.9,55.1,4,11,8,3,0,0,117,53
12,General,Urban,B+,6,11,Summer,38.3,2.1,10,16,9,3,0,1,135,61
2,Trauma,Semi-Urban,A+,5,10,Summer,35.6,3.3,3,7,15,2,0,1,247,56
12,General,Urban,O+,1,8,Monsoon,25.3,174.3,15,17,13,7,0,0,119,79
6,General,Urban,B+,4,10,Summer,33.8,2.2,6,5,4,1,0,0,121,38
3,Clinic,Urban,A+,6,4,Summer,33.0,19.4,7,9,3,2,0,0,45,39
4,Clinic,Urban,B+,6,6,Monsoon,28.5,102.1,6,14,11,2,0,0,22,52
18,Trauma,Semi-Urban,O+,3,5,Summer,34.2,26.2,2,9,14,5,0,0,218,62
13,Clinic,Rural,B+,2,10,Summer,32.1,13.2,0,7,3,3,0,0,34,30
14,Trauma,Urban,B+,3,5,Summer,34.0,16.8,7,9,12,4,0,0,238,61
19,Clinic,Rural,O+,3,12,Winter,19.4,4.0,1,8,1,2,0,0,42,30
14,Trauma,Urban,B+,3,3,Summer,31.0,15.5,9,10,6,4,0,0,225,57
16,General,Semi-Urban,B+,3,3,Summer,35.0,11.7,3,6,2,4,0,0,124,37
3,Clinic,Urban,O+,4,9,Monsoon,22.3,120.4,5,10,7,2,0,0,39,44
22,Clinic,Urban,B+,1,10,Summer,37.3,9.6,6,10,2,5,0,0,27,43
12,General,Urban,B+,2,9,Monsoon,28.6,157.1,12,10,6,5,0,0,127,60
4,Clinic,Urban,O+,3,4,Summer,38.9,13.0,9,0,2,2,0,0,40,33
21,General,Urban,B+,2,1,Winter,14.7,6.1,13,7,10,9,0,0,135,53
19,Clinic,Rural,O+,7,4,Summer,37.4,6.6,14,13,3,1,0,1,66,40
2,Trauma,Semi-Urban,A+,5,6,Monsoon,29.8,65.2,5,12,9,5,0,0,216,61
5,General,Urban,O+,7,5,Summer,33.5,3.3,7,12,8,5,0,1,135,51
1,Trauma,Rural,O+,4,12,Winter,16.9,4.5,6,6,21,5,0,0,225,60
7,Trauma,Urban,AB+,1,11,Summer,30.7,15.2,1,9,9,2,0,0,219,51
3,Clinic,Urban,B+,7,10,Summer,30.0,7.8,4,16,6,2,1,0,35,42
18,Trauma,Semi-Urban,B+,4,1,Winter,15.7,3.5,3,9,4,2,0,1,270,43
14,Trauma,Urban,O+,5,2,Winter,14.2,1.5,4,11,11,3,0,0,252,54
25,General,Semi-Urban,A+,3,6,Monsoon,31.8,167.3,11,16,10,9,0,0,114,71
19,Clinic,Rural,O+,4,8,Monsoon,22.5,163.8,12,8,4,4,0,0,26,48
16,General,Semi-Urban,A+,4,9,Monsoon,27.4,84.1,5,15,10,9,0,0,114,67
13,Clinic,Rural,B-,2,4,Summer,35.3,10.1,5,8,2,2,0,1,67,33
2,Trauma,Semi-Urban,B+,4,2,Winter,19.1,0.8,7,7,13,2,0,0,222,52
2,Trauma,Semi-Urban,O+,6,4,Summer,35.3,21.0,2,6,8,1,1,0,233,39
16,General,Semi-Urban,A+,1,10,Summer,36.8,6.0,3,6,4,1,1,0,130,36
1,Trauma,Rural,B+,1,12,Winter,16.7,6.3,3,7,12,4,0,1,241,53
2,Trauma,Semi-Urban,A+,6,12,Winter,18.3,0.9,5,13,12,5,0,0,223,64
6,General,Urban,O+,4,8,Monsoon,26.1,37.6,2,11,10,6,0,0,115,60
23,General,Semi-Urban,O+,7,2,Winter,21.9,1.2,4,9,7,3,0,0,119,45
12,General,Urban,A+,5,12,Winter,24.3,1.6,5,9,7,7,0,0,127,53
18,Trauma,Semi-Urban,AB+,5,2,Winter,14.4,14.0,2,6,15,2,0,1,273,50
11,General,Semi-Urban,B+,7,4,Summer,27.9,10.7,4,15,11,0,0,0,127,50
5,General,Urban,A+,5,12,Winter,19.7,5.4,5,9,3,5,0,0,122,43
10,General,Urban,O+,3,7,Monsoon,30.2,36.2,2,10,7,10,0,0,125,52
3,Clinic,Urban,B-,4,3,Summer,39.9,6.6,5,8,3,6,0,0,32,45
20,General,Urban,B+,2,7,Monsoon,29.2,253.8,18,16,8,6,0,0,125,75
5,General,Urban,A+,3,1,Winter,22.2,3.1,5,7,8,10,0,0,112,53
10,General,Urban,B+,5,4,Summer,39.0,13.5,4,7,9,7,0,1,137,58
25,General,Semi-Urban,A+,2,12,Winter,22.4,4.7,5,6,9,1,1,0,127,38
15,Trauma,Urban,O+,5,4,Summer,36.6,34.1,2,13,11,1,1,0,240,61
12,General,Urban,A+,5,11,Summer,30.2,0.8,0,9,4,6,0,1,141,46
14,Trauma,Urban,O+,3,7,Monsoon,27.0,174.2,1,10,15,4,0,0,213,65
20,General,Urban,O+,1,8,Monsoon,27.9,197.3,16,15,8,7,0,0,118,74
7,Trauma,Urban,O+,5,9,Monsoon,26.7,124.1,6,16,9,3,0,1,252,64
16,General,Semi-Urban,AB+,6,7,Monsoon,26.9,69.2,11,8,7,4,0,0,109,58
22,Clinic,Urban,AB+,6,1,Winter,22.7,4.2,4,3,5,3,0,0,43,37
15,Trauma,Urban,B+,3,12,Winter,15.7,1.3,3,10,4,4,0,0,243,48
12,General,Urban,O+,5,6,Monsoon,29.4,14.5,2,15,7,8,0,0,137,58
4,Clinic,Urban,O+,3,8,Monsoon,27.9,96.7,4,11,1,1,0,0,33,38
7,Trauma,Urban,O+,3,7,Monsoon,24.4,4.0,9,5,12,2,0,0,218,57
24,Trauma,Rural,O+,3,8,Monsoon,23.8,56.6,5,8,14,7,0,0,206,62
14,Trauma,Urban,O+,2,5,Summer,28.9,5.1,4,12,13,4,0,0,202,61
8,Clinic,Rural,A+,7,11,Summer,35.5,9.4,4,10,4,2,0,0,37,36
11,General,Semi-Urban,A+,5,3,Summer,33.8,10.1,7,12,8,7,0,0,126,56
15,Trauma,Urban,A+,2,8,Monsoon,24.5,30.2,9,10,19,9,0,0,212,80
14,Trauma,Urban,O+,7,7,Monsoon,21.4,119.7,13,11,9,2,0,1,248,70
18,Trauma,Semi-Urban,O+,2,7,Monsoon,28.3,189.5,22,17,10,2,0,0,211,79
7,Trauma,Urban,O+,5,1,Winter,17.5,1.3,4,7,10,3,0,0,227,56
17,Trauma,Semi-Urban,O+,2,5,Summer,31.9,4.2,3,6,15,6,0,0,228,52
12,General,Urban,A-,3,1,Winter,15.1,3.2,1,10,7,4,0,1,153,50
24,Trauma,Rural,B+,5,7,Monsoon,26.3,15.0,7,13,14,1,0,0,226,64
4,Clinic,Urban,O+,7,9,Monsoon,28.4,82.6,1,13,3,2,0,0,37,37
4,Clinic,Urban,O+,7,7,Monsoon,26.0,174.0,9,23,4,1,0,1,48,60
12,General,Urban,AB+,7,10,Summer,30.4,4.2,3,16,4,6,0,1,145,57
13,Clinic,Rural,O+,2,5,Summer,33.8,32.6,6,13,5,0,0,0,39,40
18,Trauma,Semi-Urban,A+,1,4,Summer,37.1,8.4,8,6,8,2,0,0,238,47
11,General,Semi-Urban,B+,7,6,Monsoon,27.1,68.2,6,17,2,2,0,0,115,54
23,General,Semi-Urban,O+,7,3,Summer,34.2,7.1,0,9,7,3,0,0,129,44
12,General,Urban,A+,2,10,Summer,33.0,20.4,10,6,7,4,0,0,115,45
4,Clinic,Urban,O+,1,10,Summer,31.3,12.7,8,10,2,3,0,0,41,37
3,Clinic,Urban,O+,5,5,Summer,31.2,8.8,3,14,3,6,0,0,32,48
25,General,Semi-Urban,B+,1,10,Summer,29.0,5.9,8,6,8,11,0,0,109,48
4,Clinic,Urban,A+,1,1,Winter,21.5,4.1,6,10,6,5,0,0,33,46
24,Trauma,Rural,AB+,7,2,Winter,19.4,8.2,2,6,10,1,0,0,234,47
7,Trauma,Urban,O+,4,4,Summer,34.2,9.4,2,6,12,3,0,0,251,54
3,Clinic,Urban,O+,1,5,Summer,34.9,12.4,6,4,0,2,0,0,40,29
8,Clinic,Rural,O+,5,3,Summer,35.0,2.8,5,4,4,0,1,1,63,29
16,General,Semi-Urban,O+,3,7,Monsoon,24.8,88.3,8,11,8,6,0,0,113,58
11,General,Semi-Urban,AB+,4,10,Summer,33.0,49.4,4,9,5,8,0,0,132,47
20,General,Urban,B+,7,6,Monsoon,25.6,29.0,11,5,8,4,0,1,139,52
16,General,Semi-Urban,A+,2,6,Monsoon,34.5,107.6,5,6,5,10,0,0,124,54
11,General,Semi-Urban,O+,5,1,Winter,21.1,2.1,5,12,4,5,0,0,122,48
16,General,Semi-Urban,B+,6,4,Summer,34.5,2.6,5,13,4,1,0,0,123,46
25,General,Semi-Urban,B+,3,10,Summer,38.1,8.3,1,13,12,10,0,0,129,63
11,General,Semi-Urban,B+,7,10,Summer,37.7,42.0,12,13,11,2,0,0,105,58
4,Clinic,Urban,AB+,4,2,Winter,13.9,4.3,8,5,2,1,0,0,42,32
11,General,Semi-Urban,O+,4,1,Winter,17.3,3.9,6,9,12,8,0,1,137,56
22,Clinic,Urban,B+,7,10,Summer,34.0,4.1,5,12,3,5,0,0,37,37
6,General,Urban,B+,5,3,Summer,35.8,23.7,5,7,4,8,0,0,122,48
24,Trauma,Rural,A+,7,7,Monsoon,26.3,207.2,13,22,19,5,0,0,218,90
15,Trauma,Urban,B+,6,10,Summer,33.7,29.3,6,9,9,3,0,0,233,56
16,General,Semi-Urban,O+,5,10,Summer,32.6,22.6,0,6,4,3,0,0,124,41
8,Clinic,Rural,B+,2,7,Monsoon,30.1,41.1,9,8,5,5,0,0,34,47
24,Trauma,Rural,O+,3,5,Summer,29.7,4.3,4,8,14,3,0,0,234,54
1,Trauma,Rural,O+,7,10,Summer,32.7,1.5,3,13,14,1,1,0,247,56
8,Clinic,Rural,O+,5,9,Monsoon,21.5,36.5,1,12,8,2,0,0,37,47
11,General,Semi-Urban,B+,2,11,Summer,30.9,14.6,4,6,10,6,0,0,125,46
12,General,Urban,O+,3,7,Monsoon,28.0,36.1,2,10,5,8,0,0,121,57
12,General,Urban,O+,6,12,Winter,19.0,7.0,4,14,9,9,0,0,118,57
4,Clinic,Urban,A+,2,10,Summer,33.1,27.1,5,11,2,2,0,0,41,39
6,General,Urban,A+,1,1,Winter,21.4,7.4,3,3,2,14,0,0,126,47
3,Clinic,Urban,O+,6,4,Summer,38.1,2.1,4,7,7,0,0,1,54,40
15,Trauma,Urban,O+,3,10,Summer,33.8,13.8,4,6,8,4,0,0,245,52
9,General,Urban,O+,6,2,Winter,18.8,3.6,12,8,10,2,0,1,155,48
15,Trauma,Urban,O+,4,9,Monsoon,25.6,177.2,6,11,5,6,0,0,230,64
15,Trauma,Urban,O+,7,5,Summer,35.9,2.7,8,7,17,2,0,1,258,65
18,Trauma,Semi-Urban,O+,4,3,Summer,30.4,12.5,6,12,11,3,0,0,236,60
14,Trauma,Urban,O+,7,7,Monsoon,32.4,20.7,8,12,13,2,0,0,238,69
17,Trauma,Semi-Urban,O+,6,12,Winter,21.4,6.6,5,11,22,3,0,1,235,68
15,Trauma,Urban,B+,2,11,Summer,30.4,0.7,1,10,13,2,0,0,217,58
17,Trauma,Semi-Urban,O+,7,5,Summer,31.6,41.4,5,19,10,1,0,0,233,60
16,General,Semi-Urban,O+,6,1,Winter,19.3,4.9,6,10,2,6,0,0,128,45
8,Clinic,Rural,O+,1,11,Summer,33.0,11.2,6,4,2,2,0,0,35,32
7,Trauma,Urban,A+,1,11,Summer,35.6,6.7,2,11,12,4,0,0,223,63
20,General,Urban,AB+,2,8,Monsoon,25.9,182.5,7,10,7,4,0,0,121,53
9,General,Urban,B+,1,8,Monsoon,31.6,21.7,6,9,7,4,0,0,114,56
14,Trauma,Urban,O+,3,7,Monsoon,27.0,6.6,5,10,13,3,0,0,213,60
5,General,Urban,A+,7,1,Winter,25.3,4.7,5,6,5,5,0,0,128,39
11,General,Semi-Urban,AB-,4,2,Winter,19.8,3.0,4,7,5,4,0,1,152,37
14,Trauma,Urban,B+,1,2,Winter,14.0,4.2,7,9,15,2,0,0,244,63
16,General,Semi-Urban,O+,4,11,Summer,40.3,13.0,1,4,7,5,0,0,116,46
14,Trauma,Urban,B+,2,1,Winter,21.3,5.2,4,7,9,4,0,0,243,57
10,General,Urban,O+,6,7,Monsoon,28.1,81.3,3,13,12,5,0,0,119,63
25,General,Semi-Urban,O-,1,5,Summer,35.9,8.3,0,5,5,6,0,0,128,40
13,Clinic,Rural,B+,6,1,Winter,14.4,3.3,1,7,2,0,0,0,39,27
21,General,Urban,AB+,4,12,Winter,12.6,5.8,2,10,9,7,0,0,125,52
19,Clinic,Rural,B+,1,1,Winter,17.9,6.1,1,6,7,3,0,0,37,36
14,Trauma,Urban,A+,5,11,Summer,38.1,15.1,4,7,12,5,0,0,240,54
23,General,Semi-Urban,AB-,4,10,Summer,35.2,1.1,3,11,8,5,0,0,109,52
4,Clinic,Urban,O+,6,10,Summer,39.1,13.8,7,11,4,4,0,0,25,42
24,Trauma,Rural,AB+,5,2,Winter,22.0,0.6,3,6,15,4,0,0,242,49
22,Clinic,Urban,O+,6,11,Summer,34.1,22.2,7,12,5,1,0,1,52,43
13,Clinic,Rural,A+,4,8,Monsoon,30.6,140.9,5,12,5,2,0,0,25,48
19,Clinic,Rural,O+,1,5,Summer,38.6,5.2,4,7,3,2,0,0,32,34
14,Trauma,Urban,O+,1,9,Monsoon,26.8,125.4,11,11,10,9,0,0,221,75
7,Trauma,Urban,O+,4,5,Summer,33.4,12.2,7,12,19,1,0,1,261,67
20,General,Urban,A+,3,4,Summer,34.4,6.1,6,8,6,7,0,0,127,49
7,Trauma,Urban,A+,6,4,Summer,26.8,17.6,9,10,12,3,0,0,241,57
8,Clinic,Rural,O+,3,7,Monsoon,27.8,217.7,6,13,2,3,0,0,44,45
13,Clinic,Rural,B+,7,8,Monsoon,29.2,58.8,3,13,5,0,0,0,37,42
21,General,Urban,O+,2,3,Summer,34.4,15.2,10,8,9,2,0,0,124,47
10,General,Urban,B+,3,3,Summer,35.0,4.8,1,7,7,3,1,0,124,40
13,Clinic,Rural,B+,6,12,Winter,17.9,1.9,6,10,5,0,1,0,39,33
2,Trauma,Semi-Urban,O+,1,7,Monsoon,21.0,84.2,5,8,11,6,0,0,229,59
3,Clinic,Urban,O+,3,11,Summer,39.0,5.9,2,15,5,5,0,0,35,48
2,Trauma,Semi-Urban,O+,6,4,Summer,32.9,5.5,5,5,7,4,0,0,251,54
2,Trauma,Semi-Urban,AB+,5,4,Summer,32.1,4.2,3,4,9,6,0,0,234,48
22,Clinic,Urban,A+,6,4,Summer,38.1,27.0,2,7,6,1,0,0,33,35
22,Clinic,Urban,B-,4,7,Monsoon,29.9,144.6,1,20,5,4,0,0,21,59
21,General,Urban,AB-,7,10,Summer,34.8,11.4,2,18,7,6,0,0,126,57
2,Trauma,Semi-Urban,A+,7,7,Monsoon,29.3,151.5,11,13,7,1,0,0,228,62
2,Trauma,Semi-Urban,O+,7,4,Summer,30.5,22.9,5,11,21,2,0,0,246,63
8,Clinic,Rural,O+,1,12,Winter,17.8,2.9,2,6,5,4,0,0,44,32
15,Trauma,Urban,B+,5,7,Monsoon,30.9,35.2,1,3,16,3,0,1,248,59
9,General,Urban,AB+,1,5,Summer,32.0,15.3,1,12,5,2,1,0,119,47
13,Clinic,Rural,O+,2,1,Winter,15.0,7.8,2,11,5,5,0,0,30,42
5,General,Urban,O+,3,7,Monsoon,27.2,136.5,5,6,4,10,0,1,155,55
19,Clinic,Rural,B+,5,8,Monsoon,27.3,211.6,12,10,6,1,0,0,40,50
8,Clinic,Rural,B+,4,12,Winter,19.9,6.5,4,10,5,3,0,0,34,39
2,Trauma,Semi-Urban,AB+,7,3,Summer,29.9,44.6,4,7,12,1,0,0,233,53
19,Clinic,Rural,A+,3,2,Winter,10.4,4.6,4,8,2,2,0,0,34,34
23,General,Semi-Urban,A+,5,12,Winter,20.8,2.6,4,10,8,11,0,0,116,51
1,Trauma,Rural,B+,6,7,Monsoon,23.8,143.0,9,17,17,4,0,0,225,77
11,General,Semi-Urban,A+,7,1,Winter,16.2,8.0,2,15,12,5,0,0,106,56
21,General,Urban,O+,2,2,Winter,11.5,4.0,5,7,8,6,0,0,135,45
18,Trauma,Semi-Urban,A+,6,6,Monsoon,30.1,160.7,6,17,7,0,0,0,227,59
22,Clinic,Urban,O+,1,8,Monsoon,28.1,61.5,1,16,7,3,0,0,27,51
11,General,Semi-Urban,B+,4,3,Summer,34.9,22.7,3,13,12,4,0,0,123,54
10,General,Urban,O-,3,5,Summer,34.9,58.5,4,8,11,5,0,0,126,46
18,Trauma,Semi-Urban,AB+,7,9,Monsoon,20.8,62.0,2,9,16,3,0,0,244,65
4,Clinic,Urban,O+,6,12,Winter,15.0,4.2,1,6,4,1,0,0,42,32
6,General,Urban,B+,7,6,Monsoon,25.6,130.7,9,17,5,1,0,0,107,63
16,General,Semi-Urban,A+,6,5,Summer,31.8,11.0,3,14,6,6,0,0,122,48
17,Trauma,Semi-Urban,B-,3,5,Summer,33.2,8.9,9,6,7,5,0,0,241,55
3,Clinic,Urban,AB+,6,2,Winter,18.7,3.6,8,14,4,2,0,0,43,41
13,Clinic,Rural,O+,1,1,Winter,21.0,7.3,7,7,4,4,0,0,38,36
10,General,Urban,B+,4,11,Summer,29.6,2.9,2,7,6,7,0,0,122,49
13,Clinic,Rural,A+,1,1,Winter,18.0,1.6,6,5,3,7,0,0,37,32
24,Trauma,Rural,B+,6,10,Summer,36.1,10.7,5,10,10,2,0,0,237,58
2,Trauma,Semi-Urban,O+,7,3,Summer,31.2,23.5,3,11,16,1,0,0,242,60
25,General,Semi-Urban,A+,5,9,Monsoon,26.4,89.6,3,15,13,2,0,1,127,59
12,General,Urban,O+,6,12,Winter,19.4,2.1,5,19,5,4,0,0,122,60
20,General,Urban,O+,2,9,Monsoon,27.0,225.5,7,13,12,5,0,1,143,66
11,General,Semi-Urban,B+,7,9,Monsoon,29.0,101.9,3,15,4,3,0,1,162,47
8,Clinic,Rural,A+,4,4,Summer,34.3,8.8,4,11,2,4,0,1,68,38
20,General,Urban,B+,5,8,Monsoon,26.1,129.3,6,15,6,9,0,0,123,65
18,Trauma,Semi-Urban,B+,6,8,Monsoon,23.5,125.1,1,16,9,4,0,0,227,60
4,Clinic,Urban,O+,5,6,Monsoon,27.7,103.8,6,14,6,4,0,0,20,54
18,Trauma,Semi-Urban,A+,3,1,Winter,18.3,2.0,1,6,16,6,0,0,236,60
19,Clinic,Rural,B+,5,11,Summer,31.0,23.2,3,7,5,3,0,0,35,31
10,General,Urban,O+,5,3,Summer,35.7,36.7,7,9,12,11,0,0,127,61
24,Trauma,Rural,B+,7,12,Winter,21.8,4.7,3,7,17,2,1,0,246,55
17,Trauma,Semi-Urban,O-,4,12,Winter,16.0,0.9,2,6,10,0,1,0,244,47
9,General,Urban,B+,4,1,Winter,15.8,14.0,5,6,7,6,0,0,116,44
1,Trauma,Rural,O+,4,9,Monsoon,24.7,128.6,6,16,15,5,0,0,225,74
17,Trauma,Semi-Urban,B+,1,8,Monsoon,22.0,38.7,9,11,15,3,0,0,234,69
6,General,Urban,A+,1,3,Summer,40.0,22.4,2,8,9,9,0,0,113,56
19,Clinic,Rural,O-,1,10,Summer,32.7,27.3,4,13,5,1,1,0,47,33
14,Trauma,Urban,O+,5,2,Winter,15.4,3.7,3,7,9,3,0,1,252,51
12,General,Urban,O+,3,3,Summer,30.6,2.3,3,10,9,4,0,0,129,47
5,General,Urban,O+,7,12,Winter,16.8,4.3,5,16,9,1,0,0,122,54
18,Trauma,Semi-Urban,O-,5,9,Monsoon,24.9,37.7,6,7,9,0,1,0,237,55
5,General,Urban,B+,1,2,Winter,22.3,5.3,2,10,4,11,0,1,138,57
11,General,Semi-Urban,A+,1,2,Winter,14.3,2.0,3,9,5,3,0,0,116,39
21,General,Urban,B+,3,4,Summer,29.4,17.2,0,12,3,7,0,0,114,49
24,Trauma,Rural,A+,7,1,Winter,19.7,2.6,0,8,7,4,0,0,233,49
25,General,Semi-Urban,O+,1,3,Summer,33.7,15.6,1,11,5,7,0,0,121,45
24,Trauma,Rural,O+,2,7,Monsoon,26.3,159.1,10,15,8,9,0,0,206,68
14,Trauma,Urban,AB+,1,1,Winter,19.7,6.7,1,4,6,4,0,0,233,41
6,General,Urban,A-,3,4,Summer,34.4,6.3,1,13,10,6,0,0,120,56
21,General,Urban,O+,7,4,Summer,33.9,9.9,6,11,8,2,0,0,120,49
21,General,Urban,O+,5,12,Winter,13.8,2.9,5,10,11,4,0,0,126,50
25,General,Semi-Urban,O+,4,12,Winter,13.0,4.3,9,8,8,10,0,0,122,51
17,Trauma,Semi-Urban,B-,2,11,Summer,31.9,28.6,2,7,8,3,0,1,264,47
4,Clinic,Urban,A+,3,5,Summer,30.7,11.3,4,8,2,7,0,0,32,41
13,Clinic,Rural,B+,4,7,Monsoon,27.8,122.8,6,7,7,4,0,0,32,43
12,General,Urban,A+,2,7,Monsoon,21.6,78.5,8,8,3,3,0,1,133,54
22,Clinic,Urban,A+,5,11,Summer,32.7,7.1,4,6,4,6,0,0,37,40
10,General,Urban,A+,7,9,Monsoon,26.5,24.2,1,13,10,3,0,0,134,52
9,General,Urban,O+,2,11,Summer,33.9,8.6,9,10,7,6,0,0,121,48
3,Clinic,Urban,O+,2,7,Monsoon,28.2,33.0,3,11,6,3,0,1,65,49
21,General,Urban,O+,1,12,Winter,17.0,1.3,4,9,4,6,0,0,129,50
19,Clinic,Rural,O+,6,9,Monsoon,25.0,112.5,10,19,2,0,0,0,20,57
2,Trauma,Semi-Urban,A+,4,9,Monsoon,30.7,121.8,5,17,10,1,1,0,227,65
11,General,Semi-Urban,O-,2,8,Monsoon,26.0,166.9,2,13,10,7,0,0,128,56
12,General,Urban,O+,2,5,Summer,38.3,1.9,4,4,6,8,0,1,145,45
12,General,Urban,O+,1,8,Monsoon,26.0,148.8,8,13,8,9,0,0,120,69
23,General,Semi-Urban,B+,4,5,Summer,34.0,0.6,2,6,7,7,0,0,111,45
4,Clinic,Urban,B+,5,8,Monsoon,26.6,53.1,5,3,5,4,0,0,34,41
8,Clinic,Rural,A+,2,4,Summer,34.7,10.9,0,7,1,3,0,0,38,31
5,General,Urban,B+,1,10,Summer,32.7,7.1,5,10,9,6,0,0,128,53
7,Trauma,Urban,O+,4,7,Monsoon,27.3,87.5,2,8,11,5,0,0,234,59
23,General,Semi-Urban,A+,5,9,Monsoon,31.6,101.3,11,13,4,1,1,0,129,52
24,Trauma,Rural,B+,3,3,Summer,37.1,0.4,14,6,15,2,0,0,223,60
2,Trauma,Semi-Urban,O+,2,10,Summer,37.2,17.7,3,8,11,3,0,1,271,57
16,General,Semi-Urban,O+,2,10,Summer,30.0,8.1,2,2,2,2,1,0,132,32
6,General,Urban,A+,6,2,Winter,14.5,5.9,2,12,10,2,0,0,126,49
5,General,Urban,B+,7,5,Summer,34.7,21.3,7,15,6,9,0,0,116,58
8,Clinic,Rural,O+,6,9,Monsoon,29.3,94.8,7,14,5,6,0,0,34,51
5,General,Urban,O+,4,11,Summer,32.4,23.3,5,12,11,6,0,0,117,62
13,Clinic,Rural,B+,6,9,Monsoon,24.9,43.4,2,17,3,1,0,0,29,44
25,General,Semi-Urban,B+,3,6,Monsoon,31.2,53.8,1,8,6,2,1,0,129,39
15,Trauma,Urban,B+,1,4,Summer,36.1,1.8,7,10,8,5,0,1,248,57
19,Clinic,Rural,AB+,3,11,Summer,37.2,18.1,1,13,3,4,0,0,36,42
13,Clinic,Rural,O+,5,11,Summer,32.7,12.4,5,6,4,2,0,0,36,29
1,Trauma,Rural,A+,5,11,Summer,32.4,10.8,0,2,15,6,0,0,217,50
3,Clinic,Urban,AB+,7,4,Summer,36.8,10.2,2,7,3,1,0,0,34,37
7,Trauma,Urban,A+,7,6,Monsoon,26.2,66.4,2,10,7,1,0,0,217,55
7,Trauma,Urban,B+,2,3,Summer,32.2,4.6,5,5,11,5,0,0,223,54
22,Clinic,Urban,O+,1,12,Winter,15.3,1.1,5,10,3,3,0,0,29,40
22,Clinic,Urban,O+,2,11,Summer,32.5,36.9,12,11,4,2,0,0,31,45
22,Clinic,Urban,O+,7,3,Summer,36.6,16.9,2,8,1,1,0,0,26,35
16,General,Semi-Urban,O+,6,3,Summer,29.5,10.5,7,7,7,3,0,0,131,42
14,Trauma,Urban,AB+,1,7,Monsoon,28.9,69.3,12,10,15,6,0,1,252,73
17,Trauma,Semi-Urban,A+,2,5,Summer,31.9,15.6,6,6,12,4,0,0,218,53
11,General,Semi-Urban,A+,4,6,Monsoon,26.4,183.5,6,18,6,5,0,0,129,60
17,Trauma,Semi-Urban,O+,5,5,Summer,33.6,13.5,6,9,15,2,0,0,231,57
20,General,Urban,AB+,7,9,Monsoon,26.3,313.1,2,21,8,2,0,0,116,63
20,General,Urban,O+,6,11,Summer,33.1,18.6,2,10,6,5,0,0,137,50
16,General,Semi-Urban,O+,2,12,Winter,16.7,2.3,0,11,10,5,0,0,127,49
2,Trauma,Semi-Urban,B+,1,6,Monsoon,25.3,28.3,2,12,12,3,0,0,233,61
19,Clinic,Rural,AB+,5,10,Summer,38.0,25.6,2,13,4,4,0,0,26,43
10,General,Urban,B+,4,9,Monsoon,27.1,39.3,6,10,6,7,0,0,127,53
19,Clinic,Rural,A+,7,3,Summer,33.6,20.8,8,8,6,0,0,0,38,37
14,Trauma,Urban,O+,5,10,Summer,32.1,15.8,4,10,12,11,0,0,236,66
23,General,Semi-Urban,B+,4,5,Summer,32.8,2.9,2,7,4,8,0,0,117,49
9,General,Urban,O+,3,8,Monsoon,25.1,108.5,7,13,7,9,0,0,109,58
24,Trauma,Rural,O+,1,9,Monsoon,29.3,123.1,4,14,6,2,1,0,252,57
22,Clinic,Urban,O+,7,12,Winter,15.7,2.6,0,12,5,2,0,1,54,43
9,General,Urban,O+,6,12,Winter,11.3,2.5,3,13,3,5,0,0,128,50
13,Clinic,Rural,A-,2,10,Summer,34.2,9.6,7,2,3,5,0,0,43,28
14,Trauma,Urban,A-,5,7,Monsoon,26.2,174.5,20,11,13,6,0,0,221,81
20,General,Urban,A+,3,5,Summer,32.2,8.4,7,9,12,5,0,1,132,53
18,Trauma,Semi-Urban,B+,4,6,Monsoon,29.7,16.3,7,7,7,7,0,0,215,61
22,Clinic,Urban,AB+,6,12,Winter,9.8,3.5,6,9,6,1,0,0,36,38
10,General,Urban,A+,6,3,Summer,38.7,1.7,1,7,6,7,0,0,130,52
13,Clinic,Rural,O+,2,7,Monsoon,30.2,106.2,2,12,2,3,0,0,35,40
11,General,Semi-Urban,O+,3,9,Monsoon,25.1,36.7,4,8,7,6,0,1,145,52
23,General,Semi-Urban,A+,6,1,Winter,16.6,2.9,12,10,9,2,0,0,126,45
8,Clinic,Rural,B+,7,8,Monsoon,28.5,37.2,8,10,4,3,0,0,38,49
15,Trauma,Urban,O+,1,4,Summer,35.6,31.3,6,9,16,1,0,0,236,61
4,Clinic,Urban,B+,6,4,Summer,32.1,15.7,3,16,4,1,0,1,43,45
22,Clinic,Urban,A+,4,8,Monsoon,22.1,35.4,5,6,5,4,0,0,27,40
10,General,Urban,AB+,5,1,Winter,24.3,3.8,7,6,6,6,0,1,153,47
9,General,Urban,O+,1,2,Winter,20.9,1.1,2,9,8,2,0,0,122,49
15,Trauma,Urban,B+,5,6,Monsoon,27.5,72.7,1,13,13,3,0,0,246,60
13,Clinic,Rural,A+,5,8,Monsoon,27.5,183.3,18,21,6,2,0,0,20,60
22,Clinic,Urban,B+,5,2,Winter,19.9,4.5,3,6,3,4,0,0,34,36
14,Trauma,Urban,B+,6,5,Summer,36.2,5.2,4,10,5,2,0,0,246,52
13,Clinic,Rural,B+,7,4,Summer,27.7,3.2,8,8,3,0,0,0,37,29
3,Clinic,Urban,O+,6,7,Monsoon,25.9,123.8,8,24,8,2,0,0,20,60
1,Trauma,Rural,A+,6,4,Summer,32.6,35.3,7,13,16,1,0,0,215,62
10,General,Urban,O+,7,1,Winter,17.5,3.0,8,11,2,3,0,0,117,45
25,General,Semi-Urban,A+,5,7,Monsoon,29.3,177.4,16,19,10,3,0,0,115,71
23,General,Semi-Urban,O+,5,11,Summer,28.6,16.1,7,8,8,7,0,0,124,49
16,General,Semi-Urban,A+,4,8,Monsoon,23.0,122.5,7,15,7,6,0,0,112,64
16,General,Semi-Urban,O+,6,5,Summer,32.0,3.8,4,12,11,4,0,1,147,55
10,General,Urban,O+,1,6,Monsoon,27.5,72.2,11,8,11,6,0,0,117,65
5,General,Urban,O+,4,2,Winter,20.5,3.0,1,8,6,9,0,0,122,43
1,Trauma,Rural,A+,3,3,Summer,38.9,1.1,3,8,10,4,0,0,252,52
9,General,Urban,O+,7,6,Monsoon,26.1,49.5,9,14,7,2,0,0,120,63
8,Clinic,Rural,O-,1,8,Monsoon,29.5,54.2,10,8,7,2,0,0,36,45
5,General,Urban,O+,5,6,Monsoon,29.1,38.5,2,14,9,4,0,0,114,57
7,Trauma,Urban,A+,2,12,Winter,19.6,2.8,2,3,16,1,1,0,229,49
1,Trauma,Rural,B+,7,8,Monsoon,26.9,140.7,10,17,11,2,0,0,212,72
16,General,Semi-Urban,A+,6,1,Winter,16.8,5.9,6,9,6,3,0,1,148,46
24,Trauma,Rural,B+,2,7,Monsoon,23.8,198.8,2,23,10,8,0,0,231,74
18,Trauma,Semi-Urban,B+,7,7,Monsoon,23.6,157.6,13,23,12,5,0,0,214,81
12,General,Urban,B+,4,1,Winter,19.0,4.1,4,10,8,0,1,0,115,43
11,General,Semi-Urban,O+,7,5,Summer,33.8,29.5,2,14,10,3,0,1,126,46
8,Clinic,Rural,A+,6,11,Summer,32.8,7.8,2,18,5,0,0,0,34,43
4,Clinic,Urban,O+,1,5,Summer,36.0,11.3,5,8,5,5,0,0,35,41
15,Trauma,Urban,A+,2,6,Monsoon,26.4,253.3,9,21,11,0,1,0,238,68
15,Trauma,Urban,O+,3,3,Summer,31.3,7.6,2,6,9,3,0,0,210,50
1,Trauma,Rural,B+,2,1,Winter,17.2,0.2,3,7,15,3,0,0,229,50
11,General,Semi-Urban,AB+,1,4,Summer,36.5,3.3,3,7,8,5,0,1,144,46
7,Trauma,Urban,AB+,7,10,Summer,30.9,10.4,7,11,12,2,0,1,264,54
5,General,Urban,O+,7,12,Winter,18.6,1.4,2,9,6,1,0,0,121,42
18,Trauma,Semi-Urban,B+,4,8,Monsoon,26.8,23.4,7,9,14,3,0,0,226,62
14,Trauma,Urban,A+,2,10,Summer,31.7,20.9,2,3,13,4,0,0,235,50
16,General,Semi-Urban,O+,2,8,Monsoon,26.1,114.3,9,15,6,9,0,1,154,64
18,Trauma,Semi-Urban,B+,7,8,Monsoon,22.3,10.4,10,10,12,2,0,1,265,61
25,General,Semi-Urban,O+,3,6,Monsoon,27.3,166.2,5,19,8,5,0,0,118,66
21,General,Urban,A+,1,1,Winter,13.9,12.5,6,8,8,4,0,0,120,52
16,General,Semi-Urban,O+,3,5,Summer,37.2,6.5,1,9,8,5,0,0,134,48
22,Clinic,Urban,A+,4,11,Summer,33.7,16.4,4,6,2,2,0,0,37,30
12,General,Urban,B+,5,7,Monsoon,25.3,34.3,2,8,4,0,1,0,117,38
25,General,Semi-Urban,O+,3,10,Summer,37.5,12.9,7,7,9,2,1,0,142,39
20,General,Urban,B+,7,1,Winter,14.9,4.8,0,14,7,3,0,1,133,53
17,Trauma,Semi-Urban,B+,5,3,Summer,31.8,10.4,2,6,7,1,0,1,257,40
23,General,Semi-Urban,O+,7,4,Summer,28.5,5.7,3,13,12,1,0,0,128,51
13,Clinic,Rural,A+,3,5,Summer,37.9,7.5,2,4,4,4,0,0,35,35
19,Clinic,Rural,A+,5,12,Winter,23.6,0.5,1,6,3,3,0,0,35,26
8,Clinic,Rural,A+,3,6,Monsoon,22.0,85.1,7,8,5,3,0,0,41,45
25,General,Semi-Urban,A+,5,8,Monsoon,24.6,227.7,10,23,10,9,0,0,106,74
16,General,Semi-Urban,A+,6,8,Monsoon,27.2,25.7,10,14,9,1,0,0,114,61
20,General,Urban,O+,3,6,Monsoon,25.5,197.9,3,18,9,5,0,0,126,62
12,General,Urban,B+,7,12,Winter,17.9,2.6,4,11,4,4,0,0,126,51
22,Clinic,Urban,A+,7,3,Summer,33.6,1.6,1,11,6,1,0,0,32,42
2,Trauma,Semi-Urban,B+,7,1,Winter,19.2,6.0,1,17,12,0,0,0,219,56
3,Clinic,Urban,B+,2,9,Monsoon,24.1,86.0,7,14,4,5,0,0,33,55
13,Clinic,Rural,A+,6,8,Monsoon,27.6,31.7,4,10,4,0,0,0,40,37
19,Clinic,Rural,B+,1,4,Summer,30.7,6.0,1,7,2,4,0,0,38,32
21,General,Urban,A+,1,11,Summer,32.8,7.2,2,8,9,0,0,0,129,45
12,General,Urban,A+,7,2,Winter,12.8,2.9,1,17,8,1,0,0,125,52
17,Trauma,Semi-Urban,AB+,2,4,Summer,32.8,12.9,2,5,12,5,0,0,256,53
14,Trauma,Urban,O+,7,2,Winter,16.3,3.8,3,9,13,3,0,1,253,59
25,General,Semi-Urban,O+,4,3,Summer,36.8,19.6,7,8,6,4,0,1,156,44
17,Trauma,Semi-Urban,O+,3,9,Monsoon,26.8,83.6,10,11,15,2,0,0,227,68
11,General,Semi-Urban,A+,1,9,Monsoon,27.4,104.6,8,12,9,6,0,1,128,62
25,General,Semi-Urban,A+,5,8,Monsoon,26.9,86.1,13,20,7,5,0,0,102,68
3,Clinic,Urban,O+,6,11,Summer,27.6,0.4,5,11,5,0,0,1,69,36
25,General,Semi-Urban,O-,4,1,Winter,12.0,1.0,5,10,5,11,0,0,129,55
4,Clinic,Urban,A+,6,8,Monsoon,26.0,34.1,3,9,4,0,0,0,36,40
8,Clinic,Rural,B+,3,2,Winter,18.8,3.2,5,7,6,6,0,0,37,38
21,General,Urban,O+,4,12,Winter,17.3,3.4,3,7,7,0,1,0,126,33
19,Clinic,Rural,A+,3,8,Monsoon,24.4,66.8,4,9,4,1,0,0,32,38
25,General,Semi-Urban,A+,5,10,Summer,33.3,16.5,5,7,6,10,0,0,118,50
19,Clinic,Rural,B+,1,7,Monsoon,26.0,128.1,6,10,5,6,0,0,35,46
16,General,Semi-Urban,AB+,4,5,Summer,36.3,9.9,2,9,5,5,0,0,124,49
9,General,Urban,A+,4,9,Monsoon,29.2,139.2,4,16,7,8,0,1,150,61
1,Trauma,Rural,O+,4,11,Summer,32.3,8.8,5,8,8,6,0,0,239,59
4,Clinic,Urban,A+,4,3,Summer,33.9,14.1,8,7,4,3,0,0,35,43
8,Clinic,Rural,B+,5,11,Summer,34.8,0.7,3,6,2,1,0,1,60,25
2,Trauma,Semi-Urban,A+,4,9,Monsoon,28.3,73.0,2,6,16,3,0,0,228,61
13,Clinic,Rural,B+,2,2,Winter,23.0,5.8,2,3,4,2,1,0,39,25
20,General,Urban,B+,2,12,Winter,17.9,3.2,3,9,9,2,0,0,127,48
25,General,Semi-Urban,A+,5,3,Summer,37.5,4.2,8,8,10,1,0,0,122,50
13,Clinic,Rural,O+,7,8,Monsoon,23.5,95.4,8,17,2,2,1,0,30,47
22,Clinic,Urban,B+,6,2,Winter,16.1,2.6,5,11,5,2,0,0,43,43
25,General,Semi-Urban,O+,5,3,Summer,27.6,14.5,8,5,10,6,0,0,113,50
22,Clinic,Urban,O+,7,8,Monsoon,27.5,43.0,9,17,3,4,0,0,38,58
12,General,Urban,B+,7,9,Monsoon,28.9,70.3,4,20,14,7,0,0,121,67
9,General,Urban,AB+,4,9,Monsoon,19.3,31.0,4,12,8,4,0,0,122,52
25,General,Semi-Urban,B+,1,5,Summer,34.6,7.2,7,9,3,5,0,0,128,44
7,Trauma,Urban,O+,5,10,Summer,35.8,12.6,2,9,6,4,0,0,239,52
11,General,Semi-Urban,A+,5,1,Winter,19.6,0.5,6,10,7,4,0,0,116,48
2,Trauma,Semi-Urban,A+,2,11,Summer,30.4,10.0,2,6,11,6,0,0,230,48
20,General,Urban,AB+,6,4,Summer,36.3,3.3,6,13,10,2,0,0,131,51
17,Trauma,Semi-Urban,B+,7,8,Monsoon,27.0,63.0,4,12,17,4,0,0,218,66
3,Clinic,Urban,AB+,3,11,Summer,35.8,2.8,5,8,3,2,0,0,37,37
6,General,Urban,B+,4,4,Summer,33.6,40.1,2,5,11,4,0,0,114,44
14,Trauma,Urban,A+,2,5,Summer,35.1,20.4,4,8,11,2,0,0,229,50
14,Trauma,Urban,B+,2,10,Summer,37.3,9.1,3,7,9,5,0,0,240,50
21,General,Urban,B+,2,11,Summer,33.4,28.5,5,13,8,6,0,0,124,52
7,Trauma,Urban,B+,3,3,Summer,34.9,5.9,3,9,9,1,0,0,239,54
24,Trauma,Rural,O+,2,7,Monsoon,30.7,169.0,13,13,13,5,0,0,217,72
12,General,Urban,AB+,2,4,Summer,33.6,14.7,8,7,12,3,0,0,127,49
21,General,Urban,O+,4,7,Monsoon,23.6,45.8,8,7,6,3,0,0,130,50
6,General,Urban,A+,5,5,Summer,36.0,16.8,3,4,4,7,0,0,122,45
1,Trauma,Rural,O+,3,1,Winter,22.3,6.0,1,3,10,5,0,0,241,43
2,Trauma,Semi-Urban,A+,4,12,Winter,21.9,3.0,2,10,22,4,0,0,213,67
10,General,Urban,O+,2,8,Monsoon,29.1,135.4,7,15,4,6,0,0,130,57
24,Trauma,Rural,B+,5,6,Monsoon,20.0,127.4,9,14,19,6,0,0,201,80
2,Trauma,Semi-Urban,A+,5,2,Winter,16.1,3.9,4,7,19,2,0,0,221,61
10,General,Urban,O+,7,1,Winter,16.2,0.8,5,7,7,3,0,0,129,49
3,Clinic,Urban,A+,1,6,Monsoon,27.1,93.8,6,7,3,4,0,0,36,44
24,Trauma,Rural,AB+,6,8,Monsoon,32.1,4.3,1,15,12,2,0,0,244,65
17,Trauma,Semi-Urban,O+,3,4,Summer,30.8,10.1,11,7,14,5,0,0,225,59
20,General,Urban,O+,1,9,Monsoon,33.7,113.2,8,22,5,8,0,0,111,71
18,Trauma,Semi-Urban,O+,5,5,Summer,32.9,4.4,7,4,18,4,0,0,252,59
17,Trauma,Semi-Urban,O+,2,1,Winter,15.7,5.6,6,10,12,6,0,0,233,60
20,General,Urban,O+,2,7,Monsoon,29.5,51.3,11,12,11,6,0,0,111,66
1,Trauma,Rural,B+,7,3,Summer,36.8,4.5,7,12,11,1,0,0,217,59
22,Clinic,Urban,B+,2,1,Winter,19.9,5.0,1,9,5,3,0,0,33,39
19,Clinic,Rural,O+,4,2,Winter,15.7,8.3,2,5,1,3,0,0,37,28
19,Clinic,Rural,O+,2,4,Summer,35.5,12.0,3,4,5,4,0,0,46,32
10,General,Urban,O+,1,7,Monsoon,23.9,190.7,5,17,15,3,0,1,133,70
21,General,Urban,O-,1,12,Winter,15.6,1.7,2,9,9,6,0,0,119,50
10,General,Urban,O-,1,3,Summer,33.7,5.1,3,7,3,13,0,0,137,46
2,Trauma,Semi-Urban,B+,4,1,Winter,15.5,6.6,5,8,9,3,0,0,227,51
23,General,Semi-Urban,O+,4,3,Summer,37.2,16.1,4,5,5,4,0,0,138,38
6,General,Urban,B+,1,4,Summer,32.3,3.1,3,10,11,5,0,0,125,50
3,Clinic,Urban,O+,3,3,Summer,33.3,30.9,2,11,4,2,0,0,30,40
16,General,Semi-Urban,AB+,2,4,Summer,31.4,10.1,4,7,4,7,0,0,113,46
6,General,Urban,A+,4,12,Winter,21.1,3.1,4,6,11,5,0,0,129,44
22,Clinic,Urban,O+,7,5,Summer,32.0,33.8,6,15,3,1,0,0,33,43
12,General,Urban,B+,5,8,Monsoon,30.4,194.3,10,8,8,6,0,0,114,57
1,Trauma,Rural,O+,7,9,Monsoon,30.2,184.4,12,24,17,0,1,0,217,81
24,Trauma,Rural,O+,2,2,Winter,16.7,1.8,1,8,4,6,0,0,245,45
13,Clinic,Rural,B+,2,3,Summer,34.1,13.5,2,13,4,3,0,0,32,39
7,Trauma,Urban,A+,6,5,Summer,32.6,15.5,2,16,17,2,0,0,226,69
17,Trauma,Semi-Urban,O-,3,6,Monsoon,28.6,35.9,5,7,8,0,1,1,246,55
14,Trauma,Urban,O-,6,1,Winter,17.4,0.9,10,18,15,1,0,0,226,70
1,Trauma,Rural,A+,4,8,Monsoon,25.7,69.9,7,9,10,3,0,0,224,58
19,Clinic,Rural,A+,2,4,Summer,34.1,19.5,4,5,3,2,0,0,37,31
11,General,Semi-Urban,O+,6,4,Summer,29.3,0.6,2,15,10,0,0,0,127,48
18,Trauma,Semi-Urban,B+,4,8,Monsoon,26.8,82.9,5,13,9,3,0,0,206,65
23,General,Semi-Urban,O+,6,12,Winter,19.9,1.1,2,5,5,1,0,0,128,39
16,General,Semi-Urban,B+,4,11,Summer,34.4,20.9,4,4,2,6,0,0,113,40
17,Trauma,Semi-Urban,O+,1,12,Winter,20.9,4.0,1,6,9,9,0,0,237,51
7,Trauma,Urban,O+,5,5,Summer,32.9,3.6,6,3,14,3,0,0,243,56
6,General,Urban,O+,1,2,Winter,16.6,6.1,4,9,7,2,0,0,128,46
11,General,Semi-Urban,B+,5,3,Summer,30.6,13.8,2,3,2,8,0,0,127,38
22,Clinic,Urban,A+,3,5,Summer,32.8,9.0,1,7,1,3,0,0,44,32
14,Trauma,Urban,O+,6,4,Summer,39.9,40.4,3,13,12,3,0,0,225,64
9,General,Urban,B+,7,3,Summer,34.8,9.8,3,15,12,1,0,0,119,55
20,General,Urban,O+,3,2,Winter,16.2,2.0,3,6,6,7,0,0,133,47
22,Clinic,Urban,A+,7,3,Summer,31.0,16.9,2,14,4,1,0,0,34,45
23,General,Semi-Urban,A+,1,8,Monsoon,22.2,219.9,4,16,11,4,0,0,111,56
8,Clinic,Rural,O+,1,6,Monsoon,24.5,5.9,11,4,4,5,0,0,44,43
18,Trauma,Semi-Urban,A+,7,1,Winter,20.3,6.9,2,12,8,1,0,0,253,52
15,Trauma,Urban,A+,5,7,Monsoon,25.7,122.9,13,11,9,6,0,0,215,70
12,General,Urban,A+,4,11,Summer,31.1,28.7,2,5,7,7,0,0,132,46
10,General,Urban,B+,2,6,Monsoon,24.5,175.1,10,20,4,7,0,0,116,71
3,Clinic,Urban,O+,3,4,Summer,35.9,15.1,1,11,4,6,0,1,64,43
7,Trauma,Urban,A+,5,4,Summer,33.8,17.1,2,7,7,4,0,0,228,52
14,Trauma,Urban,O+,6,5,Summer,32.1,12.0,4,9,9,2,0,0,247,54
23,General,Semi-Urban,O+,7,4,Summer,33.1,29.5,5,8,8,1,1,0,129,46
22,Clinic,Urban,O+,3,12,Winter,24.6,1.7,9,7,6,4,0,0,27,46
5,General,Urban,A+,4,12,Winter,21.7,3.4,4,10,7,6,0,0,121,47
17,Trauma,Semi-Urban,A+,2,5,Summer,38.4,19.6,3,11,13,3,0,0,218,63
3,Clinic,Urban,O+,1,12,Winter,12.7,6.1,2,10,4,5,0,0,28,39
17,Trauma,Semi-Urban,O+,4,11,Summer,33.5,21.3,5,10,12,5,0,1,260,56
9,General,Urban,O+,5,1,Winter,16.1,4.6,4,9,6,4,0,0,124,49
12,General,Urban,O+,1,6,Monsoon,28.6,149.2,6,18,7,5,0,0,121,67
18,Trauma,Semi-Urban,B+,3,8,Monsoon,30.2,120.4,4,13,12,2,0,0,218,63
11,General,Semi-Urban,A+,5,6,Monsoon,28.0,232.6,11,24,13,9,0,0,118,82
21,General,Urban,AB+,6,6,Monsoon,24.4,43.8,2,11,10,4,0,0,115,54
14,Trauma,Urban,B+,7,6,Monsoon,25.0,148.8,4,17,13,4,0,0,233,71
25,General,Semi-Urban,O+,3,9,Monsoon,28.9,76.6,3,14,5,5,0,0,110,56
16,General,Semi-Urban,B+,3,4,Summer,36.2,12.7,6,10,4,3,1,0,122,44
8,Clinic,Rural,O+,7,8,Monsoon,27.4,243.9,26,18,7,0,0,0,20,60
20,General,Urban,O+,5,3,Summer,34.4,35.3,5,13,8,6,0,0,114,58
11,General,Semi-Urban,A+,2,11,Summer,34.2,29.5,2,13,9,6,0,0,130,50
14,Trauma,Urban,B+,5,2,Winter,18.8,2.2,8,8,13,1,0,0,245,58
4,Clinic,Urban,O+,2,1,Winter,20.1,2.0,2,7,7,1,0,1,59,38
3,Clinic,Urban,A-,4,1,Winter,19.9,1.0,3,7,0,1,0,0,46,31
15,Trauma,Urban,B+,3,5,Summer,34.1,31.2,6,7,15,4,0,0,223,64
5,General,Urban,O+,7,8,Monsoon,26.9,36.9,4,13,10,3,0,1,138,61
25,General,Semi-Urban,O+,1,12,Winter,17.7,2.6,5,6,3,5,0,1,163,40
22,Clinic,Urban,O+,6,6,Monsoon,24.7,57.4,3,20,5,1,0,0,42,50
18,Trauma,Semi-Urban,O+,2,3,Summer,31.6,7.0,1,14,9,4,0,0,219,59
19,Clinic,Rural,O+,1,5,Summer,35.6,1.9,3,7,1,1,0,0,43,27
15,Trauma,Urban,O+,5,2,Winter,15.9,2.4,3,10,9,4,0,1,245,57
2,Trauma,Semi-Urban,A+,5,6,Monsoon,29.4,96.1,6,11,12,2,0,0,231,62
10,General,Urban,O-,1,9,Monsoon,26.8,31.9,1,9,7,1,0,0,125,46
13,Clinic,Rural,B+,1,1,Winter,20.5,1.8,3,12,3,3,0,0,33,38
23,General,Semi-Urban,O+,1,10,Summer,35.9,28.2,2,5,8,5,0,0,125,44
6,General,Urban,A+,3,3,Summer,36.5,5.3,0,6,8,3,1,0,132,41
13,Clinic,Rural,O+,1,9,Monsoon,25.6,79.1,6,11,1,4,0,0,36,44
9,General,Urban,B+,5,10,Summer,35.2,11.5,0,9,7,3,0,0,139,49
4,Clinic,Urban,B+,1,10,Summer,36.2,6.3,3,8,4,4,0,0,40,37
3,Clinic,Urban,O+,6,9,Monsoon,22.3,160.0,13,17,2,0,0,0,25,53
10,General,Urban,O+,7,9,Monsoon,32.1,189.7,12,16,7,1,0,0,115,62
3,Clinic,Urban,O+,6,3,Summer,40.8,3.2,2,6,3,1,0,0,39,35
2,Trauma,Semi-Urban,B+,7,2,Winter,20.8,2.2,4,14,10,1,0,0,230,61
9,General,Urban,O+,7,5,Summer,36.4,5.9,12,8,4,4,0,0,123,46
6,General,Urban,B+,1,8,Monsoon,28.8,67.2,9,12,8,1,1,0,131,59
14,Trauma,Urban,O+,3,8,Monsoon,26.0,83.2,0,19,13,3,0,1,237,67
1,Trauma,Rural,A+,6,10,Summer,33.7,2.0,2,13,10,1,0,1,261,51
8,Clinic,Rural,B+,3,4,Summer,36.9,11.5,10,12,6,4,0,0,30,45
12,General,Urban,B+,6,11,Summer,31.1,35.5,5,13,3,5,0,0,114,50
25,General,Semi-Urban,A-,6,6,Monsoon,23.8,178.3,6,14,10,3,0,0,130,59
16,General,Semi-Urban,AB+,7,3,Summer,32.8,13.4,1,14,6,5,0,1,157,51
23,General,Semi-Urban,A+,3,9,Monsoon,29.0,19.5,2,8,4,1,0,1,147,44
9,General,Urban,O+,3,2,Winter,15.4,5.9,0,7,2,12,0,0,135,46
12,General,Urban,O+,1,5,Summer,33.3,8.3,3,9,11,7,0,0,115,57
11,General,Semi-Urban,B+,2,10,Summer,33.7,24.3,2,8,5,7,0,1,141,46
23,General,Semi-Urban,AB-,2,10,Summer,31.0,21.7,3,14,6,3,0,1,152,54
24,Trauma,Rural,O-,4,4,Summer,26.7,9.1,3,5,17,4,0,0,236,51
25,General,Semi-Urban,B+,3,2,Winter,14.9,3.1,4,5,4,6,0,0,129,41
19,Clinic,Rural,A+,6,1,Winter,18.8,1.7,5,18,8,1,0,0,31,50
13,Clinic,Rural,A+,6,2,Winter,19.5,0.7,3,14,5,1,0,0,45,41
14,Trauma,Urban,O+,6,10,Summer,35.5,11.3,1,15,8,1,0,1,242,60
25,General,Semi-Urban,B+,1,10,Summer,35.8,18.7,4,9,2,5,0,0,118,46
8,Clinic,Rural,B+,4,7,Monsoon,25.1,88.9,9,10,3,2,0,1,67,44
9,General,Urban,O+,6,7,Monsoon,24.5,75.4,16,8,5,4,0,0,117,59
23,General,Semi-Urban,A-,2,4,Summer,35.1,17.0,3,4,3,6,0,0,125,41
10,General,Urban,O-,3,3,Summer,33.4,10.2,4,4,7,8,0,0,131,45
6,General,Urban,B+,6,1,Winter,20.7,3.8,4,8,8,5,0,0,128,45
15,Trauma,Urban,AB+,6,9,Monsoon,28.1,64.8,4,18,15,0,0,0,222,74
9,General,Urban,O-,6,1,Winter,21.9,3.2,4,14,7,4,0,0,131,55
23,General,Semi-Urban,O+,4,2,Winter,16.6,1.1,2,5,10,7,0,0,122,46
23,General,Semi-Urban,B+,3,10,Summer,37.2,6.7,6,5,4,6,0,0,136,44
8,Clinic,Rural,AB+,3,7,Monsoon,33.1,238.4,3,16,5,4,0,0,32,50
14,Trauma,Urban,A+,5,6,Monsoon,27.2,27.1,3,11,7,5,0,0,230,64
25,General,Semi-Urban,O+,3,3,Summer,35.5,36.5,5,13,10,9,0,1,143,55
19,Clinic,Rural,B+,3,2,Winter,15.2,3.7,4,6,6,2,0,0,41,33
6,General,Urban,B+,2,6,Monsoon,29.7,20.3,5,13,11,4,0,0,110,59
15,Trauma,Urban,B+,4,5,Summer,37.4,21.2,5,13,5,3,0,1,242,61
16,General,Semi-Urban,O+,2,7,Monsoon,25.5,25.9,4,12,6,8,0,0,123,62
17,Trauma,Semi-Urban,B+,4,2,Winter,19.8,5.7,1,10,6,3,0,0,233,53
1,Trauma,Rural,B+,7,3,Summer,34.8,15.7,8,23,11,4,0,0,215,67
8,Clinic,Rural,B+,6,2,Winter,19.2,3.5,6,11,5,1,0,0,44,32
22,Clinic,Urban,B-,4,6,Monsoon,29.4,101.9,6,13,5,5,0,0,33,51
7,Trauma,Urban,B+,7,4,Summer,35.6,14.9,1,12,13,2,0,1,252,60
8,Clinic,Rural,B+,7,3,Summer,33.6,9.9,2,15,5,3,0,0,41,43
9,General,Urban,O+,4,7,Monsoon,29.5,260.8,14,21,9,3,1,0,113,70
5,General,Urban,B+,6,6,Monsoon,30.3,199.2,28,18,8,7,0,0,104,87
4,Clinic,Urban,O+,3,3,Summer,32.3,20.6,5,4,5,4,0,1,71,41
9,General,Urban,O+,7,9,Monsoon,27.0,64.9,10,12,5,3,0,0,120,55
22,Clinic,Urban,O+,3,5,Summer,28.7,8.2,3,11,1,3,0,1,55,40
1,Trauma,Rural,B+,2,5,Summer,35.8,14.8,8,9,11,7,0,0,231,58
8,Clinic,Rural,O+,1,6,Monsoon,30.7,60.7,2,12,4,4,0,0,30,48
2,Trauma,Semi-Urban,B+,6,2,Winter,17.2,2.8,1,8,16,1,0,0,235,48
15,Trauma,Urban,A+,3,6,Monsoon,27.4,146.1,12,13,13,2,0,0,224,79
7,Trauma,Urban,A+,6,7,Monsoon,26.3,204.2,6,25,14,1,1,0,218,77
20,General,Urban,B+,1,2,Winter,16.8,4.3,3,12,13,9,0,1,134,57
15,Trauma,Urban,AB+,4,7,Monsoon,27.7,97.5,0,10,13,1,1,0,239,54
20,General,Urban,O-,3,1,Winter,15.6,0.7,4,6,5,5,0,0,108,43
16,General,Semi-Urban,O+,4,8,Monsoon,26.3,141.4,18,13,12,9,0,0,108,79
11,General,Semi-Urban,AB+,2,1,Winter,15.3,6.2,2,6,8,2,0,1,138,43
22,Clinic,Urban,B+,1,3,Summer,35.8,25.4,6,11,4,3,0,0,42,45
12,General,Urban,AB+,3,5,Summer,34.7,54.8,2,12,7,4,0,0,116,52
24,Trauma,Rural,O+,4,8,Monsoon,25.7,58.8,10,9,17,3,0,0,216,69
25,General,Semi-Urban,A+,6,9,Monsoon,27.1,222.6,15,21,6,2,0,0,117,70
15,Trauma,Urban,O+,4,6,Monsoon,26.3,208.1,16,17,9,2,0,0,237,76
17,Trauma,Semi-Urban,O-,2,2,Winter,21.4,4.0,5,10,14,4,0,1,245,59
7,Trauma,Urban,A-,2,5,Summer,32.7,3.3,5,8,15,6,0,0,215,63
21,General,Urban,AB+,5,10,Summer,35.9,27.8,3,6,11,1,1,0,130,45
17,Trauma,Semi-Urban,O+,4,2,Winter,15.9,9.5,7,7,11,5,0,0,271,55
23,General,Semi-Urban,B+,7,9,Monsoon,29.4,34.0,9,18,8,4,0,0,109,66
7,Trauma,Urban,A+,4,5,Summer,37.1,18.9,2,13,8,5,0,0,231,57
20,General,Urban,O-,4,1,Winter,21.3,3.7,3,11,8,7,0,0,133,50
12,General,Urban,A+,1,9,Monsoon,31.4,90.0,9,15,15,4,0,0,114,70
5,General,Urban,B+,2,1,Winter,18.9,0.7,5,10,6,7,0,0,109,51
5,General,Urban,B+,6,5,Summer,37.7,27.4,8,12,15,3,0,0,136,58
15,Trauma,Urban,O-,3,3,Summer,38.9,8.9,2,9,12,6,0,1,236,62
8,Clinic,Rural,O+,3,8,Monsoon,23.6,284.2,19,18,5,2,0,0,38,57
3,Clinic,Urban,O+,5,1,Winter,16.2,3.0,5,7,5,2,0,0,38,31
11,General,Semi-Urban,O-,1,2,Winter,13.5,2.3,2,13,9,5,0,0,116,53
17,Trauma,Semi-Urban,O+,4,7,Monsoon,30.2,64.2,9,12,10,4,0,1,246,67
8,Clinic,Rural,B+,3,12,Winter,13.5,3.1,3,11,6,2,0,0,38,38
24,Trauma,Rural,O+,2,1,Winter,12.7,3.0,2,6,10,2,0,0,234,50
20,General,Urban,O+,3,6,Monsoon,23.7,189.6,6,15,4,7,0,0,122,62
13,Clinic,Rural,A+,4,10,Summer,28.8,10.6,3,7,6,1,0,0,34,35
24,Trauma,Rural,AB+,2,4,Summer,34.8,30.6,0,14,18,5,0,0,225,64
11,General,Semi-Urban,B+,4,6,Monsoon,23.7,186.6,8,16,6,8,0,0,120,73
4,Clinic,Urban,O+,6,11,Summer,28.9,24.5,4,13,4,4,0,0,43,50
1,Trauma,Rural,O+,2,9,Monsoon,26.9,150.8,3,13,11,2,0,0,223,55
24,Trauma,Rural,O-,7,4,Summer,34.1,5.1,5,12,17,2,0,0,232,61
24,Trauma,Rural,B+,5,10,Summer,28.4,22.6,8,5,16,2,0,0,224,58
19,Clinic,Rural,B+,6,9,Monsoon,24.9,187.0,8,15,2,1,0,0,37,48
3,Clinic,Urban,B+,1,7,Monsoon,26.8,218.7,11,21,3,3,0,0,20,60
8,Clinic,Rural,O+,6,6,Monsoon,25.9,21.5,5,12,3,2,0,0,35,43
2,Trauma,Semi-Urban,O+,3,12,Winter,17.0,7.5,4,9,10,4,0,0,229,54
2,Trauma,Semi-Urban,AB+,5,11,Summer,37.5,2.8,5,5,9,6,0,0,262,55
7,Trauma,Urban,B+,6,12,Winter,24.4,5.6,1,13,14,4,0,0,219,60
15,Trauma,Urban,B+,2,9,Monsoon,26.1,122.5,9,13,16,4,0,0,216,76
2,Trauma,Semi-Urban,A+,2,5,Summer,30.0,6.0,8,7,7,6,0,0,233,51
25,General,Semi-Urban,B+,1,2,Winter,17.3,3.9,1,6,6,5,0,0,133,41
12,General,Urban,B+,5,2,Winter,18.6,3.3,3,8,10,10,0,0,134,55
7,Trauma,Urban,O+,6,12,Winter,17.8,5.2,11,7,19,3,0,0,231,67
13,Clinic,Rural,A+,3,5,Summer,35.8,13.2,4,8,7,2,0,0,42,38
20,General,Urban,O+,2,2,Winter,24.6,4.7,6,10,6,8,0,0,125,50
8,Clinic,Rural,B+,3,3,Summer,28.9,10.1,3,7,4,5,0,0,42,32
2,Trauma,Semi-Urban,A+,3,1,Winter,16.5,14.7,3,6,13,5,0,0,216,56
2,Trauma,Semi-Urban,O+,7,7,Monsoon,31.6,118.2,6,15,13,0,0,0,232,64
22,Clinic,Urban,O+,1,8,Monsoon,25.4,64.7,8,9,1,6,0,0,34,40
3,Clinic,Urban,O+,3,5,Summer,36.4,8.4,4,5,6,2,0,1,64,43
16,General,Semi-Urban,A+,5,9,Monsoon,28.9,152.3,11,16,4,4,0,0,114,60
10,General,Urban,B+,2,6,Monsoon,30.7,320.0,16,20,5,5,0,1,141,70
20,General,Urban,O+,7,12,Winter,23.7,8.3,3,15,7,1,0,0,132,49
2,Trauma,Semi-Urban,O-,7,10,Summer,35.0,12.7,4,13,13,1,0,1,254,55
23,General,Semi-Urban,AB+,3,1,Winter,12.8,0.7,8,4,4,5,0,0,132,42
18,Trauma,Semi-Urban,A+,6,4,Summer,31.9,6.3,4,15,16,3,0,0,228,69
12,General,Urban,O+,6,10,Summer,40.6,7.8,2,12,8,3,0,1,158,55
6,General,Urban,AB+,5,7,Monsoon,22.8,17.9,7,11,5,3,0,1,150,59
25,General,Semi-Urban,B+,2,10,Summer,35.5,11.1,7,8,6,8,0,0,118,48
8,Clinic,Rural,O+,1,5,Summer,26.5,20.0,2,9,4,6,0,0,37,35
13,Clinic,Rural,A+,3,1,Winter,13.9,2.7,6,11,3,2,0,0,39,36
10,General,Urban,O-,1,10,Summer,36.7,23.5,2,10,8,3,0,0,115,48
6,General,Urban,B+,3,10,Summer,34.1,8.3,3,5,2,6,0,0,120,41
11,General,Semi-Urban,O+,5,8,Monsoon,25.9,28.6,7,13,9,5,0,0,110,60
4,Clinic,Urban,B+,5,5,Summer,31.6,7.1,5,11,4,3,0,0,36,39
1,Trauma,Rural,A+,2,1,Winter,12.0,1.8,1,10,11,2,0,0,225,54
8,Clinic,Rural,A+,1,9,Monsoon,29.1,22.6,2,12,6,5,0,0,30,47
3,Clinic,Urban,A+,2,8,Monsoon,26.2,39.9,10,11,4,3,0,0,23,53
11,General,Semi-Urban,A+,4,9,Monsoon,22.4,15.0,4,9,2,6,0,0,129,53
22,Clinic,Urban,A+,6,3,Summer,34.1,1.7,4,11,6,2,0,0,29,47
5,General,Urban,O+,3,9,Monsoon,28.7,67.6,2,12,8,8,0,0,131,56
1,Trauma,Rural,B+,3,9,Monsoon,26.4,56.8,16,7,12,3,0,0,249,64
3,Clinic,Urban,B-,4,11,Summer,34.3,44.4,6,11,6,3,0,1,62,44
13,Clinic,Rural,AB+,1,7,Monsoon,27.1,41.4,4,11,5,4,0,0,36,41
7,Trauma,Urban,B+,2,9,Monsoon,24.9,64.0,1,17,9,5,0,0,226,75
13,Clinic,Rural,O-,1,5,Summer,34.2,14.5,3,14,1,0,0,0,33,36
1,Trauma,Rural,O+,4,9,Monsoon,29.2,171.2,8,21,6,8,0,0,217,71
9,General,Urban,O+,4,9,Monsoon,30.1,213.5,21,15,8,6,0,1,144,75
11,General,Semi-Urban,O+,5,10,Summer,36.4,14.6,10,11,7,6,0,0,123,56
11,General,Semi-Urban,O+,5,11,Summer,32.0,11.2,2,11,14,9,0,0,111,59
14,Trauma,Urban,AB-,3,1,Winter,19.9,1.9,3,8,11,5,0,0,228,56
20,General,Urban,A-,7,10,Summer,35.4,13.3,6,11,8,6,0,0,120,55
12,General,Urban,AB+,7,10,Summer,31.9,29.4,0,14,8,3,0,0,119,55
22,Clinic,Urban,A+,1,7,Monsoon,25.6,92.4,4,11,7,3,0,0,35,47
14,Trauma,Urban,O+,7,7,Monsoon,29.0,120.1,9,15,8,4,0,0,217,70
7,Trauma,Urban,AB+,2,9,Monsoon,31.1,157.7,8,18,11,4,0,0,201,76
6,General,Urban,B+,2,6,Monsoon,21.6,113.4,5,9,8,2,0,1,141,49
9,General,Urban,B+,4,5,Summer,38.9,18.2,3,10,12,7,0,0,125,60
15,Trauma,Urban,A+,1,10,Summer,37.5,15.7,5,9,12,3,0,0,204,59
7,Trauma,Urban,B+,3,10,Summer,34.6,5.0,1,6,20,5,0,0,235,62
23,General,Semi-Urban,A+,2,3,Summer,33.3,13.5,3,11,10,3,0,0,130,52
12,General,Urban,O+,4,10,Summer,35.2,14.6,5,6,2,1,1,0,128,35
22,Clinic,Urban,A+,6,4,Summer,32.1,37.4,1,14,3,3,0,1,61,42
18,Trauma,Semi-Urban,B+,7,2,Winter,17.5,2.0,8,14,8,2,0,0,220,56
9,General,Urban,O-,2,11,Summer,29.6,14.1,1,7,5,6,0,0,127,46
6,General,Urban,A+,4,3,Summer,28.8,9.2,1,14,4,6,0,0,119,48
19,Clinic,Rural,B+,4,3,Summer,41.0,35.3,4,9,5,5,0,0,32,44
9,General,Urban,B+,3,4,Summer,34.2,26.7,4,8,3,15,0,0,118,47
7,Trauma,Urban,O+,5,6,Monsoon,27.6,99.4,10,10,21,2,0,0,216,75
24,Trauma,Rural,O+,7,2,Winter,17.9,0.1,8,10,14,3,0,0,228,59
13,Clinic,Rural,O+,3,2,Winter,15.5,7.9,6,8,4,1,0,0,32,33
2,Trauma,Semi-Urban,B+,1,5,Summer,33.1,3.1,8,11,10,5,0,0,237,56
13,Clinic,Rural,A+,7,3,Summer,34.3,1.9,2,12,3,2,0,0,41,37
12,General,Urban,B+,7,3,Summer,33.4,23.6,4,10,2,4,0,1,141,43
22,Clinic,Urban,O-,3,11,Summer,31.7,17.5,6,3,0,3,0,1,66,31
18,Trauma,Semi-Urban,O+,4,8,Monsoon,28.4,115.8,10,11,10,3,0,0,226,64
5,General,Urban,A+,7,1,Winter,18.6,2.1,3,9,6,2,0,0,126,42
4,Clinic,Urban,O+,4,2,Winter,19.2,0.7,4,8,2,0,0,0,44,34
16,General,Semi-Urban,B-,4,10,Summer,36.1,0.5,1,5,6,4,0,0,131,42
2,Trauma,Semi-Urban,O-,7,4,Summer,33.5,16.3,2,11,7,2,0,0,223,45
8,Clinic,Rural,B+,6,2,Winter,17.5,1.1,3,7,1,1,0,0,36,33
4,Clinic,Urban,O+,4,8,Monsoon,31.4,129.8,7,16,4,5,0,0,28,56
1,Trauma,Rural,AB+,2,11,Summer,31.2,4.2,0,11,11,5,0,0,226,59
23,General,Semi-Urban,B+,4,5,Summer,28.4,14.2,8,8,6,4,0,0,122,46
3,Clinic,Urban,B-,5,9,Monsoon,28.7,36.8,11,10,8,3,0,0,35,60
1,Trauma,Rural,O+,2,6,Monsoon,25.1,154.0,9,10,12,2,0,0,228,66
24,Trauma,Rural,A+,4,2,Winter,14.8,4.5,5,7,8,6,0,0,234,50
5,General,Urban,B+,5,10,Summer,36.7,13.2,2,3,4,9,0,1,163,45
21,General,Urban,O+,1,12,Winter,17.6,1.6,10,5,3,6,0,0,137,42
1,Trauma,Rural,O+,4,12,Winter,14.2,0.8,0,13,11,4,0,0,235,56
4,Clinic,Urban,B+,6,2,Winter,23.8,4.7,2,14,4,1,0,0,39,42
3,Clinic,Urban,O+,2,7,Monsoon,22.2,54.4,6,6,5,4,0,0,31,47
18,Trauma,Semi-Urban,O-,4,8,Monsoon,26.7,90.2,2,21,15,2,0,0,233,70
16,General,Semi-Urban,O+,5,1,Winter,12.3,3.4,3,7,6,8,0,0,132,48
12,General,Urban,A+,1,12,Winter,18.8,3.3,6,11,6,1,1,0,111,43
7,Trauma,Urban,A+,5,2,Winter,16.1,7.7,1,6,19,5,0,0,210,61
3,Clinic,Urban,B+,2,4,Summer,36.5,11.6,2,8,5,1,0,0,39,36
15,Trauma,Urban,B+,3,12,Winter,17.9,1.4,6,8,15,5,0,0,232,61
6,General,Urban,A+,5,7,Monsoon,31.1,136.0,4,13,4,9,0,0,130,60
15,Trauma,Urban,O+,1,9,Monsoon,25.7,132.8,6,8,14,5,0,0,250,67
18,Trauma,Semi-Urban,O+,1,6,Monsoon,22.2,49.6,11,10,16,0,0,0,228,71
22,Clinic,Urban,O+,4,10,Summer,34.7,5.6,2,12,2,8,0,0,30,42
13,Clinic,Rural,O+,7,1,Winter,17.2,4.5,3,7,4,0,0,0,48,30
1,Trauma,Rural,B+,1,9,Monsoon,21.5,30.2,2,9,10,4,0,0,233,57
8,Clinic,Rural,O+,6,1,Winter,14.8,4.5,3,12,5,4,0,0,29,42
22,Clinic,Urban,B+,1,3,Summer,31.8,32.1,1,11,2,4,0,0,40,36
14,Trauma,Urban,B+,4,7,Monsoon,31.7,134.8,14,15,8,5,0,0,226,76
16,General,Semi-Urban,O+,4,6,Monsoon,29.1,228.4,19,22,8,7,0,0,119,74
12,General,Urban,B+,4,2,Winter,17.0,3.6,3,11,7,9,0,0,117,55
5,General,Urban,B+,1,10,Summer,35.4,12.6,3,9,7,9,0,0,111,54
23,General,Semi-Urban,O+,6,4,Summer,27.9,13.8,1,14,6,2,0,0,116,44
20,General,Urban,AB-,2,11,Summer,32.3,17.0,4,11,7,6,0,0,124,51
25,General,Semi-Urban,AB-,6,1,Winter,19.2,4.7,5,11,4,2,0,0,132,46
22,Clinic,Urban,O-,5,3,Summer,34.5,5.8,4,7,3,2,0,0,33,35
8,Clinic,Rural,AB+,4,4,Summer,32.4,11.8,4,14,4,3,0,0,39,38
7,Trauma,Urban,A+,3,8,Monsoon,26.9,182.0,6,15,15,7,0,0,236,76
7,Trauma,Urban,O+,5,5,Summer,35.0,4.7,2,9,14,7,0,1,230,64
23,General,Semi-Urban,O-,7,2,Winter,18.0,3.9,3,10,7,3,0,0,126,44
14,Trauma,Urban,O+,7,7,Monsoon,29.6,118.7,5,13,11,3,0,0,228,64
12,General,Urban,O+,7,12,Winter,19.0,4.8,5,16,5,2,0,1,146,55
25,General,Semi-Urban,O+,2,2,Winter,19.5,0.8,6,11,5,6,0,0,128,47
16,General,Semi-Urban,B-,5,4,Summer,39.1,4.6,1,9,4,5,0,1,157,47
23,General,Semi-Urban,O-,3,6,Monsoon,29.5,177.6,10,14,10,5,0,0,113,61
25,General,Semi-Urban,B+,7,9,Monsoon,32.2,175.7,15,19,7,4,0,0,125,66
2,Trauma,Semi-Urban,B+,7,2,Winter,16.0,3.5,6,18,13,3,0,0,227,65
10,General,Urban,AB+,7,3,Summer,29.2,15.2,2,13,9,4,0,1,152,55
19,Clinic,Rural,O-,2,3,Summer,33.6,5.2,8,14,7,10,0,0,35,50
21,General,Urban,A+,3,8,Monsoon,26.3,27.8,3,12,7,11,0,0,126,59
4,Clinic,Urban,O+,5,1,Winter,22.4,0.6,4,9,2,3,0,0,41,36
8,Clinic,Rural,A+,6,8,Monsoon,23.6,27.2,3,18,4,1,0,0,35,45
14,Trauma,Urban,B+,3,6,Monsoon,26.8,107.7,6,9,11,6,0,0,240,66
20,General,Urban,O+,1,4,Summer,35.2,10.9,1,3,5,3,0,0,141,37
3,Clinic,Urban,A+,1,11,Summer,34.3,13.2,6,15,6,2,0,0,35,46
16,General,Semi-Urban,AB+,5,10,Summer,33.5,13.0,8,5,7,9,0,0,119,46
8,Clinic,Rural,B+,4,10,Summer,35.1,4.5,9,10,1,7,0,0,39,40
6,General,Urban,B+,4,11,Summer,37.2,15.9,3,6,9,6,0,0,106,54
13,Clinic,Rural,A+,6,3,Summer,38.6,28.0,13,13,11,2,0,0,39,52
11,General,Semi-Urban,B+,1,11,Summer,34.1,4.6,2,9,4,10,0,0,128,50
16,General,Semi-Urban,B+,6,3,Summer,31.6,11.5,20,11,5,1,0,0,119,47
8,Clinic,Rural,A+,2,4,Summer,38.6,19.8,3,5,3,2,0,0,44,34
21,General,Urban,O+,7,7,Monsoon,23.8,175.3,8,25,10,6,0,0,109,75
2,Trauma,Semi-Urban,O+,7,9,Monsoon,32.4,121.5,8,18,7,2,0,0,228,61
22,Clinic,Urban,B-,4,7,Monsoon,31.0,39.1,10,14,4,1,0,0,32,58
1,Trauma,Rural,O+,3,7,Monsoon,31.5,14.6,10,8,4,4,0,0,213,57
19,Clinic,Rural,B+,2,5,Summer,36.1,9.2,3,11,2,5,0,1,54,40
9,General,Urban,B+,2,8,Monsoon,20.7,75.8,6,13,4,5,0,1,138,58
10,General,Urban,A+,7,6,Monsoon,23.9,175.5,3,8,7,0,0,0,124,47
1,Trauma,Rural,B+,2,6,Monsoon,27.9,62.6,11,14,13,3,0,0,236,71
18,Trauma,Semi-Urban,O+,4,8,Monsoon,25.0,34.1,4,11,9,1,0,0,242,57
5,General,Urban,B+,4,8,Monsoon,26.1,46.9,6,10,11,7,0,0,122,61
17,Trauma,Semi-Urban,B+,5,4,Summer,35.8,17.1,5,13,8,4,0,0,233,55
19,Clinic,Rural,B+,6,2,Winter,17.5,3.5,3,12,2,2,0,0,42,38
22,Clinic,Urban,A+,4,4,Summer,30.3,10.6,6,9,5,2,0,0,40,43
18,Trauma,Semi-Urban,B-,6,5,Summer,36.7,25.8,10,18,19,5,0,0,210,79
8,Clinic,Rural,O+,4,2,Winter,19.5,0.3,2,14,7,1,0,0,44,40
19,Clinic,Rural,A+,4,3,Summer,33.3,22.6,3,8,3,3,0,0,31,33
21,General,Urban,A+,2,12,Winter,20.1,0.1,5,6,5,0,1,0,138,35
8,Clinic,Rural,A+,2,4,Summer,34.3,21.7,2,12,6,1,0,0,41,40
4,Clinic,Urban,A+,4,9,Monsoon,31.0,97.3,7,12,4,7,0,0,29,56
23,General,Semi-Urban,O-,1,2,Winter,18.5,3.7,4,8,3,6,0,0,130,44
4,Clinic,Urban,O+,3,12,Winter,22.0,3.8,13,7,2,2,0,0,40,37
15,Trauma,Urban,B+,4,3,Summer,28.4,21.7,0,9,13,5,0,0,225,60
6,General,Urban,A+,4,5,Summer,35.4,4.3,4,11,8,6,0,0,124,49
4,Clinic,Urban,O+,6,10,Summer,32.8,18.5,5,7,8,4,0,0,34,40
20,General,Urban,O+,7,3,Summer,31.4,22.2,1,8,3,3,0,0,123,46
4,Clinic,Urban,O+,6,7,Monsoon,30.5,79.8,9,17,4,3,0,0,31,53
17,Trauma,Semi-Urban,O-,1,10,Summer,36.7,7.1,4,17,16,1,0,1,262,68
18,Trauma,Semi-Urban,A+,3,1,Winter,12.0,0.6,3,4,12,4,0,0,231,51
2,Trauma,Semi-Urban,A+,6,1,Winter,20.1,17.4,2,7,16,3,0,1,239,57
5,General,Urban,B+,5,10,Summer,35.8,13.1,5,8,12,3,0,0,120,53
20,General,Urban,B+,4,4,Summer,31.8,1.8,5,8,5,5,0,0,121,40
13,Clinic,Rural,B+,4,11,Summer,31.5,4.9,1,14,6,8,0,0,30,45
4,Clinic,Urban,O-,3,12,Winter,13.2,2.1,6,7,8,4,0,0,34,42
25,General,Semi-Urban,B+,5,11,Summer,33.0,22.6,7,4,3,8,0,0,116,42
7,Trauma,Urban,O+,2,12,Winter,17.5,1.4,4,5,15,3,0,0,228,55
1,Trauma,Rural,O+,4,10,Summer,36.4,7.2,9,12,17,3,0,0,231,58
24,Trauma,Rural,A+,2,5,Summer,34.8,20.0,5,9,11,5,0,0,222,57
1,Trauma,Rural,B-,5,12,Winter,14.8,2.5,5,12,10,6,0,0,222,55
14,Trauma,Urban,O+,7,5,Summer,34.7,12.7,0,15,13,2,0,0,223,60
25,General,Semi-Urban,B-,4,8,Monsoon,26.2,25.4,3,6,6,9,0,0,128,50
15,Trauma,Urban,O+,3,1,Winter,15.2,1.1,4,11,11,2,0,1,250,55
15,Trauma,Urban,A+,7,12,Winter,13.2,1.3,6,9,11,1,0,0,221,56
10,General,Urban,O+,5,8,Monsoon,28.9,82.3,11,10,7,5,0,0,126,57
4,Clinic,Urban,B+,3,12,Winter,19.3,3.6,5,9,1,0,0,0,38,33
15,Trauma,Urban,B+,1,5,Summer,35.7,13.6,3,10,11,4,0,0,246,59
23,General,Semi-Urban,B+,1,4,Summer,31.8,25.7,0,12,3,6,0,0,119,47
3,Clinic,Urban,B+,2,7,Monsoon,27.5,52.3,10,6,7,4,0,0,31,50
23,General,Semi-Urban,O+,2,11,Summer,29.9,2.6,4,12,3,11,0,0,128,50
11,General,Semi-Urban,B+,6,7,Monsoon,24.0,142.8,11,14,3,3,0,0,120,55
14,Trauma,Urban,O+,4,10,Summer,34.1,14.1,0,7,11,5,0,0,228,56
5,General,Urban,B+,7,3,Summer,34.8,19.4,6,12,7,4,0,0,120,51
16,General,Semi-Urban,O+,4,10,Summer,29.1,14.1,6,4,8,9,0,0,145,43
5,General,Urban,B+,7,9,Monsoon,23.8,56.7,12,16,8,2,0,0,117,64
7,Trauma,Urban,A+,4,11,Summer,32.9,7.7,11,13,11,2,0,0,229,60
19,Clinic,Rural,O+,3,1,Winter,20.9,1.8,7,10,3,3,0,0,37,42
2,Trauma,Semi-Urban,A+,6,5,Summer,31.6,28.6,6,16,8,1,0,0,252,56
12,General,Urban,A+,4,2,Winter,18.4,13.2,4,11,11,6,0,1,141,58
15,Trauma,Urban,A+,2,5,Summer,34.7,17.8,4,7,9,1,0,0,243,55
4,Clinic,Urban,O+,4,10,Summer,33.3,9.8,8,7,4,4,0,0,41,40
8,Clinic,Rural,AB-,5,8,Monsoon,27.8,50.6,14,13,5,2,0,0,34,52
9,General,Urban,B+,3,10,Summer,30.0,15.9,7,10,9,3,0,0,110,47
17,Trauma,Semi-Urban,O+,5,9,Monsoon,25.0,25.7,6,8,7,7,0,0,246,60
25,General,Semi-Urban,O+,7,12,Winter,22.3,5.0,5,14,9,0,1,0,116,41
21,General,Urban,B+,3,11,Summer,38.5,6.5,4,6,2,3,0,0,126,41
5,General,Urban,O+,3,8,Monsoon,29.5,4.3,3,6,12,5,0,0,116,56
1,Trauma,Rural,O+,3,11,Summer,37.3,33.5,13,10,14,4,0,0,223,60
2,Trauma,Semi-Urban,A+,6,1,Winter,12.5,5.9,3,16,9,2,0,0,217,59
15,Trauma,Urban,O-,2,9,Monsoon,24.2,23.0,2,10,8,6,0,0,237,54
4,Clinic,Urban,O+,7,7,Monsoon,26.1,161.8,12,20,2,3,0,0,33,60
6,General,Urban,AB+,3,12,Winter,25.2,1.8,1,12,14,3,0,0,110,56
22,Clinic,Urban,B+,6,7,Monsoon,26.1,159.6,21,15,5,1,0,0,30,60
22,Clinic,Urban,O+,6,3,Summer,36.2,11.3,4,11,6,2,0,0,30,43
21,General,Urban,B+,6,9,Monsoon,28.1,85.5,5,15,4,0,0,0,129,50
7,Trauma,Urban,O+,7,12,Winter,19.1,3.6,7,14,13,3,0,0,220,63
16,General,Semi-Urban,O+,2,1,Winter,17.9,3.2,2,7,5,1,1,0,123,37
16,General,Semi-Urban,O+,5,1,Winter,14.4,1.4,1,11,4,6,0,1,153,44
5,General,Urban,A+,1,8,Monsoon,18.9,230.3,12,15,7,11,0,0,102,71
14,Trauma,Urban,B+,3,7,Monsoon,30.8,125.1,12,10,10,4,0,0,219,71
14,Trauma,Urban,A+,1,7,Monsoon,25.2,29.4,1,4,13,1,0,0,234,52
10,General,Urban,B+,5,2,Winter,12.4,2.1,10,8,3,5,0,0,126,45
19,Clinic,Rural,B+,5,7,Monsoon,28.3,232.1,12,19,3,3,0,0,23,59
17,Trauma,Semi-Urban,O+,6,7,Monsoon,28.3,22.4,11,9,15,1,0,0,207,68
14,Trauma,Urban,B+,2,11,Summer,36.3,17.3,4,14,15,4,0,0,229,73
19,Clinic,Rural,B-,3,5,Summer,37.3,4.5,3,7,5,2,0,0,41,36
20,General,Urban,A+,5,5,Summer,31.2,6.2,3,9,10,6,0,0,110,50
15,Trauma,Urban,B-,6,1,Winter,15.4,3.2,2,12,19,1,0,0,232,64
7,Trauma,Urban,A+,7,7,Monsoon,26.0,114.6,1,14,18,2,0,1,237,65
19,Clinic,Rural,O+,1,8,Monsoon,29.5,92.8,8,8,2,2,0,0,35,40
18,Trauma,Semi-Urban,O+,3,4,Summer,27.7,4.0,6,7,17,4,0,0,228,61
25,General,Semi-Urban,AB+,1,9,Monsoon,27.4,225.6,10,10,3,9,0,0,141,63
4,Clinic,Urban,B+,6,12,Winter,20.8,5.5,5,10,1,2,0,0,32,39
11,General,Semi-Urban,O+,1,3,Summer,36.7,26.8,3,10,9,6,0,0,109,47
24,Trauma,Rural,A-,6,7,Monsoon,29.1,78.7,6,17,18,2,1,0,211,69
13,Clinic,Rural,O+,2,9,Monsoon,30.2,141.2,5,17,2,3,0,0,41,47
24,Trauma,Rural,B+,1,1,Winter,9.8,7.7,5,8,19,3,0,0,217,55
1,Trauma,Rural,O+,7,3,Summer,38.8,15.1,3,18,15,0,0,1,259,70
1,Trauma,Rural,A+,4,5,Summer,35.0,14.8,2,7,9,3,0,0,203,51
20,General,Urban,O+,3,2,Winter,22.0,4.9,6,7,8,6,0,0,129,53
9,General,Urban,A+,5,5,Summer,30.5,17.0,1,7,4,10,0,0,121,46
14,Trauma,Urban,A+,2,2,Winter,12.7,4.4,3,4,14,3,0,0,235,51
11,General,Semi-Urban,B+,5,11,Summer,39.4,22.0,5,7,8,5,0,0,129,44
11,General,Semi-Urban,O+,4,8,Monsoon,24.2,77.6,3,11,8,7,0,0,121,53
24,Trauma,Rural,B-,2,4,Summer,33.1,31.3,3,5,12,7,0,0,209,53
3,Clinic,Urban,O+,3,10,Summer,35.6,1.3,9,8,5,3,0,0,43,40
20,General,Urban,A+,1,1,Winter,20.3,5.7,1,4,4,5,0,1,150,37
23,General,Semi-Urban,O+,3,8,Monsoon,30.2,207.3,13,15,9,8,0,0,121,68
17,Trauma,Semi-Urban,A+,5,9,Monsoon,27.7,52.7,8,10,17,5,0,0,228,68
10,General,Urban,B+,1,10,Summer,30.8,8.7,3,11,10,9,0,0,118,57
5,General,Urban,O+,1,3,Summer,36.1,31.8,1,13,11,7,0,0,124,63
18,Trauma,Semi-Urban,O+,5,8,Monsoon,29.2,138.4,6,13,10,7,0,0,225,66
12,General,Urban,O+,3,10,Summer,28.6,20.7,10,10,5,8,0,0,128,51
4,Clinic,Urban,A+,1,10,Summer,38.3,10.3,6,7,4,2,0,0,44,44
9,General,Urban,O+,6,3,Summer,26.5,9.6,1,11,7,8,0,0,112,57
25,General,Semi-Urban,O-,6,12,Winter,21.1,2.9,1,12,6,3,0,0,132,43
7,Trauma,Urban,O+,1,4,Summer,32.1,9.4,7,10,18,6,0,0,216,66
5,General,Urban,A+,2,5,Summer,36.1,10.4,2,8,6,4,0,0,124,47
18,Trauma,Semi-Urban,A-,3,3,Summer,35.5,18.3,5,11,12,3,0,0,235,60
5,General,Urban,B+,6,2,Winter,17.9,2.6,2,12,4,5,0,0,129,47
23,General,Semi-Urban,O+,1,4,Summer,35.4,4.5,1,9,3,12,0,0,124,43
22,Clinic,Urban,O+,6,2,Winter,17.7,8.3,5,16,3,1,0,0,38,42
25,General,Semi-Urban,B+,3,9,Monsoon,29.1,52.3,8,13,4,4,0,1,144,60
23,General,Semi-Urban,O+,1,8,Monsoon,33.6,63.6,4,12,4,4,0,0,116,52
7,Trauma,Urban,A+,7,5,Summer,30.0,3.2,8,9,18,2,0,1,245,63
6,General,Urban,B+,1,7,Monsoon,17.4,106.2,8,13,12,5,0,0,103,60
9,General,Urban,B-,1,8,Monsoon,25.8,50.8,19,9,13,9,0,0,135,72
12,General,Urban,B+,7,3,Summer,32.5,4.3,4,7,3,3,0,1,159,45
22,Clinic,Urban,B+,4,4,Summer,32.9,23.5,2,11,4,7,0,1,69,45
19,Clinic,Rural,B+,4,11,Summer,31.2,37.9,2,4,4,5,0,0,36,31
17,Trauma,Semi-Urban,B+,5,1,Winter,20.6,2.2,2,9,19,2,0,1,243,59
22,Clinic,Urban,O+,5,12,Winter,13.9,5.7,3,11,4,5,0,0,34,41
17,Trauma,Semi-Urban,B+,5,12,Winter,19.4,4.5,1,6,13,1,0,0,240,51
10,General,Urban,A+,1,4,Summer,35.9,13.7,2,10,7,4,0,0,122,49
11,General,Semi-Urban,B+,4,4,Summer,34.9,4.2,5,7,6,4,0,1,143,44
13,Clinic,Rural,B-,2,3,Summer,35.5,14.7,1,14,5,2,0,0,31,44
3,Clinic,Urban,A+,6,7,Monsoon,29.8,143.6,7,16,7,1,0,1,49,56
19,Clinic,Rural,B+,4,3,Summer,34.2,45.0,1,13,3,5,0,0,41,46
17,Trauma,Semi-Urban,B+,1,10,Summer,33.0,1.5,2,1,11,1,0,0,239,45
19,Clinic,Rural,A+,7,5,Summer,35.5,19.7,1,15,5,3,0,0,34,44
14,Trauma,Urban,O-,2,12,Winter,19.8,3.9,4,5,9,1,1,0,231,42
20,General,Urban,O+,2,11,Summer,36.7,10.5,2,6,11,6,0,0,130,52
24,Trauma,Rural,O+,7,5,Summer,28.9,29.3,2,15,13,2,0,0,251,61
15,Trauma,Urban,AB-,6,8,Monsoon,26.4,56.3,3,4,8,1,0,1,260,56
12,General,Urban,B+,7,1,Winter,14.8,10.7,1,10,6,3,0,0,134,48
3,Clinic,Urban,O+,5,1,Winter,19.7,0.4,4,10,4,3,0,0,38,42
20,General,Urban,A-,7,7,Monsoon,29.2,67.7,4,25,6,1,0,0,107,64
23,General,Semi-Urban,O-,1,6,Monsoon,26.2,165.2,15,16,13,11,0,0,105,80
18,Trauma,Semi-Urban,AB-,5,5,Summer,31.8,14.3,6,6,8,1,1,0,225,43
22,Clinic,Urban,O+,3,2,Winter,19.8,2.0,8,6,3,1,0,0,44,35
22,Clinic,Urban,B+,3,11,Summer,33.6,8.0,6,6,7,0,1,0,40,32
20,General,Urban,A+,2,5,Summer,38.3,17.5,5,9,8,5,0,1,159,49
13,Clinic,Rural,O+,2,6,Monsoon,32.3,45.5,0,6,2,3,0,0,31,30
3,Clinic,Urban,O+,4,5,Summer,37.0,32.3,0,11,1,3,0,0,36,40
1,Trauma,Rural,B+,7,6,Monsoon,27.7,83.8,8,14,20,2,0,0,219,76
6,General,Urban,O+,5,8,Monsoon,32.5,77.9,1,13,9,9,0,0,113,64
11,General,Semi-Urban,A-,3,10,Summer,34.7,16.0,1,10,9,6,0,0,138,52
19,Clinic,Rural,B+,4,7,Monsoon,25.6,25.2,13,8,4,1,0,1,49,48
12,General,Urban,O-,4,2,Winter,16.0,4.1,13,10,8,6,0,0,118,50
1,Trauma,Rural,AB+,2,11,Summer,31.9,49.6,6,8,7,4,0,0,222,52
6,General,Urban,O+,4,4,Summer,34.0,11.4,10,8,7,7,0,0,125,53
25,General,Semi-Urban,A+,5,1,Winter,19.4,4.0,4,8,8,10,0,0,122,52
25,General,Semi-Urban,O+,2,1,Winter,13.8,6.1,4,7,10,4,0,0,139,46
10,General,Urban,O+,5,10,Summer,32.7,31.7,5,10,7,2,0,0,124,51
21,General,Urban,B+,5,5,Summer,34.6,14.2,4,9,2,6,0,0,128,47
18,Trauma,Semi-Urban,O+,4,1,Winter,19.9,3.0,2,9,12,6,0,1,241,55
24,Trauma,Rural,B+,3,10,Summer,33.9,23.2,10,7,13,3,0,0,243,56
23,General,Semi-Urban,A+,4,4,Summer,34.7,6.0,2,9,3,7,0,0,127,43
16,General,Semi-Urban,A+,6,12,Winter,14.3,8.9,4,5,7,4,0,0,139,42
10,General,Urban,B+,2,11,Summer,31.3,25.4,4,11,8,6,0,0,130,50
16,General,Semi-Urban,O+,5,1,Winter,17.8,6.5,2,4,5,6,0,0,126,38
8,Clinic,Rural,A+,5,9,Monsoon,28.5,117.1,7,14,4,5,0,0,26,54
9,General,Urban,O+,3,8,Monsoon,27.7,136.7,10,14,5,4,0,0,115,62
16,General,Semi-Urban,O+,3,3,Summer,31.5,19.5,3,10,4,4,0,0,111,45
15,Trauma,Urban,O+,7,5,Summer,33.3,15.3,2,22,14,1,0,0,259,70
15,Trauma,Urban,A-,3,6,Monsoon,31.5,56.7,3,4,11,3,0,0,242,50
10,General,Urban,O+,5,2,Winter,19.6,5.7,7,2,5,6,0,0,109,43
11,General,Semi-Urban,O+,2,9,Monsoon,26.5,31.3,2,11,7,2,0,0,113,51
1,Trauma,Rural,B+,7,4,Summer,30.9,4.9,5,7,11,0,0,0,240,52
16,General,Semi-Urban,A+,5,12,Winter,15.9,9.2,6,9,8,9,0,0,119,53
15,Trauma,Urban,A+,6,10,Summer,34.0,4.8,8,2,12,2,0,0,235,51
24,Trauma,Rural,AB+,5,8,Monsoon,27.8,189.9,17,19,14,1,0,0,245,79
13,Clinic,Rural,O+,3,2,Winter,19.7,1.3,2,13,5,1,0,0,27,40
12,General,Urban,O+,3,1,Winter,19.2,3.1,3,11,11,5,0,0,117,49
2,Trauma,Semi-Urban,B+,5,2,Winter,16.9,3.4,5,11,20,4,0,0,222,64
5,General,Urban,B+,7,6,Monsoon,25.5,23.3,7,10,4,4,0,0,118,54
9,General,Urban,B-,1,10,Summer,40.1,18.2,2,11,7,3,1,0,131,49
10,General,Urban,O+,6,2,Winter,16.3,1.0,9,13,9,2,0,0,116,50
10,General,Urban,O+,6,9,Monsoon,23.1,29.0,5,16,6,5,0,0,109,62
10,General,Urban,O+,1,1,Winter,13.1,1.0,4,5,7,3,0,0,131,42
20,General,Urban,O+,1,4,Summer,32.9,1.3,1,9,8,4,0,0,117,48
4,Clinic,Urban,B-,5,8,Monsoon,29.8,156.1,14,17,11,4,0,0,36,60
9,General,Urban,B+,6,10,Summer,32.3,8.0,6,5,6,6,0,0,119,45
5,General,Urban,B+,3,10,Summer,38.4,9.7,8,11,9,6,0,0,110,56
8,Clinic,Rural,AB+,5,7,Monsoon,27.0,78.0,7,9,2,3,0,1,58,42
18,Trauma,Semi-Urban,B+,7,1,Winter,21.3,2.4,3,11,13,1,0,1,274,60
2,Trauma,Semi-Urban,B-,3,4,Summer,31.7,4.4,5,6,4,3,0,0,227,42
9,General,Urban,B+,2,10,Summer,31.8,7.5,2,5,7,10,0,0,113,49
1,Trauma,Rural,B+,7,1,Winter,18.3,3.1,2,9,8,3,0,0,226,49
24,Trauma,Rural,B+,2,9,Monsoon,28.4,32.0,2,9,5,5,0,0,240,53
19,Clinic,Rural,B+,4,9,Monsoon,26.5,57.4,17,11,5,6,0,0,27,58
7,Trauma,Urban,O+,4,10,Summer,34.9,24.7,9,13,15,5,0,0,217,64
5,General,Urban,AB+,4,3,Summer,35.8,7.5,8,10,8,10,0,0,105,60
3,Clinic,Urban,A+,2,3,Summer,29.7,16.2,10,8,6,5,0,0,31,43
12,General,Urban,A+,5,3,Summer,33.0,17.9,3,5,6,5,0,0,130,44
19,Clinic,Rural,O+,5,5,Summer,32.4,2.2,1,11,5,3,0,0,39,39
15,Trauma,Urban,O+,2,7,Monsoon,25.6,128.2,9,14,11,4,0,0,228,71
23,General,Semi-Urban,O+,4,2,Winter,19.2,6.4,3,7,5,4,0,0,130,42
9,General,Urban,O+,1,7,Monsoon,25.5,117.7,12,22,13,7,0,0,107,78
7,Trauma,Urban,A+,2,3,Summer,28.0,8.9,1,8,15,7,0,0,238,65
12,General,Urban,A+,7,7,Monsoon,26.3,25.8,4,13,10,2,0,0,104,58
6,General,Urban,A+,4,4,Summer,30.8,17.3,4,7,8,6,0,0,119,50
25,General,Semi-Urban,A+,5,12,Winter,19.5,2.2,4,8,7,4,0,0,120,48
5,General,Urban,A+,7,4,Summer,36.4,10.0,2,16,4,1,0,0,129,53
12,General,Urban,A+,5,11,Summer,27.5,5.8,11,11,16,8,0,0,107,61
14,Trauma,Urban,O+,6,3,Summer,31.7,10.8,4,12,12,2,0,0,246,59
2,Trauma,Semi-Urban,O+,5,2,Winter,19.1,3.0,1,10,12,4,0,0,214,55
12,General,Urban,O+,4,3,Summer,29.8,4.7,7,12,10,9,0,0,114,59
12,General,Urban,B+,5,6,Monsoon,29.3,111.0,11,19,11,9,0,0,111,76
7,Trauma,Urban,A+,3,11,Summer,37.1,32.3,4,14,11,4,0,0,236,65
4,Clinic,Urban,B+,7,3,Summer,33.5,23.8,11,9,8,0,0,0,25,45
2,Trauma,Semi-Urban,O+,2,10,Summer,31.7,34.1,1,11,12,5,0,0,226,59
1,Trauma,Rural,A+,7,9,Monsoon,20.1,55.3,8,12,16,4,0,0,223,72
13,Clinic,Rural,A+,7,5,Summer,36.4,5.2,3,18,1,4,0,0,32,41
3,Clinic,Urban,A+,1,5,Summer,40.0,1.8,2,6,1,2,0,0,34,37
24,Trauma,Rural,O+,5,12,Winter,23.4,2.6,1,9,13,5,0,0,227,57
7,Trauma,Urban,B+,7,9,Monsoon,26.4,74.2,6,10,18,2,0,1,260,70
17,Trauma,Semi-Urban,B+,5,3,Summer,30.7,12.0,8,8,18,1,0,0,233,62
17,Trauma,Semi-Urban,AB+,3,11,Summer,36.5,4.5,4,10,8,5,0,0,239,58
13,Clinic,Rural,A+,7,5,Summer,33.6,13.7,6,4,4,1,0,0,49,31
23,General,Semi-Urban,O+,4,1,Winter,19.4,3.3,11,5,5,3,0,0,124,42
3,Clinic,Urban,A+,1,10,Summer,34.9,13.9,2,8,4,5,0,0,39,42
6,General,Urban,A+,2,11,Summer,34.3,16.2,5,8,9,3,0,0,137,44
7,Trauma,Urban,O+,5,6,Monsoon,30.1,43.8,2,10,7,4,0,1,261,59
4,Clinic,Urban,A+,4,9,Monsoon,30.2,89.4,8,3,4,4,0,0,32,38
8,Clinic,Rural,A-,2,3,Summer,32.4,23.3,3,10,4,3,0,0,41,37
8,Clinic,Rural,B+,6,11,Summer,31.2,15.4,6,13,6,0,0,0,31,39
20,General,Urban,B+,1,5,Summer,26.5,11.6,6,4,7,9,0,0,123,44
8,Clinic,Rural,AB+,2,4,Summer,33.0,6.5,7,13,3,5,0,0,33,40
22,Clinic,Urban,O-,4,7,Monsoon,23.7,68.6,3,15,3,1,0,0,30,47
20,General,Urban,B+,1,4,Summer,35.3,3.1,2,9,11,9,0,0,118,57
23,General,Semi-Urban,B+,3,8,Monsoon,26.0,141.3,6,10,11,2,1,0,120,53
3,Clinic,Urban,AB+,7,9,Monsoon,26.3,48.9,9,16,5,3,0,0,30,55
25,General,Semi-Urban,A+,7,5,Summer,36.4,5.1,1,13,5,2,0,0,125,44
16,General,Semi-Urban,O+,7,10,Summer,35.2,3.6,3,7,5,3,0,0,133,42
25,General,Semi-Urban,O+,3,6,Monsoon,26.6,45.9,9,9,6,4,0,0,114,51
9,General,Urban,O+,1,12,Winter,23.1,2.2,2,10,5,13,0,0,125,53
24,Trauma,Rural,O-,6,4,Summer,36.2,26.5,6,17,8,2,0,0,216,59
15,Trauma,Urban,A-,3,9,Monsoon,25.8,48.1,5,11,17,0,0,1,243,65
2,Trauma,Semi-Urban,O+,6,7,Monsoon,25.9,211.1,3,26,15,2,0,0,227,76
11,General,Semi-Urban,B+,1,12,Winter,20.4,7.6,5,8,10,4,0,0,129,49
4,Clinic,Urban,O-,5,3,Summer,34.6,26.1,0,12,6,2,0,0,27,40
24,Trauma,Rural,A+,5,3,Summer,30.6,17.4,10,6,14,8,0,0,218,55
8,Clinic,Rural,O+,7,11,Summer,36.7,2.4,5,7,0,1,0,0,34,32
6,General,Urban,O+,1,11,Summer,37.8,24.1,7,7,8,3,1,0,130,46
14,Trauma,Urban,B+,3,9,Monsoon,30.5,21.8,7,7,11,8,0,0,223,64
11,General,Semi-Urban,O+,7,6,Monsoon,31.6,35.5,1,7,4,5,0,0,128,43
3,Clinic,Urban,O+,3,5,Summer,40.2,7.7,0,9,4,1,0,0,36,40
21,General,Urban,B+,5,8,Monsoon,32.2,49.4,6,11,7,6,0,0,123,60
22,Clinic,Urban,B+,2,9,Monsoon,28.0,146.2,17,17,5,2,0,0,32,60
19,Clinic,Rural,O+,6,4,Summer,33.4,19.1,0,6,5,3,0,0,34,31
16,General,Semi-Urban,O+,2,1,Winter,12.5,3.0,6,12,10,6,0,1,144,56
11,General,Semi-Urban,A+,5,1,Winter,18.0,4.9,5,13,10,7,0,1,151,52
14,Trauma,Urban,A+,7,5,Summer,35.6,12.8,7,13,10,2,1,0,210,59
14,Trauma,Urban,O+,5,9,Monsoon,27.1,81.5,5,8,15,0,1,1,265,63
5,General,Urban,O-,4,6,Monsoon,21.3,61.7,13,9,8,11,0,0,109,67
3,Clinic,Urban,A+,2,8,Monsoon,26.1,43.9,9,9,3,2,0,0,26,50
7,Trauma,Urban,O-,3,6,Monsoon,28.9,5.7,6,3,10,4,0,1,271,56
12,General,Urban,O+,6,4,Summer,30.9,20.5,3,13,8,5,0,0,116,56
5,General,Urban,A+,2,9,Monsoon,27.5,46.9,5,5,9,7,0,0,136,52
3,Clinic,Urban,O+,5,9,Monsoon,28.3,50.5,2,10,4,4,0,0,38,49
22,Clinic,Urban,O+,4,12,Winter,21.4,1.7,3,3,3,0,0,0,45,24
10,General,Urban,A+,3,10,Summer,39.1,13.9,3,6,2,8,0,0,134,43
15,Trauma,Urban,O+,6,5,Summer,32.9,16.4,4,12,7,1,0,0,209,59
14,Trauma,Urban,B+,3,9,Monsoon,27.6,52.5,6,12,9,1,0,0,228,60
19,Clinic,Rural,O+,3,5,Summer,34.6,11.6,2,3,3,5,0,0,40,31
19,Clinic,Rural,B+,4,11,Summer,35.9,7.5,5,8,5,3,0,0,33,41
8,Clinic,Rural,AB+,6,8,Monsoon,28.6,143.9,6,8,2,3,0,0,33,40
22,Clinic,Urban,B+,7,11,Summer,38.3,14.9,6,15,2,0,0,0,29,48
10,General,Urban,A+,5,4,Summer,27.0,1.4,3,7,10,8,0,0,132,49
21,General,Urban,O+,5,1,Winter,19.3,4.6,2,6,10,10,0,0,122,55
11,General,Semi-Urban,O-,6,2,Winter,19.5,3.5,6,10,6,5,0,0,123,48
3,Clinic,Urban,O+,2,7,Monsoon,26.3,41.2,8,10,2,3,0,0,33,46
20,General,Urban,O+,2,12,Winter,11.2,1.4,6,5,7,3,0,1,152,46
1,Trauma,Rural,A+,4,8,Monsoon,26.8,133.2,23,11,14,2,0,0,226,78
20,General,Urban,O-,5,10,Summer,31.9,19.8,17,7,2,5,0,0,128,47
2,Trauma,Semi-Urban,B+,5,6,Monsoon,32.0,91.5,5,13,11,3,0,0,239,62
6,General,Urban,AB+,2,12,Winter,19.1,2.1,1,16,7,4,1,0,123,51
16,General,Semi-Urban,A+,6,12,Winter,15.6,1.6,2,11,9,3,0,0,134,42
24,Trauma,Rural,O+,3,3,Summer,27.8,5.8,5,11,14,3,0,0,242,60
11,General,Semi-Urban,O+,7,11,Summer,35.8,8.6,5,9,13,2,0,0,112,51
4,Clinic,Urban,O+,6,1,Winter,20.1,6.6,3,10,5,3,0,0,39,36
6,General,Urban,O+,7,8,Monsoon,26.4,17.2,4,12,6,3,0,0,109,52
23,General,Semi-Urban,O+,5,6,Monsoon,28.8,82.0,4,10,6,3,0,0,117,44
19,Clinic,Rural,O+,4,4,Summer,33.0,8.6,10,11,5,4,0,0,37,42
3,Clinic,Urban,O+,2,12,Winter,21.2,4.3,4,7,5,4,0,0,26,41
10,General,Urban,O+,3,8,Monsoon,30.0,34.9,2,5,9,7,0,0,133,54
7,Trauma,Urban,B+,7,2,Winter,13.1,2.7,3,14,14,0,0,0,228,62
5,General,Urban,B+,3,2,Winter,13.8,5.6,0,4,7,7,0,0,120,43
22,Clinic,Urban,O+,1,2,Winter,24.1,3.7,8,4,6,1,0,0,36,33
16,General,Semi-Urban,B+,2,4,Summer,36.8,7.6,5,6,10,15,0,0,109,56
5,General,Urban,B+,5,1,Winter,14.2,1.5,0,3,6,6,0,1,146,42
17,Trauma,Semi-Urban,O+,5,4,Summer,29.3,26.8,3,7,13,3,0,1,240,56
11,General,Semi-Urban,B+,7,10,Summer,34.6,3.3,5,13,9,0,1,0,120,49
2,Trauma,Semi-Urban,A+,7,11,Summer,30.6,29.3,5,9,11,0,0,0,236,48
12,General,Urban,O+,4,10,Summer,33.0,12.6,1,6,9,4,0,0,131,45
5,General,Urban,O+,4,6,Monsoon,26.9,74.1,2,10,6,6,0,0,123,50
7,Trauma,Urban,A+,6,9,Monsoon,26.7,158.0,16,11,16,1,0,0,237,78
22,Clinic,Urban,B+,1,12,Winter,21.4,6.7,8,9,4,1,0,0,40,36
18,Trauma,Semi-Urban,O+,5,1,Winter,23.5,3.4,2,10,12,2,0,0,224,59
4,Clinic,Urban,B+,4,11,Summer,32.6,15.4,6,6,6,3,0,0,36,36
22,Clinic,Urban,A+,6,9,Monsoon,23.6,31.2,5,12,2,2,0,0,41,43
15,Trauma,Urban,O+,6,5,Summer,35.2,9.5,6,8,15,4,0,0,232,60
22,Clinic,Urban,B+,5,6,Monsoon,31.9,48.3,8,6,7,2,0,0,33,47
19,Clinic,Rural,O+,5,6,Monsoon,25.8,187.3,13,21,6,3,0,0,37,59
9,General,Urban,B+,5,2,Winter,20.6,7.2,3,5,3,5,0,0,130,39
14,Trauma,Urban,A+,5,3,Summer,31.5,4.1,2,6,11,5,0,0,222,54
14,Trauma,Urban,O+,2,4,Summer,34.1,3.9,9,7,9,4,0,1,264,54
18,Trauma,Semi-Urban,B+,2,1,Winter,14.5,2.8,2,8,11,4,0,0,224,58
7,Trauma,Urban,A-,6,7,Monsoon,27.0,206.6,15,14,15,3,0,0,222,76
9,General,Urban,B+,5,6,Monsoon,26.7,58.7,8,8,3,9,0,0,122,53
7,Trauma,Urban,A+,2,4,Summer,35.8,44.1,6,8,11,4,0,0,219,58
8,Clinic,Rural,B+,7,3,Summer,39.3,3.4,7,17,4,0,0,0,26,48
5,General,Urban,O+,7,12,Winter,16.8,1.8,8,12,3,4,0,0,122,46
1,Trauma,Rural,O+,5,9,Monsoon,21.0,31.0,6,11,15,4,0,1,253,65
24,Trauma,Rural,AB+,2,6,Monsoon,26.4,86.8,5,17,20,4,0,0,195,80
2,Trauma,Semi-Urban,O+,7,9,Monsoon,27.9,57.6,10,12,15,1,0,0,237,65
23,General,Semi-Urban,B+,2,5,Summer,34.6,28.2,1,12,6,3,0,0,133,43
1,Trauma,Rural,O+,4,3,Summer,33.5,7.3,2,12,17,3,0,0,244,62
20,General,Urban,A+,7,9,Monsoon,31.5,140.8,10,17,9,4,0,0,118,61
9,General,Urban,B+,4,10,Summer,34.4,4.3,10,11,7,8,0,0,128,56
13,Clinic,Rural,B+,2,8,Monsoon,26.7,66.2,7,14,3,1,0,1,51,45
8,Clinic,Rural,A+,1,7,Monsoon,24.7,14.4,6,12,8,5,0,0,32,55
13,Clinic,Rural,A+,3,1,Winter,12.8,8.7,10,7,5,0,0,0,32,36
12,General,Urban,B+,5,8,Monsoon,28.0,71.6,7,10,9,8,0,0,112,57
14,Trauma,Urban,B+,6,8,Monsoon,27.7,140.1,3,14,13,3,0,1,263,63
10,General,Urban,A+,2,5,Summer,30.8,2.5,5,5,8,7,0,0,121,46
14,Trauma,Urban,O+,2,3,Summer,33.9,3.1,0,10,16,5,0,1,253,67
21,General,Urban,O+,5,12,Winter,17.6,1.2,7,7,10,4,0,0,128,47
11,General,Semi-Urban,B+,2,5,Summer,32.1,6.7,4,9,10,8,0,0,104,54
10,General,Urban,A+,1,4,Summer,31.6,23.2,2,4,5,3,0,0,131,42
4,Clinic,Urban,O+,4,9,Monsoon,28.2,55.8,7,9,4,1,0,0,32,43
9,General,Urban,A+,4,6,Monsoon,26.3,113.9,7,20,7,4,0,0,120,69
4,Clinic,Urban,B-,2,7,Monsoon,25.2,241.0,14,19,4,5,0,0,25,60
5,General,Urban,A-,2,8,Monsoon,24.4,63.9,5,14,7,4,0,0,116,58
24,Trauma,Rural,O+,2,5,Summer,33.6,2.8,3,11,8,7,0,0,219,57
3,Clinic,Urban,O+,3,2,Winter,20.8,1.3,1,8,1,5,0,0,38,35
13,Clinic,Rural,A+,1,3,Summer,34.6,17.2,7,11,3,3,0,0,33,38
21,General,Urban,O-,1,12,Winter,17.3,1.9,0,2,7,7,0,0,129,47
24,Trauma,Rural,B+,3,7,Monsoon,27.9,19.9,3,7,9,3,0,0,243,54
4,Clinic,Urban,O+,1,6,Monsoon,31.1,320.0,22,16,3,1,0,0,31,60
5,General,Urban,AB+,3,4,Summer,35.5,24.4,7,8,6,6,0,0,123,49
10,General,Urban,A+,5,9,Monsoon,27.8,39.6,10,14,11,4,0,0,109,66
14,Trauma,Urban,B+,1,11,Summer,35.9,41.9,6,11,17,4,0,0,242,65
24,Trauma,Rural,B+,5,10,Summer,33.5,48.8,9,12,12,6,0,0,232,64
6,General,Urban,B+,5,7,Monsoon,27.6,250.0,10,20,11,9,0,0,118,80
5,General,Urban,A+,5,6,Monsoon,25.5,65.4,11,7,3,5,0,0,133,50
7,Trauma,Urban,O-,5,11,Summer,29.3,10.7,1,12,13,4,0,1,250,59
22,Clinic,Urban,O+,6,11,Summer,35.0,16.6,1,10,2,1,0,0,42,36
1,Trauma,Rural,B+,1,5,Summer,35.0,5.8,9,10,12,1,0,0,232,55
10,General,Urban,B+,2,12,Winter,17.1,6.6,13,8,7,8,0,0,125,53
3,Clinic,Urban,AB+,3,10,Summer,37.1,14.3,5,9,2,1,0,0,32,33
4,Clinic,Urban,AB+,5,11,Summer,31.8,22.6,3,6,4,0,1,0,37,29
23,General,Semi-Urban,B+,7,1,Winter,12.7,2.2,1,9,6,6,0,0,125,44
1,Trauma,Rural,O+,7,2,Winter,15.9,3.9,6,14,14,2,0,0,233,60
9,General,Urban,AB+,5,4,Summer,29.4,3.6,7,5,7,3,0,0,125,43
23,General,Semi-Urban,AB-,3,10,Summer,35.0,7.0,4,13,14,2,0,0,118,58
16,General,Semi-Urban,B+,3,1,Winter,15.7,2.4,3,9,6,5,0,0,116,41
2,Trauma,Semi-Urban,B+,1,1,Winter,21.0,4.9,4,8,13,1,0,0,247,52
12,General,Urban,B+,4,1,Winter,20.9,6.2,4,9,4,2,1,0,114,36
25,General,Semi-Urban,O+,4,3,Summer,31.2,4.2,1,8,12,5,0,0,119,54
11,General,Semi-Urban,B+,2,12,Winter,15.6,7.7,4,10,5,1,1,0,125,37
14,Trauma,Urban,B+,6,9,Monsoon,28.6,110.8,1,10,8,2,0,0,229,56
14,Trauma,Urban,B+,6,9,Monsoon,29.9,128.1,4,20,11,4,0,0,223,73
17,Trauma,Semi-Urban,O+,3,4,Summer,28.0,21.5,5,7,12,3,0,0,228,53
5,General,Urban,B-,7,8,Monsoon,27.8,38.2,4,12,5,4,0,0,123,51
21,General,Urban,A+,1,10,Summer,27.4,26.5,2,11,7,8,0,1,155,55
25,General,Semi-Urban,O+,7,7,Monsoon,25.4,49.2,5,10,13,3,0,0,126,60
4,Clinic,Urban,B+,6,11,Summer,37.3,10.3,3,9,0,3,0,0,29,40
21,General,Urban,O+,2,7,Monsoon,36.0,65.8,4,16,7,3,0,0,112,61
21,General,Urban,B+,5,4,Summer,33.3,42.0,5,13,5,5,0,1,152,50
19,Clinic,Rural,O+,3,8,Monsoon,23.3,39.4,2,11,2,3,0,1,52,44
10,General,Urban,AB+,6,12,Winter,16.5,10.5,3,8,7,3,0,0,132,44
12,General,Urban,A+,2,10,Summer,34.2,30.5,3,8,4,9,0,0,120,46
21,General,Urban,O+,2,6,Monsoon,25.0,26.2,8,10,6,4,0,0,115,57
4,Clinic,Urban,B+,3,8,Monsoon,24.2,48.1,9,8,3,2,0,0,37,49
21,General,Urban,A+,2,12,Winter,16.7,1.9,0,14,8,3,0,0,129,47
24,Trauma,Rural,O+,3,9,Monsoon,28.2,129.9,8,20,13,2,0,0,229,69
18,Trauma,Semi-Urban,B+,5,7,Monsoon,26.5,183.5,11,19,13,0,0,0,238,77
9,General,Urban,B+,5,4,Summer,31.4,6.6,4,4,10,6,0,0,114,49
14,Trauma,Urban,B+,4,11,Summer,32.0,2.6,5,12,15,5,0,0,241,62
2,Trauma,Semi-Urban,B+,2,12,Winter,16.8,5.3,9,11,10,4,0,0,238,58
24,Trauma,Rural,O+,2,1,Winter,15.0,3.5,2,12,10,5,0,0,244,59
9,General,Urban,B-,7,1,Winter,15.9,0.9,8,21,4,2,0,0,113,52
2,Trauma,Semi-Urban,O+,2,2,Winter,19.9,4.8,3,5,5,8,0,0,236,46
20,General,Urban,O+,1,5,Summer,33.3,11.6,3,5,8,5,0,0,128,46
17,Trauma,Semi-Urban,A+,4,2,Winter,12.7,1.2,2,6,8,6,0,0,232,52
16,General,Semi-Urban,A+,1,11,Summer,37.1,7.4,5,12,5,11,0,0,116,56
2,Trauma,Semi-Urban,A+,3,11,Summer,35.3,35.1,6,9,15,2,0,0,223,59
19,Clinic,Rural,O+,6,3,Summer,29.9,0.6,3,14,6,0,0,0,35,38
16,General,Semi-Urban,O+,2,10,Summer,32.9,4.8,1,10,7,8,0,0,130,45
20,General,Urban,O+,5,2,Winter,15.6,0.8,3,7,6,6,0,0,120,48
21,General,Urban,A+,4,10,Summer,36.0,9.2,3,9,7,8,1,0,129,52
6,General,Urban,O+,3,5,Summer,32.9,13.1,2,7,4,6,0,1,147,45
6,General,Urban,B+,5,1,Winter,17.8,3.0,4,7,12,6,0,0,121,51
24,Trauma,Rural,B+,5,6,Monsoon,26.4,82.8,9,10,14,6,1,0,239,67
14,Trauma,Urban,A+,3,10,Summer,29.6,13.7,2,8,18,3,0,0,208,61
11,General,Semi-Urban,A+,2,12,Winter,22.2,2.1,1,5,6,5,0,1,150,42
8,Clinic,Rural,A+,7,2,Winter,20.0,14.5,9,7,5,1,0,0,32,35
16,General,Semi-Urban,O+,2,11,Summer,31.8,12.2,3,10,9,1,0,0,127,48
19,Clinic,Rural,A+,7,4,Summer,34.6,3.6,9,15,3,2,0,0,38,42
1,Trauma,Rural,O+,4,6,Monsoon,29.9,77.6,6,10,14,2,0,0,242,63
14,Trauma,Urban,A+,7,2,Winter,18.2,5.3,7,10,13,2,0,0,216,61
25,General,Semi-Urban,O+,3,12,Winter,22.7,5.9,7,4,7,8,0,0,123,51
8,Clinic,Rural,A+,4,10,Summer,42.0,16.7,6,10,4,3,0,0,39,42
8,Clinic,Rural,B+,5,8,Monsoon,26.6,91.9,6,11,3,1,0,0,38,41
22,Clinic,Urban,O+,3,9,Monsoon,25.3,38.0,8,10,3,6,0,1,63,51
2,Trauma,Semi-Urban,B+,2,11,Summer,31.0,14.8,6,7,20,2,0,0,233,60
10,General,Urban,O+,4,2,Winter,11.4,3.0,4,9,7,4,0,0,123,50
12,General,Urban,A+,5,3,Summer,37.7,6.3,2,9,6,6,0,0,129,54
20,General,Urban,A+,2,1,Winter,16.9,3.5,5,10,8,8,0,0,111,51
4,Clinic,Urban,O+,6,6,Monsoon,29.6,149.3,10,15,5,2,0,0,26,54
11,General,Semi-Urban,O+,5,6,Monsoon,30.2,20.5,9,7,4,7,0,0,116,51
4,Clinic,Urban,A+,2,1,Winter,14.8,1.4,2,3,4,4,0,0,43,35
20,General,Urban,B+,7,8,Monsoon,24.2,135.8,2,11,6,3,0,0,114,58
16,General,Semi-Urban,AB+,1,1,Winter,23.2,1.1,6,13,12,10,0,0,132,61
13,Clinic,Rural,B+,5,10,Summer,33.8,25.5,7,10,5,2,0,0,27,38
10,General,Urban,O-,4,9,Monsoon,25.0,69.0,17,17,7,8,0,0,106,78
4,Clinic,Urban,O+,5,10,Summer,30.9,16.5,10,6,6,2,0,1,61,39
24,Trauma,Rural,O-,6,2,Winter,17.6,5.4,4,15,9,3,0,1,254,59
17,Trauma,Semi-Urban,O+,5,11,Summer,38.5,11.0,6,12,7,1,1,0,244,49
8,Clinic,Rural,O-,5,7,Monsoon,29.1,186.6,6,10,5,6,0,0,28,45
11,General,Semi-Urban,B-,6,11,Summer,34.5,12.5,4,14,2,4,0,0,133,48
19,Clinic,Rural,O+,5,9,Monsoon,31.8,96.4,7,18,1,0,0,0,31,46
18,Trauma,Semi-Urban,A+,6,8,Monsoon,31.2,25.9,2,8,8,6,0,0,244,55
12,General,Urban,A+,3,1,Winter,19.0,10.3,1,7,12,6,0,1,132,51
8,Clinic,Rural,B+,2,9,Monsoon,35.3,149.5,6,14,3,2,0,1,56,48
17,Trauma,Semi-Urban,B+,2,6,Monsoon,26.3,34.7,11,11,20,2,0,0,236,77
17,Trauma,Semi-Urban,B+,5,11,Summer,37.3,3.3,5,11,21,7,0,0,211,74
15,Trauma,Urban,O+,4,9,Monsoon,25.8,61.0,2,17,16,2,0,0,213,71
2,Trauma,Semi-Urban,O+,1,1,Winter,20.7,2.6,0,4,11,2,0,0,238,47
12,General,Urban,O+,2,11,Summer,33.3,11.7,5,16,11,7,0,0,120,62
16,General,Semi-Urban,B+,7,1,Winter,19.4,7.4,2,11,11,5,0,0,119,50
24,Trauma,Rural,B+,6,4,Summer,41.2,26.8,4,22,15,2,0,0,213,75
14,Trauma,Urban,A-,6,3,Summer,36.9,21.0,5,14,15,3,0,0,216,68
9,General,Urban,O+,2,12,Winter,19.4,0.4,3,3,8,10,0,0,119,49
14,Trauma,Urban,O+,1,2,Winter,15.7,9.3,3,4,8,2,0,0,245,46
5,General,Urban,A+,3,11,Summer,34.6,23.1,5,6,3,8,0,1,145,45
3,Clinic,Urban,O-,6,3,Summer,31.0,17.6,6,11,4,1,0,0,28,42
17,Trauma,Semi-Urban,O+,4,8,Monsoon,29.7,69.7,6,18,12,1,1,0,220,63
25,General,Semi-Urban,B-,6,2,Winter,20.6,4.7,6,16,6,4,0,0,127,53
22,Clinic,Urban,O+,4,5,Summer,33.5,2.8,0,8,2,2,0,0,42,34
15,Trauma,Urban,A+,4,8,Monsoon,32.0,113.5,13,12,14,4,0,0,204,79
2,Trauma,Semi-Urban,A-,5,9,Monsoon,31.6,155.4,17,11,12,4,0,0,210,72
25,General,Semi-Urban,O+,7,11,Summer,34.4,14.4,8,8,4,6,0,0,120,47
12,General,Urban,O+,4,10,Summer,35.7,9.5,6,11,6,5,0,0,110,52
8,Clinic,Rural,A+,5,7,Monsoon,25.2,190.0,12,13,2,2,0,0,33,50
23,General,Semi-Urban,O+,7,4,Summer,33.2,46.5,11,15,8,1,0,1,150,56
19,Clinic,Rural,O+,3,4,Summer,30.8,17.4,5,10,5,5,0,0,35,42
19,Clinic,Rural,B+,6,12,Winter,16.6,6.3,5,11,4,3,0,0,33,39
7,Trauma,Urban,O+,4,8,Monsoon,26.7,81.4,5,6,10,4,0,0,227,56
25,General,Semi-Urban,A+,7,11,Summer,29.0,8.2,4,8,5,2,0,0,133,38
12,General,Urban,AB+,4,6,Monsoon,28.7,161.7,11,16,12,3,1,0,109,66
14,Trauma,Urban,B+,5,6,Monsoon,30.1,268.0,9,18,8,2,0,0,215,69
19,Clinic,Rural,B+,3,10,Summer,34.0,6.6,3,11,6,0,0,0,34,41
17,Trauma,Semi-Urban,O+,5,9,Monsoon,18.9,35.7,3,13,17,7,0,0,222,75
5,General,Urban,B+,3,3,Summer,33.2,7.6,2,9,3,4,0,0,127,41
8,Clinic,Rural,B+,5,7,Monsoon,22.8,47.1,10,7,5,3,0,1,53,44
10,General,Urban,A+,6,3,Summer,32.2,28.9,3,7,9,7,0,0,115,48
24,Trauma,Rural,O+,4,10,Summer,38.4,26.7,8,12,18,3,0,0,237,65
18,Trauma,Semi-Urban,O+,4,1,Winter,10.7,2.1,7,6,13,3,0,0,226,60
10,General,Urban,O-,3,10,Summer,31.6,13.8,3,12,6,3,0,0,122,48
19,Clinic,Rural,A+,6,12,Winter,20.5,1.4,5,11,5,0,0,0,38,33
19,Clinic,Rural,O+,5,1,Winter,15.9,3.1,3,13,3,2,0,0,36,42
10,General,Urban,O+,4,8,Monsoon,24.7,34.8,1,10,7,4,0,0,138,45
11,General,Semi-Urban,B+,1,1,Winter,24.1,2.7,5,9,4,6,0,0,124,46
23,General,Semi-Urban,B-,1,5,Summer,35.1,4.7,2,9,6,5,0,1,137,45
15,Trauma,Urban,B+,1,5,Summer,36.8,27.4,6,9,13,5,0,0,226,59
4,Clinic,Urban,O+,6,7,Monsoon,28.5,101.0,3,17,6,2,0,0,32,51
18,Trauma,Semi-Urban,B+,6,12,Winter,18.5,4.5,2,12,8,1,0,0,255,50
15,Trauma,Urban,O+,1,6,Monsoon,30.8,48.8,4,13,12,8,0,0,216,73
13,Clinic,Rural,O+,1,5,Summer,39.7,8.6,3,8,2,5,0,0,39,39
19,Clinic,Rural,B+,6,2,Winter,12.9,3.8,5,11,6,1,0,0,33,31
23,General,Semi-Urban,O+,4,11,Summer,33.9,39.2,2,12,11,4,0,1,134,55
9,General,Urban,A+,3,4,Summer,33.9,12.1,8,8,3,3,0,1,161,37
11,General,Semi-Urban,B+,5,6,Monsoon,25.7,212.0,15,19,6,5,0,0,123,67
5,General,Urban,A+,2,2,Winter,20.9,2.6,1,9,9,12,0,0,114,56
17,Trauma,Semi-Urban,A+,2,4,Summer,34.8,12.6,4,9,16,2,0,0,237,58
11,General,Semi-Urban,O+,3,7,Monsoon,32.8,180.3,6,12,5,10,0,1,154,59
9,General,Urban,B+,7,11,Summer,37.3,20.3,3,20,12,7,0,0,99,70
18,Trauma,Semi-Urban,O-,6,4,Summer,38.1,6.2,1,11,10,0,0,1,254,58
11,General,Semi-Urban,O+,2,7,Monsoon,23.4,113.8,22,12,14,8,0,0,96,77
12,General,Urban,O+,4,11,Summer,31.6,16.8,5,12,5,4,0,1,129,47
12,General,Urban,B+,7,5,Summer,31.8,18.8,2,6,9,2,0,0,130,47
7,Trauma,Urban,A+,7,4,Summer,38.0,6.7,3,14,9,1,0,0,243,62
4,Clinic,Urban,AB+,6,1,Winter,15.1,1.1,5,11,3,0,0,1,52,40
21,General,Urban,O+,1,11,Summer,31.2,32.1,6,11,8,4,0,0,114,53
3,Clinic,Urban,O+,2,2,Winter,14.6,13.4,2,6,4,0,0,0,40,35
9,General,Urban,B+,2,3,Summer,42.0,18.5,2,9,9,13,0,1,132,58
17,Trauma,Semi-Urban,A+,2,2,Winter,17.6,2.5,6,8,10,7,0,0,226,60
4,Clinic,Urban,O+,2,9,Monsoon,28.6,198.6,4,20,5,2,0,0,36,56
17,Trauma,Semi-Urban,B+,3,5,Summer,30.6,5.6,1,7,13,3,0,1,256,55
19,Clinic,Rural,O+,4,9,Monsoon,29.9,45.0,7,11,6,2,0,0,30,47
17,Trauma,Semi-Urban,B+,3,8,Monsoon,21.7,230.1,2,17,11,3,0,0,233,63
8,Clinic,Rural,B+,3,1,Winter,15.1,12.7,5,5,4,5,0,0,36,37
1,Trauma,Rural,O+,2,4,Summer,31.8,7.9,5,10,10,3,0,0,232,57
23,General,Semi-Urban,B+,2,1,Winter,18.7,1.9,2,10,7,8,0,0,118,46
9,General,Urban,O+,7,1,Winter,15.6,3.5,2,10,7,4,0,1,155,49
21,General,Urban,B+,5,6,Monsoon,31.6,38.7,1,12,11,6,0,0,129,63
5,General,Urban,O+,2,4,Summer,35.5,3.4,2,4,5,4,0,0,125,45
5,General,Urban,B+,6,2,Winter,15.9,1.0,4,13,11,5,0,0,120,56
20,General,Urban,B+,6,5,Summer,37.0,15.7,7,14,7,3,0,0,126,50
24,Trauma,Rural,B+,7,6,Monsoon,25.8,84.7,8,11,12,2,0,0,231,64
22,Clinic,Urban,O+,2,12,Winter,16.2,7.4,4,5,4,2,1,0,39,34
19,Clinic,Rural,B+,5,8,Monsoon,29.7,230.6,21,14,4,4,0,0,24,60
7,Trauma,Urban,A+,7,5,Summer,26.6,18.0,2,10,11,2,0,0,239,56
23,General,Semi-Urban,AB+,6,6,Monsoon,29.2,38.7,6,12,10,3,0,0,111,59
17,Trauma,Semi-Urban,AB+,2,2,Winter,15.9,0.5,1,14,19,3,0,0,230,56
5,General,Urban,O+,7,5,Summer,31.9,9.3,5,7,9,5,0,0,136,47
4,Clinic,Urban,A+,3,7,Monsoon,32.9,61.4,2,10,4,0,0,0,41,40
22,Clinic,Urban,A+,4,1,Winter,16.4,1.5,5,4,6,7,0,0,31,40
7,Trauma,Urban,A+,4,12,Winter,20.9,5.0,4,12,8,4,0,0,233,56
20,General,Urban,B-,6,7,Monsoon,27.8,130.4,3,9,6,4,0,0,130,53
4,Clinic,Urban,A-,1,10,Summer,35.1,15.3,8,12,4,4,0,0,37,46
8,Clinic,Rural,B+,4,4,Summer,33.2,45.8,3,10,6,4,0,0,34,41
8,Clinic,Rural,O+,6,11,Summer,33.1,3.6,7,15,6,1,0,0,42,44
8,Clinic,Rural,B+,4,5,Summer,38.6,9.8,8,7,8,4,0,0,27,40
17,Trauma,Semi-Urban,O+,2,12,Winter,20.8,3.5,3,7,11,1,0,1,257,51
23,General,Semi-Urban,A+,1,7,Monsoon,25.5,64.3,10,10,7,3,0,1,142,53
23,General,Semi-Urban,B+,4,8,Monsoon,23.9,58.0,15,5,3,8,0,0,121,60
19,Clinic,Rural,A+,5,3,Summer,32.2,20.8,7,8,6,3,0,0,37,35
6,General,Urban,O+,4,12,Winter,20.9,1.9,5,6,4,8,0,0,132,45
25,General,Semi-Urban,B+,7,3,Summer,37.5,5.7,5,10,7,4,0,0,116,52
14,Trauma,Urban,O+,5,1,Winter,19.7,5.3,5,5,18,3,0,0,219,62
14,Trauma,Urban,AB+,4,6,Monsoon,22.1,127.3,4,16,11,4,0,0,226,70
18,Trauma,Semi-Urban,O+,1,11,Summer,36.3,3.1,5,12,14,3,0,0,237,58
20,General,Urban,B+,4,12,Winter,21.9,7.5,10,7,10,4,0,0,119,50
24,Trauma,Rural,O+,2,11,Summer,34.5,40.8,12,9,17,6,0,0,232,62
15,Trauma,Urban,O+,6,7,Monsoon,32.9,17.9,3,12,18,3,0,0,240,71
16,General,Semi-Urban,B+,2,12,Winter,14.0,6.0,3,6,3,2,1,1,132,35
19,Clinic,Rural,O+,7,6,Monsoon,29.1,104.7,7,12,2,3,0,0,34,47
7,Trauma,Urban,B-,3,6,Monsoon,23.9,97.3,15,13,7,6,0,0,236,77
8,Clinic,Rural,O-,4,3,Summer,37.2,27.2,7,13,10,3,0,0,36,46
16,General,Semi-Urban,O+,2,10,Summer,35.8,14.5,4,11,9,5,0,0,121,50
2,Trauma,Semi-Urban,B+,2,4,Summer,39.4,14.1,2,8,14,0,1,0,222,53
9,General,Urban,O+,7,3,Summer,35.5,8.4,2,9,9,7,0,1,147,54
18,Trauma,Semi-Urban,A+,2,5,Summer,32.8,28.1,6,8,9,4,0,0,215,49
25,General,Semi-Urban,O+,4,8,Monsoon,25.5,23.5,6,10,10,6,0,0,116,60
13,Clinic,Rural,A+,7,4,Summer,33.2,23.6,4,10,2,2,0,0,38,36
10,General,Urban,A+,5,5,Summer,32.5,6.5,9,8,6,3,0,0,131,46
12,General,Urban,O+,1,4,Summer,38.0,11.8,2,9,6,9,0,0,126,54
18,Trauma,Semi-Urban,B+,3,8,Monsoon,30.8,39.2,4,8,14,4,0,0,224,62
14,Trauma,Urban,B+,3,9,Monsoon,22.5,67.0,7,8,13,1,1,0,216,62
1,Trauma,Rural,O+,2,9,Monsoon,27.1,44.7,10,16,3,1,0,0,232,63
14,Trauma,Urban,A+,2,2,Winter,18.2,2.8,1,4,8,5,0,0,260,47
11,General,Semi-Urban,B+,4,5,Summer,31.7,24.8,4,12,9,6,0,0,124,53
18,Trauma,Semi-Urban,A+,3,8,Monsoon,28.3,60.3,2,8,8,3,0,0,233,48
22,Clinic,Urban,O+,3,3,Summer,38.4,17.5,5,6,4,3,0,0,35,37
25,General,Semi-Urban,O+,3,1,Winter,20.7,2.1,3,6,6,6,0,0,126,44
16,General,Semi-Urban,AB+,3,4,Summer,38.0,5.9,1,10,3,5,0,1,139,45
10,General,Urban,O+,2,9,Monsoon,24.8,89.9,5,12,6,6,0,0,114,55
12,General,Urban,O+,4,8,Monsoon,27.1,8.4,3,6,10,7,0,0,116,51
5,General,Urban,B+,7,2,Winter,15.7,2.2,4,12,8,5,0,1,143,51
24,Trauma,Rural,B+,4,9,Monsoon,27.7,197.6,10,18,11,5,0,0,215,71
22,Clinic,Urban,A+,5,3,Summer,35.0,16.7,3,6,4,2,0,0,32,36
22,Clinic,Urban,O-,7,9,Monsoon,29.9,86.2,6,11,3,5,0,0,27,49
9,General,Urban,O+,5,7,Monsoon,30.9,80.5,10,10,9,7,0,0,122,59
9,General,Urban,B+,2,2,Winter,20.1,7.1,4,11,12,6,0,0,116,56
22,Clinic,Urban,B+,3,5,Summer,31.4,7.5,1,10,2,5,0,0,37,40
14,Trauma,Urban,O-,4,10,Summer,29.9,9.5,1,7,16,6,0,0,226,59
18,Trauma,Semi-Urban,O+,4,6,Monsoon,28.6,8.9,4,10,11,4,0,0,220,58
13,Clinic,Rural,A+,2,9,Monsoon,31.5,81.0,17,15,1,3,0,0,30,48
12,General,Urban,O+,1,9,Monsoon,26.9,122.7,8,15,9,0,0,0,122,62
16,General,Semi-Urban,A+,3,1,Winter,13.4,2.3,13,5,10,12,0,0,126,59
21,General,Urban,A+,7,12,Winter,24.3,4.5,2,6,11,4,0,0,126,44
9,General,Urban,A+,6,5,Summer,35.5,9.5,4,11,6,0,1,0,124,40
21,General,Urban,O+,6,10,Summer,34.5,16.2,3,12,6,6,0,0,118,50
7,Trauma,Urban,B+,2,6,Monsoon,23.5,94.5,6,12,9,4,0,0,231,64
11,General,Semi-Urban,A+,3,7,Monsoon,27.0,48.3,4,9,7,8,0,0,118,50
23,General,Semi-Urban,O+,5,5,Summer,36.1,9.7,2,4,6,9,0,0,121,43
24,Trauma,Rural,O+,4,11,Summer,35.5,11.3,5,7,13,3,0,0,231,51
24,Trauma,Rural,AB+,3,2,Winter,16.0,3.2,3,9,10,3,0,0,228,54
8,Clinic,Rural,AB+,3,11,Summer,33.8,33.9,9,7,2,2,0,0,34,35
22,Clinic,Urban,O+,1,3,Summer,32.2,10.8,6,9,3,3,0,0,28,39
24,Trauma,Rural,B+,7,11,Summer,39.0,29.0,2,14,21,4,0,0,231,72
25,General,Semi-Urban,A+,7,1,Winter,20.7,1.4,3,17,2,3,0,0,123,48
1,Trauma,Rural,B+,1,1,Winter,16.4,4.5,1,8,13,3,0,1,230,55
19,Clinic,Rural,A+,3,2,Winter,14.5,6.0,5,5,3,2,0,0,35,32
25,General,Semi-Urban,B+,4,7,Monsoon,27.8,23.8,5,5,9,7,0,0,119,52
20,General,Urban,B+,6,4,Summer,32.5,17.8,6,9,5,2,0,1,150,47
6,General,Urban,A+,7,8,Monsoon,25.7,12.4,9,8,10,4,0,0,127,61
20,General,Urban,O+,3,10,Summer,30.6,7.3,5,6,3,7,0,0,124,45
3,Clinic,Urban,B+,6,1,Winter,15.0,3.5,5,9,4,4,0,0,37,42
13,Clinic,Rural,O+,7,7,Monsoon,27.5,234.9,6,17,8,1,0,0,28,51
16,General,Semi-Urban,B+,6,9,Monsoon,26.2,125.4,9,12,10,4,0,0,119,60
12,General,Urban,O+,3,6,Monsoon,34.5,52.4,5,7,5,3,0,0,115,51
18,Trauma,Semi-Urban,O+,6,12,Winter,19.8,7.0,3,7,12,3,0,0,227,52
7,Trauma,Urban,O+,3,8,Monsoon,23.5,29.9,2,10,15,5,0,0,228,66
16,General,Semi-Urban,A+,1,1,Winter,13.4,0.6,3,9,8,4,0,0,113,46
17,Trauma,Semi-Urban,O+,6,7,Monsoon,28.2,110.9,9,22,15,0,0,0,227,75
16,General,Semi-Urban,B+,6,5,Summer,32.8,7.9,11,16,6,7,0,0,119,57
8,Clinic,Rural,A+,3,2,Winter,22.0,3.6,3,9,3,6,0,0,36,34
8,Clinic,Rural,AB+,4,12,Winter,18.8,1.1,6,10,4,0,0,0,32,36
7,Trauma,Urban,O+,3,3,Summer,28.1,26.2,1,9,13,2,0,0,209,57
12,General,Urban,B+,1,2,Winter,14.9,7.0,2,15,7,10,0,0,136,54
15,Trauma,Urban,O+,7,3,Summer,32.0,2.9,8,16,16,4,0,0,229,69
10,General,Urban,B+,1,10,Summer,35.3,4.8,1,4,3,6,0,0,122,43
11,General,Semi-Urban,A+,4,8,Monsoon,23.8,201.4,4,17,3,2,0,1,141,49
8,Clinic,Rural,O-,1,10,Summer,34.5,7.8,3,6,6,1,0,0,43,33
6,General,Urban,A+,5,6,Monsoon,23.0,30.7,6,7,14,5,0,1,130,62
17,Trauma,Semi-Urban,B+,7,2,Winter,18.0,4.0,6,12,17,2,0,0,225,60
21,General,Urban,A+,5,5,Summer,35.1,8.2,4,10,8,6,0,0,120,54
8,Clinic,Rural,B+,5,3,Summer,38.4,3.8,2,8,4,3,0,0,37,40
22,Clinic,Urban,B+,6,7,Monsoon,27.7,240.1,16,19,7,3,0,0,26,60
15,Trauma,Urban,O-,7,4,Summer,31.5,1.9,5,15,14,1,0,0,239,65
5,General,Urban,O+,7,12,Winter,22.5,3.0,8,7,10,4,0,0,134,50
10,General,Urban,O+,2,5,Summer,33.5,21.2,7,10,7,7,0,0,125,52
1,Trauma,Rural,B-,4,4,Summer,36.3,27.5,6,10,13,3,0,0,233,59
1,Trauma,Rural,O+,6,12,Winter,16.2,5.2,0,7,10,5,0,0,225,49
9,General,Urban,A+,3,7,Monsoon,27.3,154.4,4,14,10,6,0,0,119,60
12,General,Urban,AB+,5,3,Summer,31.6,19.7,6,12,7,2,0,0,130,47
20,General,Urban,A+,1,6,Monsoon,28.0,88.6,5,7,8,8,0,1,143,53
4,Clinic,Urban,B+,7,4,Summer,36.4,5.8,0,16,0,1,0,0,26,41
21,General,Urban,A+,5,9,Monsoon,25.5,63.1,8,12,7,9,0,0,134,57
6,General,Urban,AB+,6,7,Monsoon,25.3,34.6,4,14,7,7,0,1,150,57
4,Clinic,Urban,B+,6,9,Monsoon,28.1,94.1,13,21,4,2,0,0,33,59
18,Trauma,Semi-Urban,O+,2,12,Winter,15.5,1.6,7,4,7,3,0,0,222,44
20,General,Urban,B+,4,9,Monsoon,22.4,76.9,7,10,4,8,0,0,122,57
16,General,Semi-Urban,A+,7,5,Summer,35.1,9.7,4,10,5,6,0,0,118,43
3,Clinic,Urban,AB+,2,3,Summer,33.7,14.9,5,4,4,3,0,0,38,32
3,Clinic,Urban,O+,6,7,Monsoon,26.6,76.7,6,9,3,1,0,0,40,44
10,General,Urban,B+,3,6,Monsoon,28.6,82.0,8,6,7,6,0,0,121,57
12,General,Urban,O+,5,4,Summer,36.0,3.4,5,7,7,9,0,0,126,49
25,General,Semi-Urban,B+,4,10,Summer,33.5,7.1,1,9,9,4,0,1,168,47
8,Clinic,Rural,B+,5,11,Summer,30.6,0.1,0,11,4,7,0,0,36,42
5,General,Urban,O-,6,5,Summer,32.1,17.5,6,19,4,3,0,0,132,52
24,Trauma,Rural,O+,3,9,Monsoon,28.8,67.6,15,7,11,3,0,0,245,69
4,Clinic,Urban,B+,2,12,Winter,18.4,2.4,6,10,6,1,1,0,34,35
1,Trauma,Rural,AB-,3,1,Winter,16.4,3.8,6,7,9,5,0,0,237,54
11,General,Semi-Urban,O+,5,5,Summer,31.6,12.0,6,14,3,11,0,0,120,54
11,General,Semi-Urban,B+,6,9,Monsoon,28.9,94.7,3,17,10,3,0,0,101,59
16,General,Semi-Urban,O+,6,6,Monsoon,26.3,106.4,5,14,8,4,0,0,124,58
22,Clinic,Urban,B+,3,10,Summer,36.3,10.4,1,13,4,3,0,0,35,45
24,Trauma,Rural,O+,7,6,Monsoon,29.6,34.0,1,13,9,0,0,0,246,53
8,Clinic,Rural,O+,1,1,Winter,17.1,1.1,4,5,5,0,0,0,41,31
25,General,Semi-Urban,B+,1,6,Monsoon,29.8,49.2,0,6,4,5,0,1,152,40
16,General,Semi-Urban,AB-,1,5,Summer,34.4,32.0,2,13,6,8,0,1,134,56
2,Trauma,Semi-Urban,B+,7,11,Summer,34.8,11.6,5,9,7,2,0,0,226,52
24,Trauma,Rural,O+,2,2,Winter,11.4,4.7,2,6,14,7,0,0,224,56
4,Clinic,Urban,O+,5,2,Winter,15.1,2.4,7,10,3,0,0,0,27,39
15,Trauma,Urban,O+,6,2,Winter,15.2,2.8,5,15,15,4,0,0,231,66
20,General,Urban,O+,6,7,Monsoon,26.0,44.0,9,6,8,3,0,0,117,50
7,Trauma,Urban,O+,7,12,Winter,18.3,4.8,5,11,7,3,0,0,241,52
7,Trauma,Urban,O-,1,8,Monsoon,27.5,67.0,11,17,13,3,0,0,225,75
12,General,Urban,O+,3,10,Summer,34.9,18.1,3,9,8,4,0,0,127,44
23,General,Semi-Urban,B+,4,11,Summer,31.9,1.1,4,5,6,5,0,0,127,45
6,General,Urban,AB+,5,8,Monsoon,29.1,131.8,14,7,5,7,0,0,114,57
17,Trauma,Semi-Urban,A+,5,8,Monsoon,32.4,38.5,2,7,7,2,0,0,231,55
12,General,Urban,A+,4,3,Summer,32.9,5.9,6,6,7,5,0,0,123,46
3,Clinic,Urban,O+,3,12,Winter,16.0,6.3,2,8,1,5,0,1,59,34
18,Trauma,Semi-Urban,B+,1,10,Summer,31.9,24.0,5,8,12,3,0,0,222,54
21,General,Urban,B+,4,11,Summer,34.3,12.4,1,7,11,7,0,0,122,51
15,Trauma,Urban,O+,2,12,Winter,16.4,6.5,4,12,8,5,0,0,229,57
5,General,Urban,O+,4,5,Summer,28.8,7.1,5,6,4,5,0,0,113,41
4,Clinic,Urban,O+,6,2,Winter,13.6,2.3,7,13,4,0,0,0,31,42
11,General,Semi-Urban,O+,4,11,Summer,37.1,28.0,9,7,12,8,0,0,124,55
13,Clinic,Rural,B+,5,6,Monsoon,30.8,13.8,3,5,6,3,0,0,32,40
14,Trauma,Urban,O+,1,12,Winter,22.8,4.8,3,7,10,3,0,0,235,53
7,Trauma,Urban,O+,5,9,Monsoon,27.7,74.4,0,12,12,3,0,0,224,68
13,Clinic,Rural,A+,4,4,Summer,31.0,13.7,3,3,1,1,0,0,36,25
8,Clinic,Rural,O+,1,5,Summer,32.7,12.1,2,3,4,2,0,0,37,30
18,Trauma,Semi-Urban,O+,2,8,Monsoon,22.5,96.2,9,6,13,1,0,1,245,62
20,General,Urban,B+,6,5,Summer,29.4,10.1,3,8,7,2,0,0,121,45
17,Trauma,Semi-Urban,A+,7,4,Summer,34.8,13.3,5,12,16,2,0,0,220,60
1,Trauma,Rural,A+,4,3,Summer,35.6,16.5,4,12,7,3,0,0,230,57
25,General,Semi-Urban,AB+,7,8,Monsoon,32.9,63.0,9,14,8,5,0,0,120,59
1,Trauma,Rural,B+,2,1,Winter,17.8,2.9,5,9,8,2,0,0,242,49
25,General,Semi-Urban,O+,3,2,Winter,13.9,3.7,1,11,8,3,1,0,135,41
1,Trauma,Rural,O+,7,1,Winter,17.6,6.6,4,7,12,0,0,0,238,46
13,Clinic,Rural,O+,2,9,Monsoon,26.2,20.6,2,3,3,3,0,0,43,32
3,Clinic,Urban,O+,5,1,Winter,16.5,1.4,3,9,4,3,0,0,38,39
3,Clinic,Urban,A-,2,6,Monsoon,28.0,244.5,8,22,5,0,0,1,59,55
18,Trauma,Semi-Urban,O+,3,2,Winter,14.4,4.3,2,9,11,3,0,0,229,52
19,Clinic,Rural,O+,4,8,Monsoon,27.4,105.4,7,6,7,3,0,0,36,43
3,Clinic,Urban,O+,3,1,Winter,20.0,13.8,5,12,2,1,1,0,40,33
25,General,Semi-Urban,B+,7,1,Winter,22.3,4.2,0,10,4,4,0,0,122,40
9,General,Urban,B+,7,5,Summer,34.9,7.8,2,12,8,0,0,0,123,48
8,Clinic,Rural,B+,4,9,Monsoon,30.1,8.2,2,7,2,5,0,0,38,36
8,Clinic,Rural,B+,4,2,Winter,16.7,2.8,6,8,4,9,0,0,29,41
12,General,Urban,O-,1,6,Monsoon,26.1,84.8,1,17,8,6,0,0,119,60
5,General,Urban,B+,2,10,Summer,38.0,20.6,4,9,7,6,0,0,113,53
11,General,Semi-Urban,AB+,1,8,Monsoon,22.9,149.5,5,12,8,8,0,0,126,63
6,General,Urban,B+,6,10,Summer,32.8,17.0,6,12,5,4,0,0,118,49
2,Trauma,Semi-Urban,A+,2,4,Summer,37.4,23.7,3,6,6,5,0,0,236,53
10,General,Urban,AB+,3,12,Winter,17.4,3.8,0,11,10,9,0,0,111,56
17,Trauma,Semi-Urban,B+,6,2,Winter,17.1,0.8,3,11,12,2,0,0,251,54
20,General,Urban,O+,5,8,Monsoon,26.2,68.0,6,15,12,3,0,0,112,63
9,General,Urban,B-,5,6,Monsoon,27.4,68.4,3,8,9,1,1,0,129,45
9,General,Urban,A-,1,1,Winter,21.3,3.6,7,8,9,7,0,0,133,54
20,General,Urban,O-,4,12,Winter,20.8,6.9,3,9,6,2,1,0,117,43
18,Trauma,Semi-Urban,A+,4,9,Monsoon,27.0,79.7,6,10,8,6,0,0,223,58
21,General,Urban,O+,3,3,Summer,37.3,11.2,6,9,6,8,0,0,108,52
23,General,Semi-Urban,B+,6,1,Winter,19.0,15.0,1,11,2,3,0,0,127,39
21,General,Urban,A+,7,9,Monsoon,29.6,39.0,2,11,9,0,0,0,125,49
24,Trauma,Rural,B+,2,7,Monsoon,23.9,101.7,13,11,19,2,0,0,231,71
11,General,Semi-Urban,B+,3,1,Winter,23.2,2.1,2,3,6,9,0,0,127,43
10,General,Urban,A+,3,12,Winter,18.7,4.4,4,10,12,3,1,0,122,54
9,General,Urban,O+,6,9,Monsoon,18.8,181.8,20,17,10,1,0,0,105,77
6,General,Urban,O+,1,6,Monsoon,32.0,133.6,2,10,3,7,0,0,113,55
19,Clinic,Rural,O+,7,3,Summer,34.0,14.1,4,8,5,2,0,0,39,31
18,Trauma,Semi-Urban,B+,6,4,Summer,32.8,11.4,3,14,10,2,0,0,238,58
21,General,Urban,B+,4,6,Monsoon,25.2,164.6,5,14,6,3,1,0,104,56
5,General,Urban,O+,5,1,Winter,19.3,5.7,2,6,11,3,0,0,121,46
13,Clinic,Rural,A+,7,5,Summer,31.3,11.5,1,10,2,1,0,0,51,31
6,General,Urban,B+,6,3,Summer,32.3,48.7,5,13,6,2,1,0,124,48
23,General,Semi-Urban,B+,2,2,Winter,16.3,1.8,12,5,7,6,0,1,162,47
7,Trauma,Urban,B+,1,2,Winter,17.1,13.2,5,5,14,5,0,0,227,56
4,Clinic,Urban,A+,5,5,Summer,32.5,24.3,2,10,8,0,0,0,34,39
15,Trauma,Urban,B+,2,5,Summer,36.6,3.8,2,11,9,0,0,0,236,55
22,Clinic,Urban,O+,1,5,Summer,34.8,7.0,4,8,4,7,0,0,29,44
23,General,Semi-Urban,AB+,7,9,Monsoon,28.2,100.9,10,15,7,3,0,0,130,59
3,Clinic,Urban,O+,4,7,Monsoon,28.8,23.5,2,9,3,2,0,0,35,43
9,General,Urban,A+,5,3,Summer,33.7,20.2,1,16,8,5,0,0,119,59
4,Clinic,Urban,O+,2,12,Winter,14.9,3.2,3,8,4,4,0,0,42,37
8,Clinic,Rural,AB+,1,9,Monsoon,32.4,145.7,10,15,2,3,0,0,34,49
14,Trauma,Urban,B+,1,6,Monsoon,29.8,133.4,5,13,9,3,0,0,237,61
8,Clinic,Rural,B+,3,1,Winter,22.8,2.8,4,9,3,3,0,1,54,38
2,Trauma,Semi-Urban,A+,1,11,Summer,37.1,7.1,2,6,12,5,0,1,249,55
13,Clinic,Rural,A+,3,9,Monsoon,25.6,11.8,1,8,3,4,0,0,41,38
2,Trauma,Semi-Urban,B-,3,6,Monsoon,20.0,320.0,7,22,20,4,0,0,234,88
6,General,Urban,O+,4,2,Winter,14.3,5.2,6,8,12,3,0,0,124,48
1,Trauma,Rural,B+,5,2,Winter,19.9,1.2,2,11,9,4,0,0,239,53
3,Clinic,Urban,B+,3,4,Summer,33.7,11.1,3,7,3,5,0,0,39,35
11,General,Semi-Urban,O+,4,3,Summer,32.7,23.5,10,13,5,7,0,0,124,50
22,Clinic,Urban,O+,1,3,Summer,26.5,12.3,9,8,6,5,0,0,33,42
20,General,Urban,O+,3,5,Summer,34.0,3.3,6,11,6,4,0,0,121,52
3,Clinic,Urban,B-,7,1,Winter,14.8,5.6,6,10,2,0,0,0,38,29
1,Trauma,Rural,O+,7,4,Summer,31.8,3.4,4,10,21,2,0,0,215,65
9,General,Urban,B-,4,11,Summer,36.6,21.8,12,7,6,6,0,0,128,52
17,Trauma,Semi-Urban,B+,7,11,Summer,30.9,15.7,5,13,13,3,0,0,243,59
19,Clinic,Rural,B+,4,1,Winter,15.2,3.2,5,13,3,2,0,0,40,35
21,General,Urban,O+,1,9,Monsoon,27.6,79.4,3,13,3,11,0,0,105,58
9,General,Urban,A+,7,12,Winter,20.6,2.7,1,10,8,5,0,0,113,48
5,General,Urban,A+,3,7,Monsoon,25.8,127.2,5,19,11,3,0,0,111,62
1,Trauma,Rural,B+,5,5,Summer,38.4,4.1,3,6,17,3,0,0,219,59
4,Clinic,Urban,O+,5,6,Monsoon,23.2,55.7,10,10,3,1,0,0,29,45
2,Trauma,Semi-Urban,A+,3,3,Summer,29.6,30.0,6,2,9,3,0,0,217,48
22,Clinic,Urban,B+,6,5,Summer,29.4,44.2,5,18,5,0,0,0,30,50
7,Trauma,Urban,O+,4,12,Winter,13.0,2.9,1,7,16,1,0,0,215,57
21,General,Urban,O+,3,8,Monsoon,28.0,93.1,11,8,6,9,0,0,120,60
14,Trauma,Urban,O+,3,6,Monsoon,24.1,36.6,6,12,13,3,0,0,254,67
14,Trauma,Urban,O+,6,2,Winter,13.8,1.8,9,9,15,2,0,1,261,56
12,General,Urban,A+,2,11,Summer,35.1,1.5,4,6,6,5,0,0,130,46
21,General,Urban,B+,1,2,Winter,20.5,0.7,0,10,6,4,0,0,126,47
2,Trauma,Semi-Urban,O+,7,9,Monsoon,30.2,61.8,9,11,10,2,0,0,211,64
3,Clinic,Urban,O+,3,4,Summer,36.6,22.4,4,13,2,4,0,0,32,43
11,General,Semi-Urban,B+,5,4,Summer,31.2,11.4,4,9,10,4,0,1,144,46
10,General,Urban,O+,6,3,Summer,34.8,29.1,7,17,10,3,0,0,130,58
14,Trauma,Urban,B+,6,5,Summer,35.5,7.6,0,13,10,2,0,1,250,60
19,Clinic,Rural,AB+,5,9,Monsoon,25.6,176.5,14,20,3,1,0,0,36,53
15,Trauma,Urban,A+,5,5,Summer,34.5,53.5,4,8,14,4,0,0,249,64
7,Trauma,Urban,B+,6,1,Winter,14.2,4.4,0,10,15,3,0,0,224,62
9,General,Urban,A+,7,4,Summer,32.1,1.4,6,10,7,0,0,0,135,51
19,Clinic,Rural,B+,1,2,Winter,19.1,0.4,8,10,2,3,0,0,39,33
6,General,Urban,A-,6,5,Summer,38.5,2.8,6,7,5,2,0,0,115,45
13,Clinic,Rural,B+,2,11,Summer,37.5,6.0,14,6,5,10,0,0,31,43
14,Trauma,Urban,A+,7,12,Winter,20.0,6.1,11,9,9,1,0,0,218,54
19,Clinic,Rural,AB+,1,12,Winter,18.2,2.3,9,5,3,2,0,0,38,32
18,Trauma,Semi-Urban,A+,2,2,Winter,17.8,7.3,11,6,7,2,1,0,248,49
12,General,Urban,O+,2,6,Monsoon,22.7,51.7,12,4,5,8,0,0,123,54
8,Clinic,Rural,B+,5,1,Winter,15.5,14.9,3,8,3,3,0,0,35,34
10,General,Urban,O-,1,6,Monsoon,24.6,207.6,6,12,6,6,0,0,116,63
11,General,Semi-Urban,B+,1,7,Monsoon,28.7,56.8,12,8,5,9,0,0,120,62
6,General,Urban,A+,4,10,Summer,36.8,5.3,5,8,1,1,1,0,121,38
16,General,Semi-Urban,B+,7,5,Summer,36.2,30.4,1,6,5,6,0,1,144,41
6,General,Urban,A+,4,1,Winter,21.5,1.2,4,10,7,10,0,1,139,53
17,Trauma,Semi-Urban,O+,4,6,Monsoon,27.2,53.4,1,13,17,0,0,0,228,64
19,Clinic,Rural,B+,5,6,Monsoon,24.1,31.8,2,8,5,5,0,0,37,41
25,General,Semi-Urban,O+,4,8,Monsoon,26.9,98.3,5,10,7,8,0,0,116,55
3,Clinic,Urban,AB+,3,2,Winter,15.8,7.6,5,18,6,4,0,0,31,49
19,Clinic,Rural,O+,5,8,Monsoon,29.0,58.5,6,16,6,5,0,0,33,57
3,Clinic,Urban,O+,1,5,Summer,32.9,22.9,5,10,6,3,0,0,39,41
9,General,Urban,A+,2,9,Monsoon,26.7,103.3,9,12,10,4,0,0,114,60
5,General,Urban,O+,5,12,Winter,20.1,1.1,10,9,10,6,0,0,123,51
5,General,Urban,O+,3,3,Summer,31.8,7.4,2,10,7,2,0,0,117,50
5,General,Urban,O+,1,10,Summer,36.9,2.6,1,5,7,3,0,0,115,45
2,Trauma,Semi-Urban,B+,1,2,Winter,14.0,10.5,4,13,12,4,0,1,253,60
21,General,Urban,B+,7,12,Winter,18.9,3.6,3,11,10,1,0,0,129,47
2,Trauma,Semi-Urban,A+,3,6,Monsoon,26.7,81.1,2,12,9,7,0,0,234,62
10,General,Urban,B+,1,9,Monsoon,29.5,89.6,8,10,7,6,0,0,116,62
18,Trauma,Semi-Urban,B+,6,10,Summer,29.9,5.2,3,6,12,0,1,0,225,42
25,General,Semi-Urban,B+,4,8,Monsoon,22.4,60.6,15,9,10,4,1,0,126,57
22,Clinic,Urban,B-,4,5,Summer,36.3,15.3,2,10,6,3,0,0,37,48
4,Clinic,Urban,A+,7,10,Summer,32.8,2.0,3,16,3,2,0,0,33,45
25,General,Semi-Urban,B-,3,6,Monsoon,26.7,8.7,2,9,4,5,0,0,142,50
17,Trauma,Semi-Urban,B+,5,8,Monsoon,25.0,50.8,10,8,12,2,0,0,220,66
5,General,Urban,O+,6,8,Monsoon,29.7,44.3,2,12,7,6,0,0,129,53
12,General,Urban,A+,5,6,Monsoon,27.9,192.4,14,17,8,5,0,1,155,70
23,General,Semi-Urban,B+,2,2,Winter,18.7,1.5,2,5,8,4,0,1,142,38
10,General,Urban,O+,5,4,Summer,30.5,15.5,2,8,3,7,0,1,137,46
5,General,Urban,A+,6,12,Winter,19.5,1.7,7,15,8,1,0,0,117,50
22,Clinic,Urban,B+,1,7,Monsoon,24.0,105.5,3,7,2,2,0,0,43,37
24,Trauma,Rural,O-,2,8,Monsoon,25.0,92.5,4,7,9,4,0,0,226,53
25,General,Semi-Urban,B+,5,4,Summer,29.9,32.8,3,10,5,3,0,0,117,42
24,Trauma,Rural,B+,1,9,Monsoon,26.5,36.0,1,8,9,2,1,0,252,44
22,Clinic,Urban,A+,7,6,Monsoon,30.2,36.1,10,15,5,4,0,0,20,52
12,General,Urban,B+,1,3,Summer,34.7,58.0,7,9,7,10,0,0,121,58
5,General,Urban,B+,7,2,Winter,16.7,7.4,1,11,7,3,0,0,120,52
16,General,Semi-Urban,O+,5,5,Summer,34.3,7.3,4,11,7,1,1,0,127,40
6,General,Urban,B+,4,7,Monsoon,27.3,37.9,4,12,6,8,0,0,108,64
12,General,Urban,O+,2,4,Summer,34.2,4.4,2,12,8,5,0,0,107,54
17,Trauma,Semi-Urban,O+,3,3,Summer,34.5,25.2,5,11,12,6,0,1,218,60
24,Trauma,Rural,B-,6,4,Summer,30.9,6.3,11,10,11,1,0,0,230,57
8,Clinic,Rural,O+,6,4,Summer,34.3,5.3,3,14,2,1,0,0,42,35
7,Trauma,Urban,O+,2,9,Monsoon,21.7,39.3,10,10,12,2,0,0,238,67
19,Clinic,Rural,O+,4,6,Monsoon,28.7,122.3,6,13,4,6,0,0,27,48
1,Trauma,Rural,O+,7,6,Monsoon,23.7,67.2,1,10,17,3,0,0,233,61
15,Trauma,Urban,B+,2,2,Winter,21.5,7.4,4,9,9,6,0,0,219,57
19,Clinic,Rural,A+,5,7,Monsoon,19.7,285.3,8,16,5,7,0,0,28,53
14,Trauma,Urban,B-,2,12,Winter,23.0,3.7,1,7,12,3,0,0,229,54
10,General,Urban,B+,6,9,Monsoon,22.1,99.9,12,18,3,4,0,0,104,69
21,General,Urban,O+,2,6,Monsoon,23.4,64.3,1,11,6,9,0,1,141,56
10,General,Urban,O+,3,4,Summer,34.9,12.5,0,7,7,6,0,0,114,48
18,Trauma,Semi-Urban,B+,4,5,Summer,35.9,1.5,12,14,17,2,0,0,223,64
12,General,Urban,O+,3,1,Winter,17.1,4.3,2,12,4,5,0,0,124,47
1,Trauma,Rural,O+,2,1,Winter,20.7,6.3,5,7,7,1,0,0,242,45
14,Trauma,Urban,A+,5,10,Summer,31.6,4.1,2,9,16,0,0,0,235,65
2,Trauma,Semi-Urban,A+,1,11,Summer,32.8,37.2,2,11,13,4,0,0,240,58
24,Trauma,Rural,A+,7,12,Winter,17.1,2.0,12,12,12,4,0,0,240,62
16,General,Semi-Urban,O+,1,8,Monsoon,25.4,210.0,18,21,8,7,0,1,143,81
10,General,Urban,B+,3,12,Winter,12.2,5.3,1,12,6,4,0,1,147,47
13,Clinic,Rural,B+,7,5,Summer,33.9,3.6,8,18,6,0,0,0,30,44
16,General,Semi-Urban,B+,2,4,Summer,33.7,24.7,7,14,8,7,0,0,119,56
7,Trauma,Urban,O+,1,3,Summer,37.2,11.3,5,10,7,5,0,1,243,56
8,Clinic,Rural,A+,6,3,Summer,30.1,16.2,3,11,2,2,0,0,32,33
11,General,Semi-Urban,B+,1,9,Monsoon,25.1,65.6,9,8,7,8,0,0,110,59
7,Trauma,Urban,B+,7,1,Winter,21.6,2.9,3,12,12,1,0,0,224,62
19,Clinic,Rural,A+,4,12,Winter,18.9,0.6,11,11,6,2,0,0,34,38
3,Clinic,Urban,O+,7,10,Summer,35.6,17.1,13,16,2,0,0,0,37,47
21,General,Urban,O+,2,5,Summer,35.4,11.1,6,12,7,7,0,0,123,54
9,General,Urban,B+,1,9,Monsoon,28.4,100.5,7,7,3,7,0,0,126,50
15,Trauma,Urban,O+,7,2,Winter,23.5,4.7,4,11,13,5,0,0,226,60
4,Clinic,Urban,O+,6,6,Monsoon,27.3,110.6,4,17,1,1,0,0,34,49
10,General,Urban,O+,7,2,Winter,15.0,5.0,4,16,5,4,0,0,129,55
19,Clinic,Rural,O+,3,2,Winter,19.9,0.6,5,9,1,3,0,1,58,33
7,Trauma,Urban,O+,3,1,Winter,16.3,2.6,1,8,12,5,0,1,252,60
4,Clinic,Urban,B+,5,10,Summer,33.7,3.5,4,7,3,4,0,0,37,38
14,Trauma,Urban,B+,4,9,Monsoon,28.1,5.2,3,8,9,3,0,0,225,54
5,General,Urban,O-,2,11,Summer,31.5,15.9,3,13,2,3,0,0,114,50
8,Clinic,Rural,B+,3,12,Winter,16.5,11.8,3,5,0,2,0,0,40,27
12,General,Urban,A-,5,12,Winter,19.4,0.2,3,7,1,6,0,0,126,42
15,Trauma,Urban,B+,1,12,Winter,16.4,4.9,4,8,9,4,0,0,217,54
16,General,Semi-Urban,B+,3,1,Winter,20.9,2.4,2,11,10,4,0,0,129,46
17,Trauma,Semi-Urban,O+,3,10,Summer,31.0,10.2,1,7,11,2,0,0,221,49
22,Clinic,Urban,O+,1,9,Monsoon,24.0,118.5,15,15,3,5,0,0,25,60
2,Trauma,Semi-Urban,A+,1,2,Winter,23.7,4.3,7,10,9,1,0,0,259,50
10,General,Urban,O+,4,2,Winter,13.4,2.6,1,6,4,5,0,1,136,42
1,Trauma,Rural,O-,1,12,Winter,17.9,2.0,3,8,8,3,0,0,241,46
1,Trauma,Rural,O+,3,11,Summer,39.6,15.2,2,6,12,4,0,0,246,52
6,General,Urban,O+,4,4,Summer,33.9,1.0,8,8,4,11,0,0,122,53
15,Trauma,Urban,O+,7,1,Winter,22.0,4.8,1,7,6,2,0,0,255,48
23,General,Semi-Urban,O+,1,5,Summer,36.0,8.4,5,12,9,3,0,0,121,48
20,General,Urban,O+,4,1,Winter,18.0,8.1,3,14,6,3,0,1,152,50
17,Trauma,Semi-Urban,A+,1,9,Monsoon,26.6,79.0,5,7,10,4,0,1,245,55
20,General,Urban,AB+,4,5,Summer,27.6,27.5,3,8,6,6,0,0,129,49
5,General,Urban,AB+,4,1,Winter,17.0,1.3,7,8,7,5,0,1,147,43
21,General,Urban,B+,6,12,Winter,18.7,1.2,4,13,9,1,0,0,123,51
23,General,Semi-Urban,B+,4,10,Summer,34.7,5.7,3,9,11,3,0,0,120,45
3,Clinic,Urban,O+,7,11,Summer,41.4,32.1,11,15,5,1,0,0,33,46
12,General,Urban,B+,1,12,Winter,18.8,3.0,7,10,13,4,1,0,108,51
21,General,Urban,B+,1,1,Winter,19.9,1.9,2,6,7,4,0,0,122,49
12,General,Urban,B+,1,10,Summer,37.5,15.0,9,7,5,8,0,0,118,56
22,Clinic,Urban,O+,3,10,Summer,35.6,6.0,4,5,5,3,1,0,33,34
24,Trauma,Rural,O+,2,10,Summer,33.7,14.8,1,7,12,2,0,0,216,53
12,General,Urban,A+,1,4,Summer,33.8,10.5,1,7,6,2,0,0,112,46
2,Trauma,Semi-Urban,AB+,2,5,Summer,32.9,6.5,7,9,9,5,0,1,266,54
9,General,Urban,B+,7,12,Winter,19.3,3.1,3,8,7,3,0,0,131,46
6,General,Urban,AB+,6,1,Winter,17.5,3.2,3,10,11,8,0,0,115,58
12,General,Urban,B+,1,8,Monsoon,28.9,143.0,5,15,10,9,0,0,115,66
15,Trauma,Urban,B+,7,10,Summer,31.0,3.4,4,15,10,2,0,1,269,61
12,General,Urban,O+,2,10,Summer,34.4,7.5,10,5,7,4,0,0,125,49
5,General,Urban,O+,3,8,Monsoon,31.7,93.9,10,13,13,4,0,0,121,66
8,Clinic,Rural,AB-,3,10,Summer,33.3,5.4,3,6,0,4,0,0,34,31
17,Trauma,Semi-Urban,B+,3,11,Summer,39.5,9.5,5,9,13,4,0,0,225,59
1,Trauma,Rural,O+,6,10,Summer,34.5,6.4,7,19,14,1,1,0,219,59
6,General,Urban,O-,5,2,Winter,17.8,2.3,4,9,3,4,0,0,127,48
23,General,Semi-Urban,O+,5,3,Summer,34.3,4.2,2,8,9,7,0,0,122,50
3,Clinic,Urban,O+,5,4,Summer,33.1,41.5,3,5,2,1,0,0,42,31
11,General,Semi-Urban,B+,6,5,Summer,28.1,1.1,6,11,6,5,0,0,124,50
6,General,Urban,B+,2,5,Summer,36.6,6.4,2,5,4,5,0,0,123,40
3,Clinic,Urban,O+,3,3,Summer,40.6,10.9,6,9,3,6,0,0,41,46
11,General,Semi-Urban,O+,1,9,Monsoon,28.4,78.0,6,9,7,4,0,0,125,46
14,Trauma,Urban,O+,5,2,Winter,19.6,7.3,8,10,20,5,0,0,233,69
5,General,Urban,O+,4,10,Summer,33.5,3.3,5,12,7,10,0,1,145,55
2,Trauma,Semi-Urban,O+,5,8,Monsoon,30.5,17.0,3,6,13,3,0,0,233,56
4,Clinic,Urban,O+,4,12,Winter,17.9,2.1,3,8,7,1,0,0,45,38
17,Trauma,Semi-Urban,A+,2,1,Winter,18.8,3.1,1,6,16,4,0,0,237,56
22,Clinic,Urban,O+,1,4,Summer,29.3,8.6,9,12,8,2,0,0,36,46
5,General,Urban,O+,7,11,Summer,32.4,21.7,5,9,9,3,0,0,122,48
9,General,Urban,O+,3,6,Monsoon,28.1,29.3,1,8,4,8,0,0,122,47
9,General,Urban,A+,1,7,Monsoon,29.7,49.1,1,7,8,9,0,0,124,54
10,General,Urban,A+,3,1,Winter,20.8,4.7,4,10,10,3,0,0,117,53
7,Trauma,Urban,B+,7,10,Summer,29.3,11.0,1,5,8,1,0,0,225,50
2,Trauma,Semi-Urban,O+,2,4,Summer,29.6,25.8,5,9,13,3,0,0,232,57
14,Trauma,Urban,B+,7,12,Winter,19.8,3.2,1,12,16,2,0,1,263,65
9,General,Urban,O+,4,5,Summer,31.8,3.3,4,11,4,7,0,1,152,50
9,General,Urban,A+,7,3,Summer,36.7,23.6,2,12,5,7,0,1,137,54
7,Trauma,Urban,B+,5,8,Monsoon,22.1,151.8,6,16,14,4,0,0,216,73
24,Trauma,Rural,A+,1,6,Monsoon,26.7,105.3,12,11,11,5,0,0,218,72
16,General,Semi-Urban,A-,4,6,Monsoon,26.9,315.5,12,22,12,8,0,0,133,78
11,General,Semi-Urban,O+,3,12,Winter,19.4,3.3,3,12,5,3,1,0,128,44
6,General,Urban,AB+,2,5,Summer,30.9,12.2,3,13,3,3,0,0,128,46
21,General,Urban,O+,4,5,Summer,28.1,21.4,6,9,5,5,0,0,134,47
23,General,Semi-Urban,O+,1,8,Monsoon,27.5,97.2,3,8,10,6,0,0,125,51
1,Trauma,Rural,O-,5,3,Summer,35.6,12.1,7,8,12,7,0,0,242,60
24,Trauma,Rural,B+,6,10,Summer,37.0,2.0,4,10,13,1,0,0,256,55
18,Trauma,Semi-Urban,O+,1,3,Summer,32.9,2.9,6,11,13,1,0,0,219,60
3,Clinic,Urban,B+,4,3,Summer,36.3,2.9,4,7,4,4,0,0,28,42
19,Clinic,Rural,O-,5,1,Winter,19.5,2.3,0,11,4,6,0,0,37,42
3,Clinic,Urban,A+,1,5,Summer,38.0,26.7,8,11,5,5,0,0,35,47
2,Trauma,Semi-Urban,B+,3,7,Monsoon,26.8,247.3,23,11,17,3,0,0,225,80
3,Clinic,Urban,O+,2,9,Monsoon,21.8,200.9,12,23,8,3,0,0,31,60
12,General,Urban,B+,1,11,Summer,33.8,30.0,3,9,9,12,0,1,147,52
16,General,Semi-Urban,B+,6,10,Summer,34.3,4.9,1,13,11,4,0,0,114,54
11,General,Semi-Urban,O+,4,4,Summer,35.6,11.0,11,14,6,9,0,1,149,58
4,Clinic,Urban,B+,6,10,Summer,29.4,4.3,6,22,6,0,0,0,32,50
5,General,Urban,B+,5,3,Summer,33.1,14.4,3,12,6,7,0,0,126,52
22,Clinic,Urban,B+,7,3,Summer,36.6,8.3,5,11,6,2,0,0,32,43
25,General,Semi-Urban,A+,7,5,Summer,33.7,2.1,4,21,7,3,0,0,111,60
19,Clinic,Rural,A-,5,7,Monsoon,26.1,111.9,20,13,2,3,1,0,30,56
3,Clinic,Urban,A+,3,3,Summer,39.7,5.9,2,7,2,1,0,0,42,37
21,General,Urban,O+,3,11,Summer,30.8,10.1,4,9,6,4,1,0,111,47
18,Trauma,Semi-Urban,A-,6,4,Summer,37.7,7.0,4,8,15,1,0,0,234,55
14,Trauma,Urban,B+,3,5,Summer,37.1,17.4,3,11,18,1,0,0,219,71
4,Clinic,Urban,B+,4,8,Monsoon,26.3,89.1,3,11,4,1,0,1,62,45
25,General,Semi-Urban,B+,2,6,Monsoon,26.9,78.9,5,10,4,8,0,0,122,55
12,General,Urban,B+,7,5,Summer,33.9,28.5,11,10,6,2,0,0,115,46
2,Trauma,Semi-Urban,B+,5,12,Winter,18.5,2.1,4,10,16,2,0,0,211,60
6,General,Urban,A+,3,6,Monsoon,25.2,107.1,5,11,4,7,0,1,135,53
11,General,Semi-Urban,B+,5,2,Winter,16.7,2.2,10,4,5,8,0,0,121,40
2,Trauma,Semi-Urban,O+,3,9,Monsoon,25.9,320.0,30,17,7,6,0,1,247,88
9,General,Urban,B+,2,9,Monsoon,26.0,168.3,13,15,12,7,0,0,114,71
12,General,Urban,O+,7,3,Summer,33.1,34.8,5,11,7,2,0,0,118,48
24,Trauma,Rural,O+,7,11,Summer,27.3,12.2,3,14,6,0,0,0,231,44
3,Clinic,Urban,B+,6,5,Summer,34.3,24.9,6,11,2,0,0,0,33,38
15,Trauma,Urban,O+,3,2,Winter,16.4,1.1,12,13,12,2,0,0,241,62
23,General,Semi-Urban,A+,2,3,Summer,28.4,3.3,4,9,1,4,0,0,122,45
21,General,Urban,A+,1,9,Monsoon,25.9,67.5,11,10,7,6,0,0,126,56
24,Trauma,Rural,O+,6,3,Summer,32.9,14.1,4,14,15,3,0,0,221,62
5,General,Urban,A+,3,6,Monsoon,30.8,185.4,1,9,12,5,0,0,134,58
21,General,Urban,O+,7,9,Monsoon,25.4,82.2,5,9,8,3,0,0,137,57
25,General,Semi-Urban,B+,7,11,Summer,36.0,9.2,5,11,2,5,0,0,132,48
9,General,Urban,B+,1,6,Monsoon,31.1,139.6,5,13,8,8,0,0,116,66
13,Clinic,Rural,O+,7,11,Summer,32.1,33.5,5,9,6,2,0,0,40,39
14,Trauma,Urban,B+,1,4,Summer,33.9,20.9,1,11,13,5,0,1,250,60
13,Clinic,Rural,B+,4,11,Summer,39.2,15.9,6,9,1,2,0,0,34,35
8,Clinic,Rural,B-,4,4,Summer,34.7,24.8,3,9,4,3,0,0,44,35
25,General,Semi-Urban,B+,7,1,Winter,19.1,6.7,5,15,7,1,0,0,121,51
24,Trauma,Rural,O+,5,9,Monsoon,25.8,146.5,15,14,11,7,0,0,220,78
10,General,Urban,B+,7,10,Summer,36.1,23.9,8,13,9,2,0,1,144,53
21,General,Urban,B+,5,12,Winter,17.9,4.1,9,10,5,9,0,0,137,54
10,General,Urban,O+,6,12,Winter,12.5,10.9,5,8,6,6,0,0,126,51
20,General,Urban,A+,6,2,Winter,16.9,1.0,4,8,7,4,0,0,124,45
15,Trauma,Urban,O+,7,8,Monsoon,23.5,126.4,6,15,9,7,0,1,236,73
12,General,Urban,O+,3,9,Monsoon,27.3,47.0,1,9,8,4,0,0,114,56
4,Clinic,Urban,B+,3,8,Monsoon,24.2,95.3,5,11,4,3,0,0,37,45
17,Trauma,Semi-Urban,O-,7,1,Winter,19.4,1.0,0,12,15,4,0,0,239,61
9,General,Urban,A+,6,1,Winter,18.1,2.3,6,5,5,5,0,0,129,46
6,General,Urban,B+,7,9,Monsoon,23.3,66.0,4,15,6,3,0,0,120,53
5,General,Urban,O+,5,11,Summer,32.5,16.4,7,10,6,9,0,0,113,58
25,General,Semi-Urban,AB+,7,3,Summer,35.9,7.5,3,12,6,5,0,0,101,52
3,Clinic,Urban,B+,6,1,Winter,21.4,2.8,3,15,2,2,0,0,39,44
20,General,Urban,A+,6,5,Summer,31.3,20.6,2,12,7,5,0,1,148,49
22,Clinic,Urban,O-,2,4,Summer,30.7,27.2,6,4,1,6,0,0,28,35
1,Trauma,Rural,O+,4,12,Winter,23.9,2.5,1,6,13,6,0,0,241,55
15,Trauma,Urban,O+,6,12,Winter,18.0,8.6,1,13,9,1,1,0,228,57
15,Trauma,Urban,O+,6,7,Monsoon,27.3,137.2,5,22,12,2,0,0,236,76
9,General,Urban,O-,7,12,Winter,15.8,8.6,5,8,8,3,0,0,119,47
17,Trauma,Semi-Urban,A+,3,3,Summer,34.6,12.7,4,8,10,9,0,0,238,52
11,General,Semi-Urban,O-,3,12,Winter,23.1,2.7,6,9,6,9,0,0,111,46
11,General,Semi-Urban,AB-,7,6,Monsoon,27.8,80.8,4,14,9,3,0,0,128,57
11,General,Semi-Urban,B+,7,6,Monsoon,30.2,113.8,7,15,7,1,0,0,128,58
21,General,Urban,O+,2,1,Winter,18.1,3.6,7,7,9,6,0,0,122,53
16,General,Semi-Urban,O+,3,3,Summer,30.9,12.7,1,7,6,5,0,0,139,39
10,General,Urban,A+,7,3,Summer,32.0,19.4,5,13,11,5,0,0,117,58
24,Trauma,Rural,O+,2,6,Monsoon,23.6,56.0,7,11,11,1,0,0,227,62
21,General,Urban,O+,6,3,Summer,34.7,13.7,4,16,10,3,0,0,113,54
24,Trauma,Rural,A+,1,2,Winter,21.7,1.0,3,9,14,4,0,0,213,57
19,Clinic,Rural,B+,2,8,Monsoon,27.5,84.4,8,8,5,1,0,0,38,42
10,General,Urban,O+,6,11,Summer,33.1,8.9,5,8,4,4,1,0,124,44
20,General,Urban,A+,5,1,Winter,15.6,2.6,3,6,5,6,0,0,125,45
9,General,Urban,B+,4,7,Monsoon,28.1,33.6,9,12,11,7,0,0,124,67
7,Trauma,Urban,AB+,6,12,Winter,14.3,2.1,1,17,14,2,0,1,239,61
12,General,Urban,O-,3,5,Summer,30.6,16.4,4,4,8,7,0,0,129,44
25,General,Semi-Urban,B+,4,3,Summer,36.7,5.3,9,9,5,6,0,1,150,49
15,Trauma,Urban,A+,5,1,Winter,17.2,0.5,3,7,11,7,0,0,222,57
10,General,Urban,O+,6,12,Winter,17.1,5.2,4,8,9,5,0,0,122,48
12,General,Urban,A+,3,5,Summer,33.5,44.6,2,5,9,7,0,0,135,44
8,Clinic,Rural,B+,5,2,Winter,20.2,2.0,1,6,1,3,0,0,40,30
17,Trauma,Semi-Urban,B+,4,11,Summer,34.5,37.7,5,7,8,6,0,0,232,55
9,General,Urban,B-,4,10,Summer,31.8,1.6,2,11,3,3,0,0,136,44
14,Trauma,Urban,A-,7,9,Monsoon,24.9,122.7,17,15,20,1,0,0,235,85
10,General,Urban,O+,3,2,Winter,17.4,1.8,4,7,5,3,0,0,116,38
9,General,Urban,B+,5,1,Winter,18.9,12.5,8,8,4,7,0,0,125,48
25,General,Semi-Urban,O+,7,3,Summer,33.9,10.4,1,9,8,1,0,1,143,44
9,General,Urban,B+,6,2,Winter,17.6,2.1,2,13,8,3,1,0,124,45
2,Trauma,Semi-Urban,B+,7,7,Monsoon,27.1,2.9,5,11,14,1,0,0,225,63
10,General,Urban,B+,5,5,Summer,33.9,21.6,13,7,12,0,1,0,114,45
14,Trauma,Urban,B+,2,10,Summer,31.7,20.6,4,8,17,2,0,0,238,54
3,Clinic,Urban,B+,7,2,Winter,21.3,8.3,3,7,5,2,0,0,38,35
8,Clinic,Rural,B+,5,9,Monsoon,25.6,102.1,1,15,3,4,0,0,31,49
5,General,Urban,A+,2,12,Winter,18.4,2.7,4,8,10,3,0,0,137,44
13,Clinic,Rural,O+,3,2,Winter,11.8,7.4,1,18,1,7,0,0,28,46
19,Clinic,Rural,AB+,2,8,Monsoon,26.4,59.7,5,14,7,7,0,0,33,56
25,General,Semi-Urban,O+,6,7,Monsoon,23.7,25.6,3,16,8,3,1,0,122,55
10,General,Urban,O+,1,2,Winter,15.1,4.9,11,8,5,5,0,0,137,47
22,Clinic,Urban,O+,6,4,Summer,41.3,23.8,5,7,9,2,0,0,43,40
6,General,Urban,O+,4,10,Summer,34.7,2.6,3,11,10,6,0,0,108,56
20,General,Urban,O+,1,11,Summer,37.7,13.6,8,6,4,6,0,0,122,52
15,Trauma,Urban,A-,5,5,Summer,36.6,21.7,4,14,13,3,0,1,245,64
19,Clinic,Rural,B+,6,2,Winter,20.9,2.2,7,10,7,2,0,1,55,42
19,Clinic,Rural,O+,6,3,Summer,33.4,37.4,7,13,4,0,0,0,43,36
14,Trauma,Urban,A+,4,11,Summer,38.8,6.9,7,10,13,4,0,1,273,64
7,Trauma,Urban,O+,3,7,Monsoon,29.5,51.1,7,16,12,6,0,0,227,73
14,Trauma,Urban,B+,2,6,Monsoon,27.1,60.3,7,10,12,6,0,0,222,67
21,General,Urban,O+,1,1,Winter,18.8,1.4,7,6,10,7,0,0,122,43
25,General,Semi-Urban,O+,3,10,Summer,33.6,6.9,2,8,4,7,0,1,137,47
24,Trauma,Rural,A+,5,6,Monsoon,27.2,94.4,15,16,14,3,0,1,240,82
5,General,Urban,AB+,1,7,Monsoon,26.9,42.8,2,15,5,6,0,0,124,55
15,Trauma,Urban,O+,7,11,Summer,35.1,18.3,2,14,5,2,0,0,239,59
3,Clinic,Urban,O+,5,7,Monsoon,32.2,22.8,5,9,3,5,0,0,30,45
17,Trauma,Semi-Urban,A+,3,12,Winter,14.4,1.6,4,12,18,9,0,0,239,67
25,General,Semi-Urban,O+,7,7,Monsoon,30.4,258.2,16,15,7,4,0,0,122,66
2,Trauma,Semi-Urban,B+,2,5,Summer,32.9,6.7,3,3,7,1,0,1,267,42
17,Trauma,Semi-Urban,B+,7,12,Winter,21.8,3.3,3,9,14,6,0,0,242,60
24,Trauma,Rural,B+,2,8,Monsoon,26.0,89.0,6,3,14,3,0,0,246,61
22,Clinic,Urban,B-,3,10,Summer,35.2,4.7,1,6,4,0,1,0,40,31
10,General,Urban,O+,3,3,Summer,33.5,6.2,4,9,7,4,0,0,122,50
3,Clinic,Urban,B+,7,9,Monsoon,21.8,109.9,14,13,1,1,0,0,33,50
24,Trauma,Rural,O+,2,7,Monsoon,32.2,50.0,9,8,8,1,0,0,235,55
24,Trauma,Rural,O+,7,2,Winter,15.2,1.8,3,9,19,2,0,0,249,61
15,Trauma,Urban,B+,3,4,Summer,34.3,6.1,0,14,13,2,0,0,254,65
25,General,Semi-Urban,B+,2,11,Summer,30.8,28.9,2,10,8,6,0,1,142,49
1,Trauma,Rural,O+,5,7,Monsoon,23.0,173.3,6,17,11,2,0,0,230,70
16,General,Semi-Urban,B+,5,10,Summer,33.4,13.4,7,6,11,7,0,0,112,57
1,Trauma,Rural,B+,3,3,Summer,32.2,10.2,3,10,12,5,0,0,238,58
24,Trauma,Rural,A+,1,3,Summer,30.5,12.8,4,7,9,3,0,0,241,52
18,Trauma,Semi-Urban,O+,3,12,Winter,17.9,4.7,6,5,16,2,0,0,224,57
23,General,Semi-Urban,O-,4,6,Monsoon,22.6,116.0,11,11,5,5,0,1,137,54
15,Trauma,Urban,O+,1,11,Summer,34.4,6.8,4,10,7,2,0,0,231,52
3,Clinic,Urban,O-,1,10,Summer,33.6,8.7,4,13,5,2,0,0,42,44
1,Trauma,Rural,B+,7,5,Summer,26.6,8.0,1,14,14,4,0,0,232,59
9,General,Urban,B+,1,12,Winter,16.4,4.1,4,9,5,7,0,0,113,51
19,Clinic,Rural,A+,3,10,Summer,35.4,27.9,3,11,4,3,0,0,34,35
4,Clinic,Urban,B+,6,2,Winter,14.8,3.3,2,10,2,3,0,0,43,29
22,Clinic,Urban,B-,3,2,Winter,19.5,3.6,5,11,2,4,0,0,35,38
6,General,Urban,O+,4,2,Winter,19.3,1.6,4,9,6,8,0,0,137,57
13,Clinic,Rural,B+,1,9,Monsoon,23.9,19.4,2,7,3,1,0,0,36,28
6,General,Urban,B+,6,2,Winter,18.0,2.4,5,12,8,4,0,0,145,60
12,General,Urban,B+,5,4,Summer,36.5,18.9,5,8,9,8,0,0,124,55
12,General,Urban,O+,6,6,Monsoon,24.4,43.6,8,14,6,5,0,0,118,59
1,Trauma,Rural,A+,7,2,Winter,17.4,0.5,2,15,11,0,0,0,244,53
15,Trauma,Urban,O+,3,4,Summer,37.5,16.9,8,10,16,8,0,0,209,70
20,General,Urban,A+,1,9,Monsoon,24.4,110.6,9,7,6,10,0,1,153,59
24,Trauma,Rural,B+,3,12,Winter,19.4,2.0,4,8,8,0,0,0,241,51
9,General,Urban,A+,2,6,Monsoon,23.8,47.3,10,8,16,9,0,0,132,68
23,General,Semi-Urban,O+,4,9,Monsoon,26.5,66.0,3,7,3,7,0,0,131,49
22,Clinic,Urban,A+,2,7,Monsoon,28.3,55.2,6,7,1,2,0,1,50,41
25,General,Semi-Urban,A+,7,6,Monsoon,19.8,225.2,18,19,5,2,1,0,132,64
10,General,Urban,O+,5,7,Monsoon,25.4,64.5,3,11,8,5,0,0,122,54
22,Clinic,Urban,B+,2,12,Winter,19.3,4.2,3,11,5,4,0,0,38,44
15,Trauma,Urban,A+,7,1,Winter,18.7,2.8,0,16,10,3,0,0,222,62
2,Trauma,Semi-Urban,A+,6,7,Monsoon,25.4,107.6,8,13,12,2,0,1,249,70
7,Trauma,Urban,O+,4,1,Winter,14.7,2.1,1,5,11,2,0,0,216,53
17,Trauma,Semi-Urban,B+,2,11,Summer,35.9,7.0,8,4,8,1,0,0,238,48
5,General,Urban,O+,3,8,Monsoon,26.0,83.7,2,8,4,4,0,0,128,45
11,General,Semi-Urban,O+,5,1,Winter,19.6,1.8,5,6,5,6,0,1,142,42
20,General,Urban,O+,6,8,Monsoon,28.1,62.1,9,20,6,5,0,0,138,71
4,Clinic,Urban,O+,2,6,Monsoon,25.7,128.7,6,15,3,3,0,0,30,49
13,Clinic,Rural,B+,6,1,Winter,21.2,7.3,1,17,5,0,0,0,38,45
6,General,Urban,O+,2,12,Winter,16.2,11.5,3,11,5,5,0,0,110,43
14,Trauma,Urban,O+,2,5,Summer,37.6,17.3,3,9,16,2,0,0,243,62
7,Trauma,Urban,A+,4,1,Winter,22.0,4.1,0,11,10,5,0,0,245,58
25,General,Semi-Urban,B+,2,8,Monsoon,30.2,39.0,3,9,2,10,0,0,107,50
2,Trauma,Semi-Urban,O+,3,5,Summer,33.5,23.6,8,10,8,6,0,1,264,56
25,General,Semi-Urban,O+,3,8,Monsoon,34.6,218.8,11,20,9,8,0,0,102,73
20,General,Urban,O+,2,2,Winter,18.5,2.3,1,4,6,7,0,0,120,47
22,Clinic,Urban,A+,6,10,Summer,34.7,37.9,4,14,7,0,0,0,38,45
22,Clinic,Urban,A+,3,6,Monsoon,26.9,175.4,17,15,11,4,0,0,41,60
5,General,Urban,O+,5,6,Monsoon,23.6,123.0,6,13,11,7,0,1,133,63
24,Trauma,Rural,B+,6,10,Summer,37.9,10.2,1,10,15,4,0,0,230,60
15,Trauma,Urban,AB+,5,7,Monsoon,25.3,29.1,2,5,12,6,0,0,203,61
25,General,Semi-Urban,B+,2,1,Winter,20.8,9.4,3,9,6,5,0,0,130,44
22,Clinic,Urban,O+,6,7,Monsoon,30.5,26.4,6,19,6,3,0,0,28,60
15,Trauma,Urban,B+,2,8,Monsoon,28.8,232.5,18,23,12,6,0,0,219,90
10,General,Urban,AB+,2,4,Summer,31.9,36.5,1,7,6,3,0,0,130,40
3,Clinic,Urban,B+,7,3,Summer,33.0,5.2,9,9,3,0,0,0,31,39
3,Clinic,Urban,O+,3,1,Winter,10.0,1.0,3,5,2,3,0,1,64,33
10,General,Urban,O+,5,11,Summer,33.7,7.9,3,7,5,4,0,0,122,44
21,General,Urban,O+,1,1,Winter,20.4,3.1,4,9,5,9,0,1,136,54
13,Clinic,Rural,B+,5,8,Monsoon,26.3,54.7,10,8,6,5,0,0,37,48
13,Clinic,Rural,B+,7,11,Summer,32.2,7.8,4,17,3,1,0,0,38,40
7,Trauma,Urban,A+,5,5,Summer,33.1,11.0,2,7,8,2,0,0,250,50
15,Trauma,Urban,AB+,5,3,Summer,37.6,32.1,2,11,8,4,0,0,249,54
16,General,Semi-Urban,A+,6,9,Monsoon,26.8,72.5,4,8,7,6,0,1,142,53
25,General,Semi-Urban,O+,3,8,Monsoon,32.6,129.8,8,14,8,8,0,0,136,63
19,Clinic,Rural,O+,3,1,Winter,16.3,1.1,8,7,2,2,0,0,43,30
16,General,Semi-Urban,B+,1,7,Monsoon,27.7,87.9,9,11,6,6,0,0,117,51
23,General,Semi-Urban,B+,5,1,Winter,16.7,2.4,0,4,6,5,0,0,131,39
11,General,Semi-Urban,O+,6,5,Summer,40.2,18.0,3,9,7,3,0,0,121,52
24,Trauma,Rural,AB+,6,4,Summer,34.5,3.6,3,12,22,3,0,0,233,68
10,General,Urban,B-,6,11,Summer,40.4,27.3,1,14,6,5,0,0,118,59
4,Clinic,Urban,O+,1,12,Winter,16.7,2.3,4,5,6,0,1,0,40,29
11,General,Semi-Urban,O+,5,9,Monsoon,31.6,44.9,7,10,8,9,0,0,114,54
4,Clinic,Urban,O-,6,9,Monsoon,27.4,247.6,8,16,3,1,0,0,23,53
3,Clinic,Urban,AB+,2,1,Winter,20.5,4.0,3,10,4,5,0,0,37,43
23,General,Semi-Urban,B+,4,1,Winter,14.3,3.1,0,3,5,5,0,0,125,39
20,General,Urban,A+,7,10,Summer,35.0,3.6,6,9,7,0,0,0,126,39
6,General,Urban,O+,3,6,Monsoon,23.8,39.2,3,11,4,8,0,0,124,54
21,General,Urban,B+,6,7,Monsoon,27.8,28.9,4,15,6,5,0,0,117,62
2,Trauma,Semi-Urban,O+,4,9,Monsoon,22.4,83.7,7,7,12,5,0,0,238,63
8,Clinic,Rural,A+,5,5,Summer,33.7,25.1,3,11,8,4,0,0,33,44
18,Trauma,Semi-Urban,O+,5,9,Monsoon,30.3,104.3,12,11,15,1,1,1,236,67
8,Clinic,Rural,B+,5,9,Monsoon,28.6,87.5,11,8,5,3,0,0,38,47
19,Clinic,Rural,B+,6,3,Summer,30.3,11.1,8,13,4,3,0,0,31,42
22,Clinic,Urban,O+,7,9,Monsoon,21.3,146.7,22,19,8,2,0,0,29,60
2,Trauma,Semi-Urban,B+,3,3,Summer,35.5,9.6,2,5,5,9,0,0,229,48
1,Trauma,Rural,O+,7,4,Summer,38.7,2.8,3,6,14,0,0,0,228,52
24,Trauma,Rural,B+,5,10,Summer,31.1,23.2,2,11,9,7,0,0,228,57
14,Trauma,Urban,A+,5,12,Winter,24.3,1.2,5,3,9,3,0,0,238,49
13,Clinic,Rural,B+,3,1,Winter,18.0,0.7,3,11,3,5,0,0,42,40
12,General,Urban,O+,3,8,Monsoon,21.1,101.0,7,13,5,3,0,0,127,63
11,General,Semi-Urban,O+,5,7,Monsoon,22.3,12.7,4,10,3,6,0,0,130,47
18,Trauma,Semi-Urban,O+,3,8,Monsoon,29.3,81.0,8,9,18,3,0,0,214,73
15,Trauma,Urban,B+,3,10,Summer,34.4,12.9,4,4,20,6,0,0,204,59
5,General,Urban,A+,6,1,Winter,22.4,4.5,7,15,10,4,0,0,110,55
16,General,Semi-Urban,B+,3,9,Monsoon,23.4,104.8,1,11,7,5,0,0,130,49
17,Trauma,Semi-Urban,A-,5,4,Summer,34.4,3.3,1,4,8,1,0,1,263,43
3,Clinic,Urban,AB+,1,2,Winter,18.0,6.0,3,8,6,2,0,0,38,36
10,General,Urban,A+,1,6,Monsoon,26.6,79.1,11,11,1,4,0,0,131,57
20,General,Urban,O+,6,1,Winter,16.9,2.4,5,13,3,5,0,1,148,44
16,General,Semi-Urban,B+,1,8,Monsoon,25.9,27.9,7,9,9,7,0,0,138,57
4,Clinic,Urban,B+,6,7,Monsoon,27.5,167.7,9,19,6,0,0,0,32,54
2,Trauma,Semi-Urban,B-,7,7,Monsoon,27.9,156.9,6,18,19,5,0,0,210,77
15,Trauma,Urban,A+,4,1,Winter,18.8,2.1,8,9,13,2,0,0,237,58
12,General,Urban,O-,7,10,Summer,37.6,16.0,2,11,5,8,0,0,126,53
25,General,Semi-Urban,O+,3,1,Winter,14.4,5.4,3,9,6,10,0,0,114,54
14,Trauma,Urban,O+,7,4,Summer,28.6,9.1,5,8,9,4,0,0,251,57
24,Trauma,Rural,B+,2,5,Summer,37.1,22.7,5,5,13,6,0,0,225,57
6,General,Urban,B+,3,9,Monsoon,24.2,163.7,7,14,10,3,0,0,115,62
12,General,Urban,O+,3,5,Summer,32.9,2.0,5,3,8,6,0,1,133,48
4,Clinic,Urban,B+,6,10,Summer,32.2,18.4,3,14,7,1,0,0,41,46
15,Trauma,Urban,O+,1,12,Winter,16.1,2.2,3,7,12,7,0,0,217,58
5,General,Urban,O+,6,10,Summer,29.6,5.4,0,11,5,7,0,0,118,50
13,Clinic,Rural,A-,1,1,Winter,16.3,0.4,0,9,3,1,0,0,37,31
9,General,Urban,A+,3,10,Summer,35.9,12.1,0,8,4,7,0,0,123,47
5,General,Urban,O+,5,3,Summer,34.0,8.9,6,10,12,11,0,0,125,59
3,Clinic,Urban,A+,2,11,Summer,35.5,7.2,3,6,3,2,0,0,35,41
13,Clinic,Rural,A+,4,12,Winter,16.5,5.5,3,4,2,4,0,1,60,27
24,Trauma,Rural,B+,7,2,Winter,20.7,20.0,4,9,13,3,0,0,230,54
5,General,Urban,O+,6,2,Winter,16.5,4.6,2,7,9,2,0,0,129,44
11,General,Semi-Urban,A+,1,9,Monsoon,20.7,65.1,7,11,9,0,1,0,123,50
6,General,Urban,O+,5,2,Winter,18.9,6.6,3,11,6,8,0,0,130,48
21,General,Urban,AB+,5,12,Winter,20.3,1.3,4,9,5,1,1,0,129,48
11,General,Semi-Urban,AB+,1,7,Monsoon,25.3,56.0,6,4,7,10,0,0,130,52
25,General,Semi-Urban,A+,5,7,Monsoon,30.6,91.3,5,10,8,3,0,0,117,50
7,Trauma,Urban,O+,4,11,Summer,31.4,12.9,13,6,11,2,0,0,237,58
3,Clinic,Urban,B+,5,3,Summer,36.0,21.5,2,6,5,2,0,0,28,40
15,Trauma,Urban,A+,3,7,Monsoon,32.2,215.3,6,16,11,5,0,1,271,74
17,Trauma,Semi-Urban,O+,2,12,Winter,18.1,6.0,7,10,10,8,0,0,230,58
25,General,Semi-Urban,O+,6,1,Winter,17.3,9.0,2,7,9,6,0,0,134,46
22,Clinic,Urban,O+,6,3,Summer,33.7,32.5,4,12,3,0,0,0,41,38
23,General,Semi-Urban,A+,2,2,Winter,22.9,4.0,3,9,6,3,0,0,130,40
16,General,Semi-Urban,B+,2,5,Summer,35.2,10.1,4,9,11,10,0,1,145,55
9,General,Urban,B+,5,2,Winter,24.4,5.1,6,9,9,5,0,0,125,54
11,General,Semi-Urban,O+,6,3,Summer,34.8,2.3,1,6,7,5,0,0,114,47
4,Clinic,Urban,A+,2,11,Summer,32.0,21.4,11,6,1,1,1,0,37,28
11,General,Semi-Urban,O-,2,6,Monsoon,25.2,137.0,7,20,6,6,0,0,128,66
10,General,Urban,B+,6,5,Summer,34.2,4.5,4,15,2,4,0,0,112,48
1,Trauma,Rural,O+,5,6,Monsoon,20.9,202.7,2,24,11,5,0,0,216,73
6,General,Urban,O+,7,12,Winter,16.6,6.9,6,7,8,4,0,1,154,44
14,Trauma,Urban,A+,6,6,Monsoon,25.6,121.2,3,10,4,2,0,0,226,54
10,General,Urban,B+,7,6,Monsoon,27.7,72.6,12,21,9,5,0,0,123,70
25,General,Semi-Urban,B+,2,12,Winter,23.8,8.6,7,10,11,4,0,0,124,54
12,General,Urban,O+,2,1,Winter,18.2,0.7,5,7,5,9,0,0,121,47
24,Trauma,Rural,B+,2,6,Monsoon,21.2,78.9,10,15,6,0,0,0,235,64
17,Trauma,Semi-Urban,O+,1,9,Monsoon,24.3,130.5,4,12,9,5,0,0,209,62
2,Trauma,Semi-Urban,O+,6,7,Monsoon,27.8,178.0,3,25,15,3,0,0,213,75
6,General,Urban,A+,5,11,Summer,34.3,23.6,2,11,4,10,0,0,114,56
18,Trauma,Semi-Urban,O+,1,11,Summer,38.9,4.2,2,9,17,5,0,0,243,65
14,Trauma,Urban,B+,2,5,Summer,36.9,15.8,6,12,12,5,0,0,221,69
8,Clinic,Rural,O+,2,10,Summer,36.8,13.0,4,13,5,2,0,0,29,39
14,Trauma,Urban,AB+,3,3,Summer,33.3,2.1,3,7,7,7,0,0,232,54
23,General,Semi-Urban,A+,4,3,Summer,37.3,3.8,2,9,3,4,0,0,128,44
10,General,Urban,O+,3,12,Winter,15.3,0.4,4,6,5,6,0,1,158,43
2,Trauma,Semi-Urban,B+,7,1,Winter,20.9,0.6,2,6,8,2,0,0,206,48
8,Clinic,Rural,B-,2,5,Summer,33.2,4.2,2,10,3,4,0,0,38,37
24,Trauma,Rural,AB-,4,8,Monsoon,22.7,74.6,8,13,20,4,0,0,234,73
20,General,Urban,B+,4,5,Summer,35.8,10.7,1,9,10,10,0,0,135,53
21,General,Urban,O+,3,11,Summer,38.2,15.4,2,14,7,9,0,0,118,60
23,General,Semi-Urban,AB+,6,4,Summer,32.8,6.6,1,9,6,3,0,1,146,41
3,Clinic,Urban,B+,7,7,Monsoon,31.7,184.3,21,23,6,0,0,1,51,60
8,Clinic,Rural,B+,1,2,Winter,13.0,6.5,7,8,2,3,0,0,41,30
2,Trauma,Semi-Urban,A+,4,3,Summer,30.4,15.0,3,11,15,0,0,0,200,55
1,Trauma,Rural,A+,1,3,Summer,33.6,34.7,4,10,17,8,0,0,215,65
21,General,Urban,O+,4,9,Monsoon,25.9,99.7,4,15,4,4,0,0,122,55
24,Trauma,Rural,O+,5,3,Summer,32.0,2.9,5,10,13,5,0,0,228,55
4,Clinic,Urban,O+,3,9,Monsoon,27.4,127.9,12,13,4,1,0,1,41,50
19,Clinic,Rural,O+,3,5,Summer,32.4,12.4,4,5,3,1,0,0,40,32
14,Trauma,Urban,B+,3,7,Monsoon,25.9,60.3,4,8,7,3,0,0,246,57
2,Trauma,Semi-Urban,A+,3,11,Summer,34.8,9.2,4,8,22,3,0,0,217,66
23,General,Semi-Urban,B+,3,11,Summer,32.0,16.3,5,9,7,8,0,0,134,49
22,Clinic,Urban,B-,3,1,Winter,17.7,4.2,7,11,4,3,0,0,30,45
15,Trauma,Urban,B-,5,10,Summer,32.1,39.7,6,13,6,5,0,0,226,56
18,Trauma,Semi-Urban,O+,1,12,Winter,14.4,3.8,2,11,9,7,0,0,235,53
10,General,Urban,O-,1,9,Monsoon,29.3,99.7,15,14,16,1,0,1,151,77
20,General,Urban,A+,4,3,Summer,39.1,12.3,3,10,9,2,1,0,122,50
12,General,Urban,B+,5,8,Monsoon,30.2,87.2,3,13,6,4,0,1,140,59
25,General,Semi-Urban,O+,2,8,Monsoon,28.0,33.8,7,7,8,8,0,0,130,53
2,Trauma,Semi-Urban,B+,2,8,Monsoon,25.1,54.3,3,7,16,6,0,0,229,64
5,General,Urban,O+,5,6,Monsoon,26.1,112.9,4,8,7,6,0,0,124,53
25,General,Semi-Urban,O+,3,7,Monsoon,30.2,23.1,11,8,6,8,0,0,123,59
8,Clinic,Rural,B-,6,8,Monsoon,20.2,69.4,9,13,3,4,0,0,31,45
8,Clinic,Rural,B+,2,6,Monsoon,25.9,193.0,5,18,7,2,0,0,30,52
20,General,Urban,B+,1,10,Summer,36.2,9.1,2,11,10,2,1,0,133,47
5,General,Urban,A+,4,9,Monsoon,23.6,228.8,1,17,3,2,0,1,149,49
13,Clinic,Rural,O-,3,4,Summer,35.3,9.3,9,6,3,3,0,0,32,35
8,Clinic,Rural,B+,6,8,Monsoon,28.1,164.6,15,26,5,4,0,0,32,60
5,General,Urban,O+,4,10,Summer,29.6,12.6,2,13,4,3,0,0,127,49
25,General,Semi-Urban,O+,3,6,Monsoon,27.3,34.4,1,19,12,8,0,1,137,70
5,General,Urban,O+,2,9,Monsoon,25.1,264.8,13,13,7,5,0,0,104,67
3,Clinic,Urban,AB+,2,2,Winter,19.2,1.2,8,6,2,4,0,0,27,35
17,Trauma,Semi-Urban,O+,6,5,Summer,36.0,7.9,0,10,13,2,0,0,241,54
22,Clinic,Urban,O+,2,9,Monsoon,28.2,286.1,13,18,7,2,0,0,34,60
4,Clinic,Urban,O+,4,11,Summer,34.2,13.9,4,9,1,3,0,0,38,41
18,Trauma,Semi-Urban,AB+,6,8,Monsoon,27.9,45.8,5,21,12,1,0,0,223,74
14,Trauma,Urban,B+,7,8,Monsoon,23.5,87.7,5,17,14,2,0,1,247,75
21,General,Urban,B+,2,5,Summer,33.9,17.9,4,7,6,1,1,0,129,41
4,Clinic,Urban,O+,1,9,Monsoon,24.6,66.2,6,4,1,2,0,0,39,37
25,General,Semi-Urban,O+,6,5,Summer,37.1,30.0,5,9,5,2,0,0,127,43
16,General,Semi-Urban,B+,5,1,Winter,20.0,1.9,4,7,5,4,0,0,142,41
22,Clinic,Urban,O+,3,3,Summer,36.0,1.6,0,3,2,4,0,0,37,30
10,General,Urban,AB+,5,8,Monsoon,32.1,153.2,7,12,2,2,0,0,122,48
24,Trauma,Rural,O+,2,12,Winter,17.0,3.0,7,9,19,5,0,0,209,68
16,General,Semi-Urban,O+,5,6,Monsoon,25.4,164.3,4,8,4,4,0,0,131,46
4,Clinic,Urban,O+,6,11,Summer,32.9,8.7,2,15,4,1,0,0,40,44
24,Trauma,Rural,AB+,3,10,Summer,29.2,16.0,8,8,13,5,0,0,224,56
20,General,Urban,B+,4,7,Monsoon,22.4,61.4,6,8,8,5,0,0,134,58
8,Clinic,Rural,B+,3,10,Summer,35.9,9.8,4,4,5,1,0,0,37,30
14,Trauma,Urban,O+,1,5,Summer,29.8,3.1,3,11,10,5,0,0,248,59
10,General,Urban,AB+,1,6,Monsoon,23.8,33.4,3,10,10,5,0,0,117,57
14,Trauma,Urban,O+,7,9,Monsoon,26.7,104.9,10,21,10,2,0,0,204,77
25,General,Semi-Urban,O+,4,8,Monsoon,25.8,153.2,4,7,3,3,0,0,116,39
23,General,Semi-Urban,B+,2,7,Monsoon,29.7,112.1,7,12,5,6,0,0,111,54
6,General,Urban,B+,1,6,Monsoon,27.2,39.4,8,9,7,12,0,0,120,65
25,General,Semi-Urban,AB-,3,12,Winter,15.6,4.8,2,9,3,1,1,0,125,34
11,General,Semi-Urban,O+,7,1,Winter,20.9,1.5,3,10,3,4,0,0,128,40
18,Trauma,Semi-Urban,A+,3,1,Winter,20.2,4.2,2,10,11,6,0,0,224,55
20,General,Urban,AB+,7,6,Monsoon,22.8,49.0,3,10,9,2,0,0,123,51
13,Clinic,Rural,O+,4,1,Winter,18.8,2.9,5,8,3,2,0,0,41,32
12,General,Urban,O+,6,5,Summer,31.9,7.2,3,9,8,4,0,0,116,48
12,General,Urban,O+,6,7,Monsoon,24.8,123.2,3,21,5,3,0,0,118,57
22,Clinic,Urban,O-,1,5,Summer,39.6,8.1,4,6,3,1,0,0,41,35
10,General,Urban,A+,1,3,Summer,34.4,17.9,2,7,6,2,0,0,122,40
7,Trauma,Urban,A+,7,4,Summer,33.3,1.0,1,9,15,4,0,1,255,60
10,General,Urban,O-,7,8,Monsoon,27.3,158.6,7,17,11,2,1,0,124,58
5,General,Urban,B+,1,12,Winter,20.6,1.5,4,5,6,4,0,0,114,46
10,General,Urban,A-,5,10,Summer,31.9,31.8,5,12,6,2,1,0,119,48
3,Clinic,Urban,B+,7,7,Monsoon,25.4,63.2,12,12,4,0,0,0,38,51
3,Clinic,Urban,O+,7,2,Winter,20.0,7.9,1,12,2,0,0,1,57,37
19,Clinic,Rural,O+,3,3,Summer,29.5,2.0,5,8,6,5,0,0,37,41
2,Trauma,Semi-Urban,O+,6,6,Monsoon,30.0,173.4,6,12,8,0,1,0,225,56
15,Trauma,Urban,B+,5,3,Summer,29.2,6.0,15,7,13,1,0,0,243,61
20,General,Urban,B+,7,9,Monsoon,26.3,172.5,16,25,6,3,0,0,114,76
19,Clinic,Rural,A+,2,5,Summer,29.2,11.6,1,11,4,1,0,0,29,36
12,General,Urban,A+,5,11,Summer,30.8,9.3,4,10,9,7,0,0,118,52
5,General,Urban,O+,1,4,Summer,37.9,28.2,3,13,5,8,0,0,132,53
24,Trauma,Rural,B+,3,6,Monsoon,30.1,55.5,8,17,7,3,0,0,232,68
21,General,Urban,B+,1,9,Monsoon,30.5,228.5,14,22,9,9,0,1,146,80
16,General,Semi-Urban,O+,4,3,Summer,29.7,9.7,5,10,8,6,0,0,128,51
3,Clinic,Urban,O+,6,10,Summer,30.8,12.3,5,12,6,3,0,0,27,43
1,Trauma,Rural,O+,5,8,Monsoon,28.0,95.9,4,8,10,2,0,0,217,56
8,Clinic,Rural,O+,3,8,Monsoon,29.1,32.0,7,15,0,3,0,0,39,44
4,Clinic,Urban,AB+,3,6,Monsoon,24.6,108.7,3,8,4,5,0,0,38,43
22,Clinic,Urban,B+,3,12,Winter,16.3,1.7,7,13,5,5,0,0,44,44
6,General,Urban,AB+,6,10,Summer,30.6,4.9,1,10,4,2,1,0,118,45
8,Clinic,Rural,O+,2,3,Summer,39.0,4.8,3,8,2,3,0,0,37,35
25,General,Semi-Urban,B+,1,7,Monsoon,25.6,63.0,3,7,7,7,0,0,121,50
21,General,Urban,B+,4,11,Summer,34.1,29.0,11,19,8,5,0,0,131,62
6,General,Urban,B+,6,4,Summer,34.3,6.6,3,6,6,2,0,0,121,38
10,General,Urban,O+,4,7,Monsoon,30.3,106.6,9,11,9,3,0,1,156,59
13,Clinic,Rural,B-,2,10,Summer,31.1,27.3,0,7,5,2,0,0,41,33
17,Trauma,Semi-Urban,A+,1,4,Summer,37.5,9.7,8,11,13,3,0,0,243,57
24,Trauma,Rural,O+,7,7,Monsoon,23.2,94.7,3,19,13,2,0,0,214,68
22,Clinic,Urban,B+,6,7,Monsoon,30.5,209.8,11,23,7,3,0,0,40,60
25,General,Semi-Urban,O+,2,3,Summer,28.9,17.2,8,7,7,6,0,0,119,48
2,Trauma,Semi-Urban,B+,1,3,Summer,33.7,15.7,13,10,8,6,0,0,218,61
6,General,Urban,O+,1,7,Monsoon,31.9,83.6,5,15,3,7,0,1,151,60
15,Trauma,Urban,O+,3,3,Summer,36.1,32.7,3,11,12,3,0,1,246,62
2,Trauma,Semi-Urban,A+,6,12,Winter,19.3,2.5,7,10,6,5,0,0,242,53
9,General,Urban,O+,2,7,Monsoon,23.9,57.0,5,8,7,6,0,0,125,51
4,Clinic,Urban,O+,6,9,Monsoon,24.8,66.0,3,16,4,2,0,0,30,48
24,Trauma,Rural,A+,1,5,Summer,38.0,18.2,4,10,9,1,1,0,227,47
2,Trauma,Semi-Urban,A+,6,4,Summer,35.4,14.3,4,13,8,1,0,0,230,53
4,Clinic,Urban,B+,2,6,Monsoon,29.7,40.6,7,10,1,3,0,0,40,42
5,General,Urban,B+,7,9,Monsoon,27.2,138.9,8,15,5,1,0,0,121,56
4,Clinic,Urban,B+,4,5,Summer,33.2,17.0,1,6,2,2,0,1,62,31
15,Trauma,Urban,O-,2,4,Summer,36.3,6.6,2,6,8,4,0,0,222,48
10,General,Urban,O+,2,2,Winter,18.8,4.3,4,5,7,6,0,0,128,46
23,General,Semi-Urban,B+,6,7,Monsoon,26.5,160.5,9,21,7,5,0,1,162,66
7,Trauma,Urban,A+,3,9,Monsoon,22.8,68.7,0,17,8,2,0,0,234,65
14,Trauma,Urban,O+,3,7,Monsoon,29.9,17.1,2,7,14,2,0,0,240,61
17,Trauma,Semi-Urban,O+,6,4,Summer,35.3,10.8,0,11,9,1,0,1,268,51
16,General,Semi-Urban,B+,4,3,Summer,32.2,9.0,5,7,7,5,0,0,112,47
20,General,Urban,O+,5,5,Summer,37.5,1.5,2,12,9,6,0,0,108,58
6,General,Urban,B+,4,5,Summer,34.7,7.9,0,5,8,9,0,0,117,45
13,Clinic,Rural,O+,1,3,Summer,34.8,4.4,4,4,2,5,0,0,41,31
21,General,Urban,O+,1,12,Winter,20.7,8.0,7,4,7,6,0,0,119,41
22,Clinic,Urban,O+,1,4,Summer,36.0,28.1,1,7,6,2,0,1,57,36
16,General,Semi-Urban,AB+,5,4,Summer,34.9,16.2,5,9,8,6,0,0,117,50
17,Trauma,Semi-Urban,A+,4,8,Monsoon,26.4,74.7,4,11,16,8,0,0,240,74
22,Clinic,Urban,B+,6,10,Summer,40.0,8.6,3,8,6,3,0,0,39,44
16,General,Semi-Urban,O+,7,6,Monsoon,24.8,152.6,2,15,10,4,0,0,138,55
24,Trauma,Rural,A+,2,9,Monsoon,29.2,70.7,8,3,7,4,0,0,228,53
4,Clinic,Urban,O+,7,2,Winter,17.7,3.2,6,12,2,3,0,0,35,37
9,General,Urban,B+,7,7,Monsoon,28.4,99.4,3,19,3,3,1,0,122,53
3,Clinic,Urban,O-,5,1,Winter,21.7,9.3,3,8,2,7,0,0,40,43
3,Clinic,Urban,B+,4,2,Winter,17.1,0.7,1,6,4,3,0,0,32,30
12,General,Urban,AB+,2,8,Monsoon,28.8,50.8,1,6,7,7,0,0,143,46
6,General,Urban,O+,2,3,Summer,34.8,3.4,4,10,3,7,0,1,152,50
11,General,Semi-Urban,B+,1,1,Winter,16.1,4.5,10,10,8,3,0,0,126,51
11,General,Semi-Urban,O+,5,3,Summer,37.8,2.5,2,8,1,9,0,0,124,44
16,General,Semi-Urban,O+,4,10,Summer,36.1,5.9,7,11,9,6,0,0,119,55
24,Trauma,Rural,A-,2,8,Monsoon,25.7,93.1,10,9,10,1,0,0,243,61
22,Clinic,Urban,O-,1,5,Summer,37.3,19.7,5,9,6,2,0,0,35,44
10,General,Urban,B+,1,12,Winter,15.5,3.1,0,10,6,4,0,1,157,41
9,General,Urban,A+,5,5,Summer,33.9,6.0,8,13,5,5,0,0,124,55
20,General,Urban,B+,5,11,Summer,32.7,8.9,6,11,11,10,0,1,130,63
4,Clinic,Urban,B+,5,5,Summer,36.3,8.5,5,4,4,1,1,0,42,33
14,Trauma,Urban,B+,1,1,Winter,16.6,6.2,2,6,12,3,0,0,223,53
11,General,Semi-Urban,B+,1,2,Winter,20.3,1.9,10,10,3,7,0,1,135,50
5,General,Urban,O+,1,4,Summer,35.8,20.7,6,16,8,9,0,0,135,62
16,General,Semi-Urban,O+,6,3,Summer,32.9,10.5,5,9,6,0,0,0,128,47
9,General,Urban,B+,6,2,Winter,23.5,6.9,1,5,7,5,0,0,126,44
5,General,Urban,A+,3,5,Summer,31.8,12.3,4,11,7,6,0,0,126,54
17,Trauma,Semi-Urban,O+,1,12,Winter,13.8,2.1,8,11,13,4,0,1,259,61
5,General,Urban,A+,3,3,Summer,36.6,24.0,1,8,12,9,0,0,111,59
17,Trauma,Semi-Urban,B+,6,3,Summer,27.6,42.9,1,7,6,4,0,1,262,47
5,General,Urban,A+,2,12,Winter,22.5,3.7,5,5,5,7,0,0,124,44
11,General,Semi-Urban,O+,6,3,Summer,34.3,21.8,8,7,6,1,0,0,129,38
21,General,Urban,A+,4,10,Summer,29.7,12.5,9,8,9,7,0,1,146,54
6,General,Urban,O+,1,8,Monsoon,24.2,47.4,8,6,8,8,0,0,128,55
20,General,Urban,B+,7,12,Winter,13.1,7.2,3,10,6,3,0,0,137,43
19,Clinic,Rural,O+,4,7,Monsoon,28.1,30.6,1,11,3,2,0,0,40,44
23,General,Semi-Urban,O+,5,8,Monsoon,23.0,26.9,7,14,12,6,0,0,129,66
5,General,Urban,B+,1,3,Summer,35.5,25.2,8,6,8,6,0,0,142,51
18,Trauma,Semi-Urban,B+,3,7,Monsoon,26.1,67.0,7,16,18,3,0,1,237,77
24,Trauma,Rural,O+,5,9,Monsoon,25.6,34.1,6,9,12,5,0,0,225,59
20,General,Urban,O+,5,12,Winter,19.5,9.6,4,9,7,5,0,0,118,45
5,General,Urban,O+,1,2,Winter,19.9,5.4,9,8,8,8,0,1,137,50
21,General,Urban,A+,5,2,Winter,21.4,3.1,0,8,2,9,0,0,138,47
3,Clinic,Urban,A+,7,1,Winter,16.1,4.2,1,11,2,4,0,0,34,41
15,Trauma,Urban,A+,6,10,Summer,33.9,13.5,4,13,14,2,0,1,260,60
13,Clinic,Rural,O+,2,1,Winter,16.1,5.4,3,9,3,1,0,0,40,34
14,Trauma,Urban,AB-,7,11,Summer,34.5,10.4,1,14,13,3,0,0,215,60
13,Clinic,Rural,B+,5,5,Summer,31.7,19.9,4,9,5,1,0,0,37,33
1,Trauma,Rural,A+,1,4,Summer,32.7,12.9,1,9,9,6,0,0,227,53
13,Clinic,Rural,B+,1,12,Winter,16.7,0.5,5,8,6,4,0,0,36,36
24,Trauma,Rural,O+,7,9,Monsoon,27.9,56.0,5,16,13,2,0,1,265,72
11,General,Semi-Urban,O+,2,7,Monsoon,27.0,122.8,7,10,6,4,0,1,140,53
7,Trauma,Urban,A+,1,11,Summer,35.5,3.4,3,13,9,7,0,0,225,61
25,General,Semi-Urban,B+,4,10,Summer,33.7,12.9,2,10,6,7,0,0,122,51
3,Clinic,Urban,B+,4,8,Monsoon,25.3,67.1,8,12,6,1,1,0,32,48
13,Clinic,Rural,O+,5,4,Summer,34.6,33.9,10,4,6,5,0,1,56,38
13,Clinic,Rural,A+,5,12,Winter,15.2,5.8,7,8,7,3,0,0,40,38
12,General,Urban,B+,7,9,Monsoon,28.7,27.6,3,12,4,4,0,0,130,52
24,Trauma,Rural,AB+,6,12,Winter,17.1,5.2,5,12,9,4,0,0,227,54
11,General,Semi-Urban,B+,1,12,Winter,18.6,2.6,9,8,8,6,0,0,130,48
25,General,Semi-Urban,A+,1,7,Monsoon,27.7,86.5,6,7,5,9,0,0,123,52
2,Trauma,Semi-Urban,O+,1,5,Summer,38.8,9.1,1,14,12,10,0,1,254,65
19,Clinic,Rural,A+,3,12,Winter,19.1,9.9,3,10,6,4,0,0,36,42
15,Trauma,Urban,O+,3,12,Winter,18.2,9.4,4,13,21,0,0,0,230,65
7,Trauma,Urban,O+,7,2,Winter,15.9,1.9,1,8,13,3,0,0,243,57
6,General,Urban,A+,3,8,Monsoon,29.4,168.9,22,11,8,3,0,0,113,72
18,Trauma,Semi-Urban,B+,1,8,Monsoon,26.2,54.8,1,13,12,4,0,0,231,64
16,General,Semi-Urban,O-,7,9,Monsoon,22.4,46.4,3,17,10,4,0,0,118,63
16,General,Semi-Urban,O+,2,12,Winter,17.4,3.7,3,5,8,7,0,0,121,45
2,Trauma,Semi-Urban,A+,7,4,Summer,34.6,11.5,2,14,9,2,0,0,218,54
15,Trauma,Urban,B+,6,12,Winter,15.5,1.5,2,12,11,2,0,0,247,61
25,General,Semi-Urban,A+,7,8,Monsoon,26.6,21.0,5,9,10,4,0,0,132,53
1,Trauma,Rural,AB+,6,1,Winter,17.8,3.4,4,9,13,6,0,0,231,60
12,General,Urban,A+,2,7,Monsoon,26.8,40.2,5,11,9,9,0,0,130,62
13,Clinic,Rural,B+,5,2,Winter,21.7,2.8,3,8,4,4,0,0,44,37
23,General,Semi-Urban,AB-,3,12,Winter,14.1,7.4,7,4,10,3,1,0,124,37
8,Clinic,Rural,O+,5,10,Summer,40.1,10.2,5,6,3,2,0,0,41,36
12,General,Urban,O+,6,11,Summer,33.9,2.5,11,10,5,2,1,1,143,47
18,Trauma,Semi-Urban,O+,4,8,Monsoon,28.7,166.6,15,13,10,6,0,0,201,72
2,Trauma,Semi-Urban,O+,3,5,Summer,34.4,16.4,3,9,14,6,0,1,236,59
21,General,Urban,A+,7,6,Monsoon,21.8,149.0,12,13,6,6,0,0,118,63
21,General,Urban,A+,5,12,Winter,14.8,3.3,0,9,10,5,0,0,118,51
18,Trauma,Semi-Urban,B+,7,2,Winter,16.4,3.2,1,8,12,2,0,0,246,49
17,Trauma,Semi-Urban,O-,2,11,Summer,37.0,44.7,7,4,12,0,0,1,255,53
19,Clinic,Rural,B+,6,6,Monsoon,22.8,116.4,12,13,7,1,0,0,32,49
20,General,Urban,B+,3,8,Monsoon,24.4,164.8,4,14,6,8,0,0,128,62
23,General,Semi-Urban,B+,4,9,Monsoon,27.5,320.0,11,18,10,2,1,0,116,64
11,General,Semi-Urban,B+,7,1,Winter,19.4,12.5,2,8,7,6,0,0,117,46
12,General,Urban,B+,3,2,Winter,19.3,1.2,6,8,4,8,0,1,151,46
16,General,Semi-Urban,O+,2,2,Winter,15.0,1.5,4,5,6,6,0,0,122,46
5,General,Urban,AB-,7,10,Summer,29.2,3.4,2,14,4,1,0,0,139,53
22,Clinic,Urban,B+,7,1,Winter,19.6,3.2,7,7,7,0,0,1,55,37
20,General,Urban,A+,3,8,Monsoon,31.3,320.0,21,19,10,5,0,0,105,79
16,General,Semi-Urban,O+,3,2,Winter,17.0,0.1,7,5,7,2,0,0,125,42
8,Clinic,Rural,O-,2,10,Summer,30.6,7.4,3,6,3,3,0,0,37,34
9,General,Urban,O+,1,12,Winter,16.7,3.2,4,5,3,3,0,0,118,41
11,General,Semi-Urban,B+,4,5,Summer,35.2,4.7,5,7,9,3,0,0,131,43
17,Trauma,Semi-Urban,A+,2,3,Summer,33.3,9.4,2,8,9,2,0,1,239,53
20,General,Urban,B+,6,6,Monsoon,31.2,71.7,10,16,5,4,0,0,117,62
17,Trauma,Semi-Urban,B+,2,9,Monsoon,29.8,24.5,4,11,11,4,0,0,231,63
24,Trauma,Rural,O+,5,9,Monsoon,27.6,146.0,15,14,15,3,0,0,216,76
25,General,Semi-Urban,A-,4,8,Monsoon,21.1,68.8,0,11,9,5,0,0,114,49
18,Trauma,Semi-Urban,O+,5,7,Monsoon,24.9,33.4,4,14,6,4,0,1,257,59
10,General,Urban,O+,1,8,Monsoon,25.4,82.8,8,7,8,8,0,1,151,57
15,Trauma,Urban,B+,4,3,Summer,31.8,20.4,3,11,14,4,0,1,238,64
11,General,Semi-Urban,A+,5,3,Summer,34.6,10.7,6,8,8,7,0,0,131,49
16,General,Semi-Urban,A+,3,12,Winter,18.6,1.4,5,6,9,6,0,0,129,46
21,General,Urban,O+,7,7,Monsoon,22.0,94.3,11,18,8,7,0,0,120,70
10,General,Urban,O+,4,11,Summer,36.4,41.8,3,3,8,3,0,0,132,37
13,Clinic,Rural,O+,3,8,Monsoon,27.0,52.7,5,8,3,1,0,1,64,41
2,Trauma,Semi-Urban,O+,1,6,Monsoon,28.1,41.1,1,12,7,6,0,0,227,59
19,Clinic,Rural,O+,2,7,Monsoon,29.2,59.3,4,7,5,2,0,0,33,39
13,Clinic,Rural,O+,4,9,Monsoon,24.7,43.6,7,8,4,7,0,0,36,46
12,General,Urban,O+,3,3,Summer,37.8,6.0,11,8,7,4,0,0,123,48
14,Trauma,Urban,O+,7,6,Monsoon,26.6,30.2,10,9,19,3,0,0,229,74
6,General,Urban,O+,6,9,Monsoon,31.5,164.3,14,11,8,7,0,0,127,66
15,Trauma,Urban,B+,2,2,Winter,15.3,5.5,7,11,12,8,0,0,244,63
19,Clinic,Rural,O+,5,1,Winter,22.3,2.5,1,10,6,2,0,0,44,36
9,General,Urban,A+,4,2,Winter,15.3,2.0,6,7,6,7,0,0,120,45
4,Clinic,Urban,O+,1,8,Monsoon,34.6,109.1,8,11,5,2,0,1,58,48
10,General,Urban,O+,5,3,Summer,31.1,13.0,5,7,7,3,1,0,133,44
5,General,Urban,B+,4,6,Monsoon,30.2,90.7,7,10,6,6,0,0,96,57
10,General,Urban,O+,1,2,Winter,16.9,8.2,3,12,9,9,0,0,115,57
16,General,Semi-Urban,A+,4,4,Summer,36.1,16.7,7,4,8,5,0,0,119,45
3,Clinic,Urban,B+,6,1,Winter,17.9,25.1,0,8,6,0,0,0,38,34
19,Clinic,Rural,A+,3,10,Summer,30.7,7.4,4,10,7,5,0,0,34,40
6,General,Urban,AB-,3,6,Monsoon,18.6,291.7,10,17,16,10,0,0,106,75
23,General,Semi-Urban,O+,1,3,Summer,41.5,16.1,9,5,6,4,0,0,118,46
19,Clinic,Rural,A+,2,7,Monsoon,27.2,34.9,6,13,3,2,0,0,28,45
7,Trauma,Urban,A+,7,12,Winter,9.2,1.8,4,10,15,4,0,0,227,65
15,Trauma,Urban,A+,5,10,Summer,34.9,18.3,6,7,13,1,0,0,228,56
3,Clinic,Urban,O+,2,11,Summer,36.1,3.6,4,11,2,1,0,1,63,37
3,Clinic,Urban,B+,4,5,Summer,31.9,10.7,0,10,4,3,0,0,38,39
24,Trauma,Rural,B+,2,5,Summer,31.9,53.7,10,9,14,2,0,0,232,59
21,General,Urban,AB-,4,4,Summer,33.9,0.5,6,8,5,4,0,0,125,49
4,Clinic,Urban,B+,2,4,Summer,37.6,10.6,2,11,8,2,0,1,44,45
8,Clinic,Rural,O+,5,12,Winter,18.3,1.8,6,7,3,2,0,0,35,32
5,General,Urban,O+,4,2,Winter,22.4,12.6,6,6,6,2,0,0,116,41
10,General,Urban,A+,5,11,Summer,37.4,10.0,1,11,9,4,0,1,126,53
8,Clinic,Rural,O+,4,11,Summer,33.3,5.4,6,3,2,3,0,0,36,29
9,General,Urban,A+,3,11,Summer,29.3,3.6,4,5,7,4,0,0,121,48
14,Trauma,Urban,AB-,2,8,Monsoon,26.3,31.8,2,6,18,8,0,0,246,68
5,General,Urban,A+,2,11,Summer,35.6,39.7,7,13,7,6,0,1,145,52
23,General,Semi-Urban,O+,4,1,Winter,18.2,0.3,2,6,7,2,0,0,125,46
19,Clinic,Rural,A+,4,10,Summer,35.9,16.6,3,7,1,8,0,0,36,33
20,General,Urban,B+,5,7,Monsoon,29.6,211.1,11,21,9,5,0,0,97,73
5,General,Urban,O+,1,12,Winter,19.6,3.0,3,7,7,13,0,0,129,52
18,Trauma,Semi-Urban,A+,2,2,Winter,17.2,1.2,3,4,13,1,0,0,207,45
21,General,Urban,B-,6,12,Winter,19.6,4.7,8,13,10,4,0,0,125,53
5,General,Urban,O+,7,7,Monsoon,33.7,38.9,5,6,7,2,0,0,123,48
19,Clinic,Rural,A+,7,2,Winter,13.5,1.9,2,11,2,1,0,0,41,36
9,General,Urban,A+,3,7,Monsoon,28.5,43.2,14,11,4,5,0,0,128,60
20,General,Urban,B+,1,1,Winter,23.5,1.7,9,7,6,10,0,0,125,54
12,General,Urban,A+,2,1,Winter,14.5,6.5,8,5,6,5,0,0,116,45
21,General,Urban,AB+,1,7,Monsoon,30.0,69.6,12,11,11,8,0,0,111,69
4,Clinic,Urban,B+,7,10,Summer,37.4,17.3,5,16,5,2,0,0,34,48
10,General,Urban,B+,7,2,Winter,13.6,4.9,4,6,5,8,0,0,129,48
7,Trauma,Urban,O+,6,4,Summer,36.1,11.2,5,7,14,5,0,0,235,56
7,Trauma,Urban,A+,6,5,Summer,33.2,31.9,7,13,10,1,1,0,222,56
8,Clinic,Rural,B+,3,7,Monsoon,26.8,36.2,6,8,7,3,0,0,32,42
10,General,Urban,B-,4,1,Winter,17.0,2.9,11,5,8,4,0,0,127,49
4,Clinic,Urban,O-,6,8,Monsoon,30.9,14.0,9,10,6,1,0,0,30,53
18,Trauma,Semi-Urban,AB+,6,6,Monsoon,26.7,85.1,8,17,9,1,0,0,215,67
14,Trauma,Urban,B+,4,12,Winter,16.6,6.2,4,7,13,5,0,0,227,60
21,General,Urban,O+,6,4,Summer,32.7,3.1,3,12,5,2,0,0,133,52
18,Trauma,Semi-Urban,A+,3,6,Monsoon,26.0,51.8,8,8,7,8,0,0,219,67
4,Clinic,Urban,B+,3,1,Winter,14.8,1.7,3,5,4,5,0,0,43,39
2,Trauma,Semi-Urban,B+,6,12,Winter,16.6,0.1,2,14,9,0,0,0,230,56
11,General,Semi-Urban,O+,3,11,Summer,34.4,4.1,6,10,9,8,0,0,113,57
13,Clinic,Rural,O+,6,5,Summer,35.2,18.3,5,8,2,2,0,0,39,35
7,Trauma,Urban,O+,4,6,Monsoon,30.6,78.3,2,14,19,6,0,0,241,75
20,General,Urban,B+,3,11,Summer,34.7,14.4,6,12,5,11,0,0,120,56
15,Trauma,Urban,B+,2,4,Summer,32.6,21.7,3,10,7,3,0,1,282,55
19,Clinic,Rural,B+,5,3,Summer,31.0,37.4,4,8,7,5,0,0,35,42
3,Clinic,Urban,A+,4,3,Summer,34.9,4.1,4,7,4,3,0,0,40,33
21,General,Urban,O-,3,9,Monsoon,26.6,118.6,3,14,6,1,1,0,115,46
6,General,Urban,O+,6,3,Summer,33.7,6.7,7,9,6,4,0,0,130,47
12,General,Urban,O+,1,2,Winter,18.8,1.3,3,7,4,4,0,0,128,43
11,General,Semi-Urban,B+,1,2,Winter,19.6,2.5,4,13,8,4,0,0,112,51
21,General,Urban,B+,7,12,Winter,18.8,5.0,5,8,9,5,0,0,121,50
7,Trauma,Urban,O+,5,11,Summer,33.5,11.7,1,16,6,3,0,0,219,62
7,Trauma,Urban,B+,4,12,Winter,15.6,2.3,7,11,9,6,0,0,237,55
9,General,Urban,B+,1,4,Summer,32.2,18.7,4,7,8,1,0,0,123,41
10,General,Urban,A+,5,6,Monsoon,29.5,124.6,5,8,11,5,0,0,130,62
5,General,Urban,O+,4,6,Monsoon,25.7,55.3,7,9,9,6,0,0,110,64
5,General,Urban,AB+,5,7,Monsoon,23.0,117.8,8,11,8,11,0,0,121,63
6,General,Urban,O+,1,1,Winter,21.5,3.3,2,9,7,7,0,0,121,47
12,General,Urban,O-,4,8,Monsoon,24.2,44.1,13,18,6,8,0,0,114,73
9,General,Urban,AB+,5,1,Winter,18.1,5.0,3,7,5,4,0,0,123,45
10,General,Urban,O+,3,4,Summer,35.5,18.0,2,7,7,3,0,0,121,45
18,Trauma,Semi-Urban,A+,1,4,Summer,34.0,3.8,1,3,10,6,0,1,259,47
7,Trauma,Urban,B+,7,9,Monsoon,19.6,117.2,16,12,7,1,0,0,230,66
23,General,Semi-Urban,O+,5,11,Summer,35.2,23.7,6,8,6,8,0,1,132,50
19,Clinic,Rural,A+,5,9,Monsoon,31.0,32.4,3,2,1,2,0,0,41,27
5,General,Urban,B+,6,6,Monsoon,29.4,93.4,2,16,5,2,0,0,128,54
8,Clinic,Rural,A+,5,7,Monsoon,20.6,33.0,10,16,5,3,0,0,32,59
5,General,Urban,AB+,1,7,Monsoon,33.4,36.0,6,10,8,6,0,1,137,60
7,Trauma,Urban,A+,4,2,Winter,14.0,0.6,0,6,5,2,0,0,251,45
10,General,Urban,O+,7,12,Winter,14.8,7.4,2,11,7,6,0,0,130,52
4,Clinic,Urban,A-,3,12,Winter,20.3,6.8,5,11,6,2,1,0,35,40
1,Trauma,Rural,AB+,7,3,Summer,35.4,24.9,4,15,18,3,0,0,220,68
11,General,Semi-Urban,B+,1,2,Winter,18.2,2.3,4,11,7,6,0,0,118,50
18,Trauma,Semi-Urban,O+,3,2,Winter,16.3,6.2,3,11,14,4,0,0,239,60
8,Clinic,Rural,A+,3,8,Monsoon,31.0,34.2,3,12,3,5,0,0,31,47
22,Clinic,Urban,O+,5,1,Winter,17.9,1.1,4,6,2,1,0,1,61,33
10,General,Urban,O+,2,2,Winter,13.3,2.4,2,12,6,7,0,0,127,55
23,General,Semi-Urban,AB+,2,8,Monsoon,30.7,159.2,9,14,11,5,0,0,116,65
6,General,Urban,O+,5,2,Winter,18.7,3.8,4,9,7,6,0,0,129,47
14,Trauma,Urban,A+,2,1,Winter,21.3,2.1,1,8,10,6,0,0,227,55
20,General,Urban,B+,7,1,Winter,19.7,2.0,7,11,3,5,0,0,138,45
2,Trauma,Semi-Urban,O+,7,9,Monsoon,34.2,179.9,14,18,11,1,1,0,239,74
24,Trauma,Rural,A+,3,5,Summer,33.1,19.1,4,12,12,4,0,0,231,58
10,General,Urban,B+,4,4,Summer,34.0,26.9,2,12,7,10,0,0,121,55
13,Clinic,Rural,A+,3,8,Monsoon,29.2,177.8,22,11,6,2,0,0,23,60
16,General,Semi-Urban,B+,3,3,Summer,33.1,1.8,10,7,5,7,0,0,126,49
17,Trauma,Semi-Urban,O+,5,7,Monsoon,29.4,163.7,18,15,15,6,0,0,216,82
1,Trauma,Rural,A+,3,6,Monsoon,18.2,136.1,5,14,9,3,0,0,223,60
22,Clinic,Urban,B+,2,9,Monsoon,26.8,37.4,2,12,4,8,0,0,35,45
16,General,Semi-Urban,B+,2,8,Monsoon,26.7,60.4,2,8,5,5,0,0,127,45
25,General,Semi-Urban,AB+,7,9,Monsoon,26.6,71.0,3,8,8,3,0,1,129,49
12,General,Urban,O+,2,3,Summer,31.4,36.8,2,12,8,6,0,0,133,58
16,General,Semi-Urban,B+,3,2,Winter,20.7,3.4,2,4,4,6,0,0,119,36
12,General,Urban,A+,5,7,Monsoon,25.5,132.1,5,15,10,4,0,0,118,61
23,General,Semi-Urban,O+,1,1,Winter,18.6,6.7,2,10,4,2,0,0,139,41
21,General,Urban,B+,2,6,Monsoon,26.9,57.4,3,13,7,2,0,0,119,51
23,General,Semi-Urban,AB+,2,8,Monsoon,28.5,176.9,4,15,7,4,0,0,141,56
13,Clinic,Rural,O+,7,10,Summer,38.3,10.8,7,14,1,3,0,0,37,40
20,General,Urban,B+,7,8,Monsoon,27.6,320.0,6,24,5,3,0,0,124,67
9,General,Urban,O-,6,12,Winter,20.5,1.4,6,12,10,3,0,0,140,55
12,General,Urban,O+,2,7,Monsoon,27.4,72.2,6,9,4,5,0,0,117,50
20,General,Urban,AB+,5,6,Monsoon,25.5,167.2,8,10,7,5,0,0,109,55
3,Clinic,Urban,O+,5,3,Summer,33.6,6.1,1,5,2,1,0,1,64,30
18,Trauma,Semi-Urban,O+,7,9,Monsoon,26.1,142.1,14,13,5,1,0,0,217,65
1,Trauma,Rural,B+,2,10,Summer,35.7,8.6,4,11,9,4,0,0,222,55
15,Trauma,Urban,O+,6,4,Summer,34.3,4.2,4,9,20,4,0,0,234,64
12,General,Urban,B+,2,1,Winter,15.6,1.0,5,7,7,6,0,0,131,48
12,General,Urban,B+,4,1,Winter,17.3,3.7,3,4,5,10,0,0,113,47
13,Clinic,Rural,A+,7,8,Monsoon,22.4,112.6,5,17,5,3,0,0,33,49
13,Clinic,Rural,A+,1,8,Monsoon,26.4,35.2,10,9,5,1,0,0,28,45
11,General,Semi-Urban,O+,2,2,Winter,18.0,4.8,2,12,4,3,0,1,143,43
12,General,Urban,B+,6,1,Winter,23.4,0.9,4,12,7,3,0,0,121,51
15,Trauma,Urban,B+,1,8,Monsoon,31.0,58.1,6,9,13,2,0,0,231,65
20,General,Urban,O+,5,5,Summer,30.9,10.5,9,10,6,7,0,0,125,54
14,Trauma,Urban,O+,4,6,Monsoon,27.6,71.8,10,5,6,0,1,0,225,49
17,Trauma,Semi-Urban,B+,3,4,Summer,34.7,12.5,6,6,10,3,0,0,230,54
21,General,Urban,AB+,7,9,Monsoon,26.3,74.1,8,15,4,4,0,0,98,60
25,General,Semi-Urban,B+,6,9,Monsoon,26.5,66.6,5,20,7,3,0,0,119,59
3,Clinic,Urban,O+,3,1,Winter,16.9,2.6,6,7,2,5,0,0,34,40
18,Trauma,Semi-Urban,O+,1,2,Winter,23.6,1.9,2,9,18,5,0,0,220,64
6,General,Urban,O+,1,7,Monsoon,25.8,121.4,13,10,11,2,0,0,105,64
5,General,Urban,B+,1,8,Monsoon,28.0,67.1,5,13,8,9,0,0,120,65
20,General,Urban,B+,7,2,Winter,10.4,1.7,1,14,4,3,0,0,124,53
2,Trauma,Semi-Urban,O+,5,2,Winter,20.5,4.7,8,9,12,2,0,1,243,58
22,Clinic,Urban,B-,5,9,Monsoon,30.6,104.3,4,10,2,2,0,0,38,45
20,General,Urban,B+,2,6,Monsoon,23.8,33.9,4,8,7,3,1,0,125,44
25,General,Semi-Urban,O+,6,2,Winter,16.5,8.2,5,7,10,5,0,0,129,47
17,Trauma,Semi-Urban,O+,6,8,Monsoon,28.4,58.6,3,12,8,2,0,0,225,56
22,Clinic,Urban,O+,6,1,Winter,18.1,2.4,1,9,6,3,0,1,60,41
3,Clinic,Urban,B+,4,3,Summer,35.4,10.8,6,8,4,3,0,0,37,34
23,General,Semi-Urban,B+,5,9,Monsoon,26.1,101.9,0,15,4,1,0,0,123,48
5,General,Urban,O+,4,3,Summer,39.6,11.2,3,5,7,6,0,0,123,45
8,Clinic,Rural,A+,3,1,Winter,16.0,1.6,2,7,6,3,0,0,40,38
4,Clinic,Urban,O-,5,12,Winter,26.1,0.6,6,6,4,7,0,1,73,42
11,General,Semi-Urban,B+,3,3,Summer,37.7,28.5,5,11,6,8,0,0,114,56
19,Clinic,Rural,AB+,7,7,Monsoon,29.5,37.1,10,15,1,4,0,0,29,52
7,Trauma,Urban,O+,6,10,Summer,30.9,15.6,1,13,12,6,0,0,228,64
21,General,Urban,A+,6,12,Winter,20.7,3.2,0,17,6,5,0,0,127,55
16,General,Semi-Urban,B+,6,10,Summer,35.8,1.5,6,7,5,3,0,0,124,39
16,General,Semi-Urban,B+,4,5,Summer,27.6,6.5,2,10,7,0,0,0,125,38
24,Trauma,Rural,A+,7,11,Summer,29.8,33.2,3,15,15,4,0,0,220,65
11,General,Semi-Urban,O+,2,1,Winter,19.1,0.6,11,8,8,4,0,0,126,45
9,General,Urban,AB+,4,4,Summer,33.6,8.5,3,6,6,4,0,0,140,39
25,General,Semi-Urban,O+,1,3,Summer,32.5,14.3,2,12,6,6,0,0,128,50
14,Trauma,Urban,O+,3,7,Monsoon,30.2,37.2,7,4,13,2,0,0,228,56
16,General,Semi-Urban,O+,5,11,Summer,31.3,12.1,4,9,8,6,0,0,138,49
8,Clinic,Rural,B+,4,10,Summer,32.6,16.6,11,5,8,2,0,0,36,34
6,General,Urban,A+,7,12,Winter,16.1,4.3,0,11,7,3,1,0,120,40
5,General,Urban,A-,5,2,Winter,19.5,3.5,2,14,9,5,0,0,117,54
6,General,Urban,B+,3,10,Summer,28.8,9.7,2,9,4,10,0,1,145,52
5,General,Urban,B+,3,9,Monsoon,25.5,38.5,0,6,10,8,0,0,122,49
19,Clinic,Rural,A-,5,6,Monsoon,21.8,114.9,10,13,1,4,0,0,25,50
2,Trauma,Semi-Urban,O+,6,2,Winter,17.1,3.1,5,10,9,2,0,0,221,52
16,General,Semi-Urban,AB+,2,2,Winter,20.2,10.4,6,5,6,7,0,1,156,42
24,Trauma,Rural,O+,5,11,Summer,36.2,19.3,1,14,8,5,0,0,232,59
20,General,Urban,O+,5,4,Summer,31.8,7.4,3,10,8,3,0,1,149,44
11,General,Semi-Urban,O+,1,8,Monsoon,28.6,94.2,3,10,10,2,0,0,121,53
2,Trauma,Semi-Urban,O+,7,12,Winter,17.4,1.1,6,15,14,0,0,0,223,64
21,General,Urban,O+,4,6,Monsoon,31.1,15.5,6,7,7,6,0,0,115,55
1,Trauma,Rural,O+,2,3,Summer,33.6,7.2,6,7,7,4,0,0,236,48
18,Trauma,Semi-Urban,AB+,5,6,Monsoon,18.1,24.4,5,5,8,4,0,0,221,51
17,Trauma,Semi-Urban,A+,5,3,Summer,36.7,17.9,5,7,15,1,1,0,242,53
5,General,Urban,B+,7,3,Summer,32.6,34.0,7,17,8,1,0,1,133,54
19,Clinic,Rural,B+,1,10,Summer,33.2,23.6,0,8,1,2,0,1,52,30
5,General,Urban,A+,3,5,Summer,35.0,8.2,4,6,3,9,0,0,127,50
6,General,Urban,AB+,2,9,Monsoon,22.7,129.7,8,11,16,7,0,0,107,70
21,General,Urban,A+,5,9,Monsoon,27.2,51.2,3,16,7,10,0,1,139,62
25,General,Semi-Urban,AB+,4,7,Monsoon,28.6,178.1,6,21,13,6,0,0,111,68
7,Trauma,Urban,A+,4,7,Monsoon,28.1,117.4,7,13,10,2,0,0,218,66
24,Trauma,Rural,A+,7,3,Summer,32.2,10.9,5,11,12,1,0,0,246,49
23,General,Semi-Urban,B+,4,7,Monsoon,30.0,74.8,6,14,8,6,0,0,123,58
20,General,Urban,O+,3,10,Summer,31.0,16.6,10,9,5,4,1,0,128,48
4,Clinic,Urban,B+,1,3,Summer,32.1,10.4,4,6,3,3,0,0,35,39
8,Clinic,Rural,O+,3,3,Summer,33.6,22.7,8,10,6,4,0,0,28,45
17,Trauma,Semi-Urban,O+,7,9,Monsoon,27.9,59.4,4,14,19,2,0,1,241,75
25,General,Semi-Urban,B+,4,12,Winter,17.0,2.7,3,7,6,5,0,0,125,40
21,General,Urban,A+,7,5,Summer,37.7,10.0,7,11,4,7,0,1,135,59
11,General,Semi-Urban,AB+,4,10,Summer,34.9,9.0,3,9,7,2,0,0,117,40
6,General,Urban,O+,4,3,Summer,34.2,5.4,2,10,10,3,0,0,127,51
25,General,Semi-Urban,B+,4,7,Monsoon,27.8,56.1,5,19,7,7,0,1,148,65
7,Trauma,Urban,B+,4,12,Winter,20.2,3.1,2,5,9,7,0,0,221,54
9,General,Urban,A+,1,6,Monsoon,27.7,73.4,8,17,9,3,0,0,111,63
25,General,Semi-Urban,A-,1,7,Monsoon,21.6,213.0,15,12,6,5,0,0,110,65
15,Trauma,Urban,B+,4,2,Winter,21.3,4.1,6,6,9,2,0,1,277,50
7,Trauma,Urban,B+,5,7,Monsoon,27.4,183.9,3,13,12,6,0,0,233,69
1,Trauma,Rural,A+,4,8,Monsoon,29.1,21.5,7,9,17,0,0,0,221,65
11,General,Semi-Urban,O+,4,12,Winter,16.8,5.9,2,3,5,4,0,0,136,35
25,General,Semi-Urban,O+,3,3,Summer,28.5,14.4,5,9,11,6,0,0,134,53
11,General,Semi-Urban,B+,5,5,Summer,27.2,10.0,3,16,3,10,0,0,129,53
18,Trauma,Semi-Urban,O+,5,8,Monsoon,24.2,38.0,0,6,8,4,0,1,250,53
7,Trauma,Urban,O-,1,12,Winter,19.6,5.0,13,7,16,3,0,0,229,59
20,General,Urban,O+,4,3,Summer,37.9,15.9,5,9,8,7,0,0,132,51
20,General,Urban,A+,5,9,Monsoon,27.9,127.5,11,17,11,2,0,0,102,70
16,General,Semi-Urban,B+,6,11,Summer,30.8,7.4,0,12,2,4,0,0,120,45
20,General,Urban,A+,3,8,Monsoon,24.6,157.5,8,17,6,4,0,1,145,65
15,Trauma,Urban,O+,7,6,Monsoon,31.1,118.7,2,5,21,5,0,0,218,66
10,General,Urban,O+,5,3,Summer,30.1,8.0,7,3,2,5,0,0,126,40
19,Clinic,Rural,B+,4,4,Summer,40.3,28.9,9,7,4,1,1,0,34,33
21,General,Urban,A+,5,1,Winter,23.6,3.7,11,11,8,6,0,0,110,59
22,Clinic,Urban,O+,7,2,Winter,24.4,0.6,0,15,1,1,0,0,36,37
6,General,Urban,B+,2,6,Monsoon,28.1,58.6,2,10,6,7,0,0,125,56
17,Trauma,Semi-Urban,B+,2,2,Winter,17.0,6.4,7,9,15,3,0,0,221,54
1,Trauma,Rural,O+,4,1,Winter,19.1,2.3,4,7,9,4,0,0,223,55
15,Trauma,Urban,A+,1,9,Monsoon,29.7,81.5,5,11,14,5,0,0,237,63
15,Trauma,Urban,O+,6,1,Winter,16.0,6.5,1,13,17,1,0,0,237,61
10,General,Urban,B+,7,2,Winter,14.7,2.4,8,12,9,5,0,0,124,52
25,General,Semi-Urban,O+,5,8,Monsoon,26.1,133.4,16,14,9,3,0,0,106,67
23,General,Semi-Urban,O+,7,12,Winter,15.7,1.1,3,13,8,5,0,0,125,48
1,Trauma,Rural,O+,1,9,Monsoon,30.7,99.9,4,13,10,3,0,0,234,57
6,General,Urban,O+,5,1,Winter,16.2,3.8,1,4,10,7,0,0,131,45
6,General,Urban,O-,4,3,Summer,34.3,14.9,1,9,14,2,0,0,119,56
23,General,Semi-Urban,A+,2,9,Monsoon,29.9,114.8,7,13,9,3,0,0,127,53
13,Clinic,Rural,O+,3,9,Monsoon,30.8,84.0,9,15,7,2,0,0,42,47
19,Clinic,Rural,B+,4,5,Summer,34.6,10.7,1,11,4,2,0,0,40,35
21,General,Urban,B-,5,12,Winter,19.2,3.2,8,7,6,6,0,1,146,43
20,General,Urban,O+,2,11,Summer,30.9,28.2,5,9,13,8,0,0,117,58
3,Clinic,Urban,O+,5,9,Monsoon,30.1,89.9,4,16,2,5,0,0,31,53
4,Clinic,Urban,B+,7,9,Monsoon,30.8,289.8,34,27,5,3,0,0,21,60
10,General,Urban,O+,1,10,Summer,28.4,16.2,3,13,10,6,0,0,133,54
9,General,Urban,B+,7,2,Winter,23.3,3.6,10,14,5,2,0,0,122,47
19,Clinic,Rural,O+,5,9,Monsoon,24.9,32.5,6,9,8,3,0,0,31,48
4,Clinic,Urban,O-,3,12,Winter,19.8,5.7,7,9,4,0,0,1,69,35
10,General,Urban,O+,6,3,Summer,34.2,9.3,3,6,6,6,0,1,140,49
6,General,Urban,B+,5,1,Winter,17.8,6.3,1,5,6,13,0,1,144,48
5,General,Urban,A+,6,5,Summer,33.4,6.3,0,9,7,5,0,0,114,47
5,General,Urban,O+,1,4,Summer,31.0,11.2,3,4,9,10,0,0,113,52
5,General,Urban,A+,1,12,Winter,19.6,2.6,3,7,8,8,0,0,129,53
15,Trauma,Urban,B+,5,6,Monsoon,26.1,132.5,6,8,11,5,0,0,227,67
11,General,Semi-Urban,B+,3,8,Monsoon,23.1,204.5,13,24,7,4,0,0,120,73
11,General,Semi-Urban,A+,2,12,Winter,14.9,3.2,0,11,7,2,1,0,128,39
12,General,Urban,A+,3,10,Summer,30.1,8.4,5,6,4,9,0,0,117,44
19,Clinic,Rural,O+,6,9,Monsoon,25.4,34.0,7,13,5,1,0,0,30,49
22,Clinic,Urban,AB-,2,12,Winter,19.5,2.2,6,7,4,2,0,0,32,37
14,Trauma,Urban,B+,7,9,Monsoon,24.9,206.2,16,25,12,3,0,0,226,84
17,Trauma,Semi-Urban,B+,3,3,Summer,36.9,11.2,1,7,9,4,0,0,227,54
19,Clinic,Rural,O+,2,9,Monsoon,26.6,110.8,10,14,7,0,0,0,33,48
18,Trauma,Semi-Urban,O+,1,4,Summer,33.1,3.2,0,11,17,7,0,0,219,66
4,Clinic,Urban,A+,7,4,Summer,34.1,3.1,6,8,2,1,0,0,38,34
25,General,Semi-Urban,O+,1,8,Monsoon,31.2,21.8,6,7,3,8,0,1,148,45
5,General,Urban,O+,3,4,Summer,29.9,25.0,10,5,13,6,0,0,128,51
11,General,Semi-Urban,B+,5,1,Winter,23.0,3.3,1,13,8,6,0,0,116,55
17,Trauma,Semi-Urban,O+,4,12,Winter,20.9,1.8,3,7,15,8,0,0,225,61
11,General,Semi-Urban,O+,2,7,Monsoon,26.9,142.2,12,21,10,7,0,0,118,72
7,Trauma,Urban,A+,1,9,Monsoon,30.5,65.2,4,6,5,1,0,1,262,50
24,Trauma,Rural,O+,5,10,Summer,33.0,22.0,4,7,7,4,0,0,241,57
2,Trauma,Semi-Urban,O+,4,8,Monsoon,27.9,79.6,10,10,9,3,1,0,226,58
7,Trauma,Urban,A+,1,8,Monsoon,25.4,154.7,10,12,12,4,0,0,226,74
25,General,Semi-Urban,B+,2,10,Summer,36.9,5.5,3,6,3,4,0,0,135,37
19,Clinic,Rural,O+,4,4,Summer,31.9,15.2,9,6,3,2,0,0,40,35
3,Clinic,Urban,O+,2,10,Summer,33.8,18.0,2,9,1,8,0,0,45,44
19,Clinic,Rural,B+,3,9,Monsoon,29.0,23.0,1,9,8,5,0,0,28,48
25,General,Semi-Urban,B+,1,3,Summer,37.1,11.5,3,9,9,4,0,0,131,44
3,Clinic,Urban,B+,6,2,Winter,15.5,1.2,9,13,4,1,0,0,24,41
11,General,Semi-Urban,O+,5,11,Summer,36.3,3.2,1,12,5,1,1,0,122,42
12,General,Urban,A+,6,11,Summer,31.1,9.4,0,11,5,2,0,0,119,48
4,Clinic,Urban,B+,1,12,Winter,11.5,4.5,10,13,6,3,0,1,59,46
6,General,Urban,A+,3,2,Winter,15.8,1.8,7,6,5,10,0,0,128,45
5,General,Urban,A+,2,11,Summer,36.5,9.8,4,9,11,5,0,0,127,56
5,General,Urban,A-,5,11,Summer,34.0,7.1,3,10,2,6,0,0,118,46
11,General,Semi-Urban,O+,6,10,Summer,32.4,20.9,20,10,13,3,0,0,127,52
12,General,Urban,O-,2,6,Monsoon,27.2,181.7,8,19,7,6,0,0,113,69
6,General,Urban,O+,6,7,Monsoon,27.1,320.0,26,25,8,4,0,1,139,88
8,Clinic,Rural,A+,5,6,Monsoon,28.9,166.1,18,16,3,5,0,0,36,60
5,General,Urban,B+,6,1,Winter,13.2,4.8,2,10,7,6,0,0,126,46
20,General,Urban,O+,1,7,Monsoon,26.7,146.3,17,9,12,5,0,0,130,68
6,General,Urban,A+,7,3,Summer,34.4,7.2,5,10,7,3,0,1,145,50
23,General,Semi-Urban,AB-,4,3,Summer,29.9,9.3,6,8,11,4,0,0,121,51
14,Trauma,Urban,O+,2,1,Winter,13.9,3.9,8,4,11,6,0,1,249,58
21,General,Urban,A+,2,6,Monsoon,25.9,22.2,5,10,16,8,0,0,131,73
16,General,Semi-Urban,B+,7,1,Winter,18.0,1.9,2,16,11,2,0,0,115,54
7,Trauma,Urban,B+,7,11,Summer,34.0,43.6,12,11,16,5,0,0,228,66
16,General,Semi-Urban,B+,1,11,Summer,32.3,9.3,15,11,9,10,0,0,107,56
7,Trauma,Urban,O+,4,10,Summer,32.2,2.3,3,5,10,7,0,0,223,55
3,Clinic,Urban,B+,6,4,Summer,32.8,7.8,2,8,0,0,0,0,45,29
7,Trauma,Urban,O-,5,2,Winter,18.9,3.7,3,11,16,4,0,0,220,66
7,Trauma,Urban,B+,2,7,Monsoon,30.7,113.6,12,6,13,3,0,1,261,66
4,Clinic,Urban,O+,3,9,Monsoon,20.3,79.8,4,16,4,0,1,0,45,43
1,Trauma,Rural,AB+,3,1,Winter,19.9,4.3,4,6,14,5,0,0,221,54
24,Trauma,Rural,A+,3,11,Summer,33.7,6.7,2,12,7,0,1,0,219,47
13,Clinic,Rural,O+,7,6,Monsoon,28.6,185.0,21,21,7,0,1,0,26,60
11,General,Semi-Urban,B+,2,10,Summer,37.6,22.9,1,9,11,2,1,0,132,46
24,Trauma,Rural,O+,5,1,Winter,15.7,0.6,4,7,14,6,0,0,237,51
6,General,Urban,O+,7,6,Monsoon,29.8,37.1,6,10,6,5,0,0,114,55
11,General,Semi-Urban,AB+,6,6,Monsoon,23.2,142.7,6,22,9,8,0,1,140,75
22,Clinic,Urban,A+,6,1,Winter,18.4,4.1,5,14,3,1,0,0,42,41
16,General,Semi-Urban,B+,2,9,Monsoon,26.3,97.6,6,12,14,11,0,0,118,71
10,General,Urban,B+,1,12,Winter,18.1,3.5,7,7,6,6,0,0,129,49
7,Trauma,Urban,A+,6,7,Monsoon,24.0,166.6,8,22,15,1,0,0,232,78
1,Trauma,Rural,B+,6,5,Summer,35.3,13.9,9,5,10,2,0,0,241,50
3,Clinic,Urban,O+,6,8,Monsoon,31.8,114.6,4,12,4,2,0,0,31,46
5,General,Urban,A+,3,5,Summer,31.1,12.6,10,4,12,4,0,0,124,49
20,General,Urban,O+,4,5,Summer,34.6,5.3,2,9,6,5,0,0,121,50
16,General,Semi-Urban,A+,1,10,Summer,36.6,21.3,10,11,6,8,0,0,125,55
11,General,Semi-Urban,A+,3,8,Monsoon,26.1,64.1,4,12,7,5,0,0,126,51
20,General,Urban,O+,4,4,Summer,38.1,8.7,2,12,9,10,0,1,133,61
5,General,Urban,O+,1,5,Summer,32.7,10.1,1,7,1,8,0,0,126,41
6,General,Urban,O+,1,11,Summer,33.7,3.9,3,11,6,5,0,0,130,45
10,General,Urban,O+,1,7,Monsoon,24.0,268.0,12,19,8,7,0,0,117,71
23,General,Semi-Urban,B+,2,1,Winter,18.4,5.8,3,12,6,5,0,0,121,48
16,General,Semi-Urban,B-,7,11,Summer,34.0,5.0,4,15,5,6,0,0,121,50
22,Clinic,Urban,A+,5,9,Monsoon,28.9,216.0,4,16,2,3,0,0,33,52
7,Trauma,Urban,B+,7,4,Summer,32.1,7.6,6,12,10,3,0,0,220,61
22,Clinic,Urban,O+,2,12,Winter,16.0,2.5,3,4,6,0,1,0,40,29
2,Trauma,Semi-Urban,AB+,5,12,Winter,19.4,2.1,6,11,12,6,0,0,214,59
6,General,Urban,A+,7,12,Winter,22.2,7.9,4,14,4,2,0,0,117,50
14,Trauma,Urban,O+,3,5,Summer,35.9,24.6,3,10,11,2,0,1,253,53
2,Trauma,Semi-Urban,A+,5,12,Winter,23.5,3.0,2,8,10,5,0,0,227,52
22,Clinic,Urban,A+,5,10,Summer,35.7,11.0,6,6,3,2,1,0,46,33
22,Clinic,Urban,O+,6,11,Summer,35.6,19.7,1,13,2,1,0,0,41,37
14,Trauma,Urban,O+,7,7,Monsoon,29.0,135.8,9,11,10,1,0,1,253,63
8,Clinic,Rural,O+,5,4,Summer,38.5,11.5,4,3,3,2,0,0,35,33
3,Clinic,Urban,O+,5,3,Summer,37.7,11.8,6,7,5,1,0,0,30,37
16,General,Semi-Urban,O+,7,12,Winter,14.7,5.9,2,12,10,2,0,0,126,48
14,Trauma,Urban,B+,5,7,Monsoon,29.4,20.4,8,3,13,2,0,0,225,63
19,Clinic,Rural,AB+,3,12,Winter,18.8,4.4,3,6,2,3,0,0,39,32
16,General,Semi-Urban,O+,5,7,Monsoon,26.4,104.8,3,12,4,5,0,0,125,49
4,Clinic,Urban,O+,4,7,Monsoon,21.7,192.0,13,8,4,8,0,0,27,55
4,Clinic,Urban,O+,2,1,Winter,13.4,4.7,5,7,0,5,0,0,37,36
20,General,Urban,B+,4,5,Summer,32.9,17.7,2,11,5,5,0,0,123,47
4,Clinic,Urban,O+,5,7,Monsoon,22.6,50.9,12,9,5,5,0,1,58,53
24,Trauma,Rural,A-,7,2,Winter,17.0,2.1,3,3,9,2,0,0,223,40
3,Clinic,Urban,O+,5,2,Winter,20.1,4.3,5,8,4,5,0,0,34,40
19,Clinic,Rural,O+,2,8,Monsoon,25.3,12.6,6,13,5,5,0,0,32,51
25,General,Semi-Urban,AB+,7,3,Summer,34.3,9.1,4,11,3,7,0,0,120,47
12,General,Urban,A+,5,9,Monsoon,23.8,32.0,5,11,6,7,0,0,133,59
2,Trauma,Semi-Urban,O+,3,6,Monsoon,27.9,55.8,7,11,14,2,0,0,243,69
22,Clinic,Urban,O+,6,5,Summer,35.5,1.9,5,13,4,3,0,0,33,49
5,General,Urban,A-,3,2,Winter,13.7,1.3,3,4,12,6,0,0,123,53
14,Trauma,Urban,A+,3,5,Summer,31.7,25.8,2,9,9,2,0,0,243,54
25,General,Semi-Urban,A+,6,7,Monsoon,23.2,33.1,5,15,8,2,0,0,124,55
19,Clinic,Rural,O+,7,7,Monsoon,28.5,43.4,4,12,3,3,0,0,25,42
2,Trauma,Semi-Urban,A+,4,4,Summer,34.5,8.1,3,6,10,4,0,0,222,49
21,General,Urban,O+,3,1,Winter,17.9,5.1,3,5,8,7,0,1,141,48
5,General,Urban,A+,7,12,Winter,17.6,2.9,4,10,4,3,0,0,128,43
19,Clinic,Rural,B+,2,12,Winter,19.0,0.8,0,8,2,0,1,0,43,26
16,General,Semi-Urban,O+,6,11,Summer,35.0,1.7,4,9,8,3,0,0,117,49
8,Clinic,Rural,O+,5,4,Summer,32.5,9.1,3,7,1,2,0,0,38,27
11,General,Semi-Urban,B+,6,8,Monsoon,25.1,72.4,3,11,9,3,0,0,129,54
3,Clinic,Urban,O+,3,2,Winter,17.8,6.1,8,11,4,0,0,1,62,40
25,General,Semi-Urban,O+,6,11,Summer,33.4,4.7,3,12,11,5,0,0,114,53
6,General,Urban,B+,1,1,Winter,24.2,8.6,6,10,3,7,0,0,123,49
8,Clinic,Rural,AB+,6,6,Monsoon,25.8,21.5,4,8,2,0,0,0,33,34
13,Clinic,Rural,A+,1,11,Summer,34.9,2.7,0,8,3,0,0,1,56,31
17,Trauma,Semi-Urban,B+,5,9,Monsoon,28.4,65.0,4,18,14,1,1,0,230,63
13,Clinic,Rural,B+,2,11,Summer,38.2,21.0,14,9,3,0,0,0,47,36
13,Clinic,Rural,B+,7,6,Monsoon,24.6,97.3,2,17,4,1,0,0,39,44
15,Trauma,Urban,B+,6,2,Winter,22.0,1.3,0,13,17,1,1,0,242,60
22,Clinic,Urban,B+,1,1,Winter,17.6,11.6,4,14,4,3,0,0,37,47
10,General,Urban,AB+,7,2,Winter,25.5,3.8,5,12,6,4,0,0,122,48
21,General,Urban,B+,2,1,Winter,19.1,4.0,4,11,3,6,0,0,119,47
20,General,Urban,A+,4,6,Monsoon,23.3,137.4,10,13,17,6,0,0,109,77
25,General,Semi-Urban,O+,1,1,Winter,17.4,4.1,0,10,6,7,0,0,114,50
23,General,Semi-Urban,B+,1,3,Summer,38.0,7.7,7,11,5,8,0,0,128,51
20,General,Urban,A+,2,6,Monsoon,27.2,225.8,21,16,10,8,0,0,105,82
7,Trauma,Urban,O-,4,9,Monsoon,26.8,193.8,13,17,10,6,0,0,203,73
20,General,Urban,B+,4,9,Monsoon,29.2,250.6,4,16,6,13,0,0,123,65
19,Clinic,Rural,A+,6,1,Winter,17.0,2.4,5,7,4,1,0,0,42,33
8,Clinic,Rural,B+,2,11,Summer,33.4,32.1,4,10,0,4,0,0,35,33
17,Trauma,Semi-Urban,B+,6,7,Monsoon,24.2,33.5,5,10,14,5,0,0,215,69
7,Trauma,Urban,A+,1,5,Summer,39.2,11.7,1,9,14,3,0,1,267,63
14,Trauma,Urban,AB+,3,5,Summer,30.3,19.2,3,9,9,9,0,0,225,58
20,General,Urban,A+,2,11,Summer,34.5,3.5,3,5,5,4,0,0,128,46
5,General,Urban,B+,1,6,Monsoon,28.4,239.4,18,23,6,1,0,0,131,74
9,General,Urban,B+,5,3,Summer,34.0,7.8,1,9,12,1,0,0,129,46
20,General,Urban,A+,7,6,Monsoon,23.2,199.3,10,14,9,3,0,0,128,64
12,General,Urban,B+,5,1,Winter,15.0,1.1,3,8,10,6,0,0,120,47
25,General,Semi-Urban,A+,6,2,Winter,19.6,3.3,4,11,5,3,0,0,116,45
1,Trauma,Rural,B+,5,4,Summer,31.7,6.6,1,3,11,1,1,0,230,48
19,Clinic,Rural,O+,1,3,Summer,27.8,6.6,10,13,6,0,0,0,42,48
21,General,Urban,B+,3,5,Summer,35.2,4.3,2,5,4,2,0,0,123,37
23,General,Semi-Urban,B+,6,1,Winter,15.4,1.1,2,13,14,2,0,0,124,55
4,Clinic,Urban,A+,1,8,Monsoon,28.9,36.3,3,7,4,2,0,0,37,39
25,General,Semi-Urban,A+,1,2,Winter,17.4,1.3,8,6,6,8,0,0,126,46
10,General,Urban,A+,6,3,Summer,33.3,24.8,3,16,7,5,0,0,110,57
9,General,Urban,O+,1,12,Winter,18.2,7.8,6,11,8,2,0,0,117,51
9,General,Urban,O+,7,1,Winter,14.6,0.9,1,12,4,4,0,0,124,47
16,General,Semi-Urban,O+,6,4,Summer,31.5,9.5,10,13,13,2,0,0,113,52
17,Trauma,Semi-Urban,O+,5,7,Monsoon,26.2,169.7,9,14,11,6,0,0,219,71
12,General,Urban,B+,4,4,Summer,30.6,17.6,7,8,4,9,0,0,118,49
2,Trauma,Semi-Urban,O+,1,4,Summer,36.1,9.0,3,13,7,5,0,1,254,58
25,General,Semi-Urban,B+,3,2,Winter,17.1,1.9,2,5,5,5,0,1,159,42
6,General,Urban,O+,6,6,Monsoon,22.7,26.3,3,11,8,4,0,0,136,52
3,Clinic,Urban,O-,7,10,Summer,32.3,33.7,1,10,4,1,1,0,36,39
15,Trauma,Urban,O+,4,8,Monsoon,27.3,101.8,5,17,12,7,0,0,232,79
11,General,Semi-Urban,B+,6,12,Winter,16.7,3.6,5,8,4,2,0,0,128,41
16,General,Semi-Urban,B+,6,9,Monsoon,28.2,40.8,11,12,7,1,0,0,125,60
22,Clinic,Urban,O+,1,10,Summer,35.7,10.8,4,7,2,5,0,0,46,35
3,Clinic,Urban,A+,5,6,Monsoon,34.2,171.4,6,15,7,2,0,0,30,54
8,Clinic,Rural,B+,5,8,Monsoon,30.5,23.7,6,6,5,2,1,0,34,37
13,Clinic,Rural,B+,4,7,Monsoon,22.1,40.2,5,7,5,3,0,0,34,42
20,General,Urban,O+,6,10,Summer,32.9,3.7,5,10,9,5,0,0,122,52
16,General,Semi-Urban,B-,7,7,Monsoon,26.2,200.7,6,24,5,2,0,0,111,64
10,General,Urban,A+,4,5,Summer,35.7,2.9,6,7,8,4,0,0,130,45
16,General,Semi-Urban,B-,3,1,Winter,15.2,3.9,3,6,5,1,0,0,123,41
25,General,Semi-Urban,B+,7,11,Summer,32.4,3.7,4,14,9,3,0,0,131,55
13,Clinic,Rural,B+,7,6,Monsoon,23.3,91.3,4,12,2,4,0,0,37,39
23,General,Semi-Urban,B+,5,10,Summer,32.2,3.6,4,8,7,7,0,0,113,46
20,General,Urban,B-,5,9,Monsoon,25.3,53.9,1,10,6,6,0,0,118,52
8,Clinic,Rural,B+,1,1,Winter,17.1,9.2,7,6,5,6,0,0,33,43
7,Trauma,Urban,B+,3,8,Monsoon,23.4,112.0,6,14,17,6,0,0,225,74
20,General,Urban,O+,2,6,Monsoon,29.9,87.9,4,12,5,6,0,0,117,56
6,General,Urban,B+,4,3,Summer,35.4,15.0,5,8,4,6,0,0,127,49
9,General,Urban,A+,6,4,Summer,29.7,34.1,6,14,9,4,0,0,117,56
6,General,Urban,B+,2,8,Monsoon,27.1,92.1,12,7,5,7,0,0,121,59
16,General,Semi-Urban,O+,7,2,Winter,13.3,6.7,5,6,8,5,0,0,124,45
8,Clinic,Rural,B+,1,8,Monsoon,31.0,167.3,7,13,3,1,0,0,39,43
17,Trauma,Semi-Urban,A+,1,11,Summer,38.8,21.9,3,14,13,8,0,0,229,67
24,Trauma,Rural,O-,7,2,Winter,17.8,14.3,8,13,13,0,0,0,231,55
21,General,Urban,O+,1,1,Winter,15.4,5.1,6,6,4,4,0,0,117,43
24,Trauma,Rural,AB+,6,1,Winter,16.0,6.4,4,16,14,6,0,0,215,65
1,Trauma,Rural,B+,6,9,Monsoon,25.6,54.7,0,17,9,2,0,0,233,59
12,General,Urban,O-,3,11,Summer,33.7,11.5,7,6,8,10,0,0,124,58
6,General,Urban,O+,1,12,Winter,22.1,3.2,3,10,5,6,0,0,121,49
23,General,Semi-Urban,O+,3,1,Winter,20.9,1.5,2,3,6,4,0,0,123,43
18,Trauma,Semi-Urban,B+,1,6,Monsoon,29.9,43.7,2,6,4,6,0,0,246,48
9,General,Urban,O+,5,1,Winter,18.5,3.1,7,9,4,7,0,0,121,46
15,Trauma,Urban,B+,7,5,Summer,30.5,13.3,0,14,10,1,0,0,236,57
16,General,Semi-Urban,AB-,7,4,Summer,31.7,33.2,4,10,6,1,0,0,130,44
13,Clinic,Rural,O+,6,8,Monsoon,27.2,40.0,7,17,5,4,0,0,29,55
12,General,Urban,A+,6,11,Summer,30.4,5.0,7,9,1,1,0,0,116,43
2,Trauma,Semi-Urban,A+,7,10,Summer,34.9,3.1,6,14,16,0,0,0,244,60
12,General,Urban,O+,6,1,Winter,20.4,5.7,8,10,5,1,0,0,136,42
9,General,Urban,O+,5,3,Summer,35.6,38.4,5,13,8,9,0,0,124,59
21,General,Urban,B+,7,4,Summer,35.5,10.5,3,14,15,0,0,0,124,56
22,Clinic,Urban,O+,3,4,Summer,28.4,13.8,4,7,4,4,0,0,45,37
19,Clinic,Rural,O-,3,5,Summer,38.0,10.7,7,10,6,1,0,0,43,39
1,Trauma,Rural,A+,7,8,Monsoon,22.3,130.3,5,18,11,3,0,0,208,62
22,Clinic,Urban,AB+,3,9,Monsoon,26.5,33.5,6,17,2,2,0,0,31,51
10,General,Urban,A+,3,12,Winter,19.9,4.5,4,7,8,4,0,0,128,46
11,General,Semi-Urban,B+,2,9,Monsoon,28.1,77.0,4,12,11,3,0,0,128,54
24,Trauma,Rural,A+,2,4,Summer,30.2,20.4,5,12,8,2,1,0,226,50
22,Clinic,Urban,O+,5,3,Summer,30.7,19.9,3,5,5,3,0,1,65,38
2,Trauma,Semi-Urban,A+,7,5,Summer,34.9,14.6,3,19,13,4,0,0,229,67
9,General,Urban,O-,1,10,Summer,35.5,9.3,6,6,7,6,0,0,124,50
19,Clinic,Rural,O+,5,12,Winter,14.7,1.6,3,9,1,0,1,0,41,26
14,Trauma,Urban,B+,6,5,Summer,35.2,19.6,2,7,8,3,0,0,245,48
7,Trauma,Urban,B+,7,3,Summer,29.5,11.8,10,10,14,2,0,0,241,58
14,Trauma,Urban,B+,6,1,Winter,19.9,3.3,2,9,14,2,0,0,225,56
22,Clinic,Urban,B+,2,1,Winter,15.3,2.3,5,10,5,4,0,0,33,46
6,General,Urban,B+,4,8,Monsoon,27.2,204.9,16,12,8,1,1,0,117,60
19,Clinic,Rural,B+,7,8,Monsoon,26.7,210.9,15,18,5,1,0,0,37,56
19,Clinic,Rural,O+,7,8,Monsoon,30.5,63.9,1,16,9,3,0,0,34,50
23,General,Semi-Urban,A+,5,1,Winter,18.7,1.8,3,13,9,4,0,0,126,54
8,Clinic,Rural,B+,7,6,Monsoon,25.2,68.4,15,15,8,1,0,0,25,60
6,General,Urban,A+,5,3,Summer,35.1,6.6,3,14,6,8,0,0,110,56
14,Trauma,Urban,A+,1,5,Summer,40.4,15.6,8,15,8,2,0,0,224,62
14,Trauma,Urban,O+,7,8,Monsoon,29.2,83.0,8,11,11,2,0,0,241,64
11,General,Semi-Urban,A+,2,4,Summer,33.8,18.9,9,10,9,3,0,0,116,49
20,General,Urban,A+,3,8,Monsoon,24.5,64.5,10,6,4,3,0,1,158,50
20,General,Urban,B+,2,4,Summer,32.2,52.4,8,12,6,11,0,0,109,61
7,Trauma,Urban,O+,6,7,Monsoon,29.0,25.5,3,10,11,1,0,0,230,58
20,General,Urban,A+,1,6,Monsoon,24.3,80.9,4,6,8,8,0,0,115,55
6,General,Urban,B+,5,5,Summer,34.0,45.7,9,7,3,7,0,0,125,45
11,General,Semi-Urban,A+,7,2,Winter,22.3,5.5,7,9,4,2,0,0,129,40
1,Trauma,Rural,B+,6,7,Monsoon,27.5,72.5,2,13,14,3,0,0,214,63
9,General,Urban,O+,3,12,Winter,14.8,4.3,0,9,6,7,0,1,132,47
24,Trauma,Rural,B+,7,8,Monsoon,33.5,30.6,7,14,13,4,0,0,225,64
12,General,Urban,A+,3,9,Monsoon,32.3,84.6,6,8,9,3,0,0,143,54
18,Trauma,Semi-Urban,O+,5,10,Summer,35.5,3.9,6,8,9,3,0,0,248,52
3,Clinic,Urban,O-,4,1,Winter,21.8,0.6,3,7,3,1,0,0,39,33
16,General,Semi-Urban,B+,1,10,Summer,33.2,28.4,4,12,7,8,0,0,125,51
10,General,Urban,B+,1,3,Summer,36.2,6.9,2,3,4,7,0,0,120,44
19,Clinic,Rural,A-,2,8,Monsoon,25.7,28.2,12,6,7,2,0,0,35,47
24,Trauma,Rural,B+,7,12,Winter,13.9,2.6,7,13,13,5,0,0,211,67
14,Trauma,Urban,B+,7,11,Summer,41.8,18.3,7,7,12,2,1,0,229,56
3,Clinic,Urban,AB+,3,5,Summer,29.8,3.9,3,5,4,0,0,0,40,33
12,General,Urban,O+,7,11,Summer,34.9,7.7,5,8,11,5,0,0,124,54
4,Clinic,Urban,A+,1,8,Monsoon,27.9,139.4,14,13,9,3,0,0,24,60
12,General,Urban,B+,7,2,Winter,19.5,3.5,11,10,6,2,0,1,152,50
2,Trauma,Semi-Urban,O+,2,3,Summer,33.7,29.0,8,11,14,3,0,1,250,60
17,Trauma,Semi-Urban,B+,1,12,Winter,17.8,5.7,1,7,9,6,0,0,240,50
8,Clinic,Rural,B-,6,11,Summer,34.4,16.8,5,10,3,2,0,0,41,32
6,General,Urban,O+,3,11,Summer,35.4,19.6,5,7,12,4,0,0,117,53
1,Trauma,Rural,A+,3,5,Summer,34.0,3.1,5,11,9,9,0,0,225,57
23,General,Semi-Urban,O+,6,4,Summer,33.8,11.1,3,11,6,6,0,1,143,49
21,General,Urban,AB+,3,10,Summer,30.0,41.4,2,13,7,2,0,0,128,48
21,General,Urban,O+,6,1,Winter,24.0,2.4,8,17,5,6,0,1,150,58
2,Trauma,Semi-Urban,AB+,2,11,Summer,35.6,11.3,15,7,8,8,0,0,233,62
9,General,Urban,A-,1,8,Monsoon,27.6,52.0,4,8,1,5,0,0,118,46
25,General,Semi-Urban,A+,3,8,Monsoon,25.1,51.6,5,6,7,7,0,1,137,53
15,Trauma,Urban,O+,5,6,Monsoon,24.0,151.2,19,10,10,3,0,0,236,76
4,Clinic,Urban,O+,2,12,Winter,20.6,11.5,7,14,4,2,0,0,37,43
4,Clinic,Urban,B+,2,9,Monsoon,26.5,217.0,13,16,5,5,0,0,20,59
7,Trauma,Urban,O+,6,1,Winter,19.9,0.5,7,13,14,3,0,0,241,63
25,General,Semi-Urban,A+,4,7,Monsoon,22.9,77.3,14,13,10,9,0,0,105,73
5,General,Urban,B+,4,11,Summer,38.6,8.4,4,10,5,6,0,0,126,48
23,General,Semi-Urban,O+,2,1,Winter,20.7,1.2,5,6,4,10,0,0,122,45
17,Trauma,Semi-Urban,O-,1,9,Monsoon,26.8,155.5,2,11,5,2,0,0,236,54
24,Trauma,Rural,O+,1,3,Summer,35.4,8.9,1,15,10,3,0,0,233,55
21,General,Urban,O+,5,7,Monsoon,29.2,36.5,3,12,5,7,0,0,118,52
9,General,Urban,B+,1,11,Summer,30.0,15.1,2,5,5,10,0,0,120,46
21,General,Urban,B+,2,6,Monsoon,32.0,30.0,5,7,10,8,0,0,113,58
5,General,Urban,B+,7,1,Winter,19.4,7.4,3,9,7,4,0,0,116,46
8,Clinic,Rural,A+,3,1,Winter,15.9,7.8,6,9,3,4,0,0,33,35
6,General,Urban,A+,6,9,Monsoon,23.7,135.8,14,18,14,3,0,0,111,74
4,Clinic,Urban,O+,3,12,Winter,21.0,4.7,3,8,11,1,1,0,33,37
3,Clinic,Urban,B+,7,4,Summer,34.6,10.6,5,10,2,2,0,1,63,39
5,General,Urban,A+,6,12,Winter,19.4,4.1,2,9,5,3,1,0,115,41
4,Clinic,Urban,A+,4,6,Monsoon,27.1,75.4,11,8,4,1,0,0,37,49
10,General,Urban,A+,5,1,Winter,15.0,0.9,6,12,8,11,0,1,130,57
2,Trauma,Semi-Urban,O+,3,7,Monsoon,28.5,131.3,16,12,10,2,0,0,237,74
2,Trauma,Semi-Urban,B+,7,12,Winter,17.4,8.6,6,14,13,5,0,0,254,61
25,General,Semi-Urban,A+,3,4,Summer,33.9,7.0,4,10,4,5,0,0,124,44
3,Clinic,Urban,B+,6,12,Winter,25.1,6.0,6,10,3,4,0,0,29,44
2,Trauma,Semi-Urban,O+,5,8,Monsoon,29.6,82.9,2,11,11,4,0,0,234,57
1,Trauma,Rural,O+,5,5,Summer,36.8,7.5,2,20,8,6,0,0,244,65
4,Clinic,Urban,A+,3,9,Monsoon,35.2,12.1,5,15,5,6,0,1,63,55
14,Trauma,Urban,O+,6,5,Summer,35.2,19.1,3,11,12,1,0,0,223,55
21,General,Urban,B+,6,2,Winter,18.4,4.7,2,12,8,3,0,0,118,51
19,Clinic,Rural,O+,6,11,Summer,32.0,4.7,1,12,2,2,0,0,36,37
15,Trauma,Urban,B+,6,5,Summer,32.6,9.3,6,8,10,4,0,0,229,56
3,Clinic,Urban,A+,2,7,Monsoon,20.9,82.5,9,6,7,4,0,0,41,52
20,General,Urban,O+,7,9,Monsoon,29.4,105.7,5,15,4,2,0,0,121,58
1,Trauma,Rural,O+,6,1,Winter,14.2,6.9,4,13,10,3,0,0,229,56
16,General,Semi-Urban,B+,2,9,Monsoon,29.7,73.3,10,8,12,4,0,0,117,61
11,General,Semi-Urban,B+,7,5,Summer,33.9,2.5,3,13,10,2,0,0,119,46
23,General,Semi-Urban,O+,4,7,Monsoon,27.4,85.4,7,11,4,4,0,1,123,55
8,Clinic,Rural,O+,3,6,Monsoon,26.9,60.9,4,14,7,3,0,0,30,52
16,General,Semi-Urban,B+,2,10,Summer,38.2,6.0,1,7,9,4,0,0,134,49
11,General,Semi-Urban,O+,3,3,Summer,37.6,21.5,2,13,7,3,0,1,149,49
14,Trauma,Urban,A+,1,2,Winter,17.9,1.6,1,9,12,2,0,0,230,56
24,Trauma,Rural,B+,5,5,Summer,31.3,3.5,9,14,13,4,0,0,221,63
18,Trauma,Semi-Urban,A+,5,2,Winter,20.8,2.2,4,5,9,4,0,0,248,54
11,General,Semi-Urban,B+,5,3,Summer,31.1,11.2,5,10,13,8,0,0,111,58
12,General,Urban,A+,4,8,Monsoon,22.3,89.2,5,15,8,5,0,0,121,58
18,Trauma,Semi-Urban,AB+,3,10,Summer,35.5,26.2,5,11,20,6,0,0,228,71
9,General,Urban,A+,6,9,Monsoon,30.7,49.3,11,7,12,2,0,0,124,64
5,General,Urban,A+,7,4,Summer,32.8,19.3,10,13,6,6,0,0,127,53
12,General,Urban,O+,1,10,Summer,35.2,7.8,1,7,9,5,0,0,132,47
2,Trauma,Semi-Urban,AB+,3,5,Summer,32.8,1.7,5,4,17,2,0,0,241,57
5,General,Urban,O+,7,3,Summer,36.2,24.4,6,16,6,7,0,0,109,58
11,General,Semi-Urban,B+,7,10,Summer,37.3,3.0,5,16,7,1,1,0,140,45
20,General,Urban,A+,7,7,Monsoon,26.2,98.2,3,16,10,4,0,0,110,57
20,General,Urban,A+,2,5,Summer,30.9,3.3,2,8,6,6,0,0,120,45
7,Trauma,Urban,B+,4,8,Monsoon,22.6,112.1,16,15,11,5,0,0,234,85
11,General,Semi-Urban,O+,1,9,Monsoon,29.8,31.9,8,14,9,14,0,0,108,67
4,Clinic,Urban,O+,7,3,Summer,30.6,2.4,5,9,5,1,0,0,38,41
19,Clinic,Rural,AB+,4,2,Winter,19.1,2.7,7,13,2,3,0,0,35,41
7,Trauma,Urban,O+,2,7,Monsoon,29.3,9.7,2,5,16,4,0,0,213,61
20,General,Urban,A+,1,1,Winter,16.5,2.9,1,7,10,5,0,0,110,48
22,Clinic,Urban,O+,6,8,Monsoon,26.5,134.7,13,15,5,2,0,0,36,55
18,Trauma,Semi-Urban,O+,6,6,Monsoon,30.0,279.5,16,20,12,2,0,0,256,81
9,General,Urban,B+,7,3,Summer,31.6,12.9,4,13,6,5,0,0,112,47
24,Trauma,Rural,A+,7,8,Monsoon,24.3,77.9,10,14,17,3,0,0,229,72
18,Trauma,Semi-Urban,O+,6,5,Summer,33.3,25.1,6,14,7,4,0,0,229,56
17,Trauma,Semi-Urban,O+,6,5,Summer,37.8,3.8,9,17,11,2,0,0,231,62
22,Clinic,Urban,B-,6,3,Summer,38.8,5.5,6,12,4,0,0,0,39,43
23,General,Semi-Urban,B+,7,9,Monsoon,26.7,132.4,8,17,7,3,0,0,127,59
2,Trauma,Semi-Urban,AB+,4,11,Summer,31.9,7.6,1,9,15,3,1,0,241,56
23,General,Semi-Urban,A+,6,8,Monsoon,30.2,64.9,7,7,6,0,0,0,120,43
20,General,Urban,A+,6,3,Summer,29.0,11.8,10,14,8,3,0,0,118,60
6,General,Urban,B+,1,11,Summer,34.7,4.3,3,9,8,3,0,0,119,48
8,Clinic,Rural,B+,5,2,Winter,17.9,0.7,2,5,3,2,0,0,34,34
19,Clinic,Rural,O+,3,4,Summer,37.9,5.2,8,8,3,5,0,0,35,36
6,General,Urban,A+,1,1,Winter,22.2,2.4,2,14,7,9,0,0,131,53
12,General,Urban,B+,2,11,Summer,31.2,15.8,7,11,9,9,0,0,131,58
18,Trauma,Semi-Urban,O+,1,1,Winter,18.5,3.2,9,5,22,1,0,0,212,62
17,Trauma,Semi-Urban,O+,7,7,Monsoon,25.3,129.3,12,16,6,1,0,0,238,66
23,General,Semi-Urban,B+,6,3,Summer,33.1,11.0,8,13,4,5,0,0,117,51
3,Clinic,Urban,O+,1,3,Summer,35.9,20.4,1,9,2,1,0,0,33,35
8,Clinic,Rural,A-,5,8,Monsoon,26.0,65.5,4,14,5,5,0,0,39,44
25,General,Semi-Urban,O+,5,10,Summer,34.6,1.3,7,8,12,5,0,0,123,52
15,Trauma,Urban,B-,4,1,Winter,20.9,1.9,4,7,10,6,0,0,215,56
7,Trauma,Urban,A+,5,2,Winter,22.5,3.4,2,8,12,2,0,0,241,56
8,Clinic,Rural,O+,7,4,Summer,34.9,17.1,1,19,7,0,0,0,28,45
9,General,Urban,O-,4,12,Winter,18.4,2.0,5,5,8,4,0,0,127,40
14,Trauma,Urban,B-,5,1,Winter,14.7,3.7,3,11,15,3,0,0,212,61
8,Clinic,Rural,B+,4,3,Summer,38.8,7.9,5,6,3,3,0,0,43,33
16,General,Semi-Urban,O-,3,5,Summer,35.5,5.6,3,10,12,6,0,0,127,55
12,General,Urban,O+,7,4,Summer,34.4,17.1,4,8,8,4,0,0,125,46
16,General,Semi-Urban,O+,3,1,Winter,18.3,4.2,6,11,1,6,0,0,115,47
4,Clinic,Urban,B+,6,7,Monsoon,28.1,320.0,24,17,11,2,0,1,56,60
16,General,Semi-Urban,O+,5,8,Monsoon,29.3,52.7,8,10,8,6,0,0,122,55
24,Trauma,Rural,O+,5,3,Summer,36.7,26.8,5,14,12,5,0,0,238,65
4,Clinic,Urban,B+,6,9,Monsoon,31.8,23.5,2,9,1,3,0,1,64,39
9,General,Urban,O+,6,1,Winter,18.7,7.7,4,10,7,1,0,0,127,46
18,Trauma,Semi-Urban,B+,4,9,Monsoon,32.3,80.7,9,7,16,9,0,0,238,71
16,General,Semi-Urban,B+,5,4,Summer,37.2,8.3,1,8,8,8,0,0,124,45
17,Trauma,Semi-Urban,O+,4,3,Summer,33.8,14.9,2,10,13,3,0,0,207,62
14,Trauma,Urban,O+,3,3,Summer,29.0,15.7,5,9,11,7,0,1,268,62
18,Trauma,Semi-Urban,B+,6,11,Summer,34.3,24.6,2,11,6,2,1,0,229,50
16,General,Semi-Urban,B+,7,7,Monsoon,31.7,37.3,3,7,6,0,0,1,150,44
2,Trauma,Semi-Urban,O+,5,9,Monsoon,24.7,23.2,10,8,14,3,0,1,267,64
19,Clinic,Rural,O+,6,3,Summer,34.2,14.9,4,18,2,4,0,0,37,43
12,General,Urban,O+,6,1,Winter,18.5,4.1,3,17,5,2,0,0,103,54
2,Trauma,Semi-Urban,B+,3,1,Winter,20.8,6.9,3,8,9,4,0,0,234,49
11,General,Semi-Urban,A+,1,6,Monsoon,25.8,56.0,4,5,5,6,0,0,128,49
11,General,Semi-Urban,O+,3,4,Summer,31.4,6.4,1,6,7,6,0,0,128,43
3,Clinic,Urban,O+,6,10,Summer,35.7,14.6,4,14,5,1,1,0,38,41
25,General,Semi-Urban,A-,6,10,Summer,31.8,11.7,1,11,4,4,0,0,111,44
6,General,Urban,B+,4,4,Summer,28.5,16.9,8,5,3,3,0,0,119,40
9,General,Urban,B+,6,6,Monsoon,32.5,45.3,4,12,7,4,0,1,147,55
12,General,Urban,A-,1,5,Summer,36.8,26.7,4,7,10,5,0,0,124,51
21,General,Urban,B+,5,9,Monsoon,32.7,99.3,1,16,10,7,0,0,104,63
19,Clinic,Rural,A+,5,8,Monsoon,29.6,166.1,12,13,5,5,0,1,49,53
20,General,Urban,O+,4,8,Monsoon,29.0,71.7,5,8,6,6,0,0,129,56
6,General,Urban,A+,6,1,Winter,19.1,1.6,2,13,7,3,0,1,138,54
22,Clinic,Urban,O+,4,5,Summer,33.4,15.3,2,3,5,2,0,1,68,34
21,General,Urban,O+,4,12,Winter,19.5,5.3,1,13,10,3,0,0,130,53
12,General,Urban,O+,5,5,Summer,32.3,2.5,5,7,9,6,0,0,122,49
14,Trauma,Urban,O+,6,3,Summer,30.8,38.7,10,14,10,2,0,1,254,60
1,Trauma,Rural,O+,2,3,Summer,33.0,6.3,5,5,11,7,0,0,243,54
20,General,Urban,B+,3,1,Winter,21.9,3.6,7,12,11,2,1,0,117,48
25,General,Semi-Urban,B+,3,10,Summer,30.3,17.7,8,6,5,11,0,0,112,48
12,General,Urban,A+,2,1,Winter,14.4,3.3,4,8,8,6,0,0,141,46
14,Trauma,Urban,A+,3,8,Monsoon,28.8,87.2,3,11,11,4,0,0,215,62
13,Clinic,Rural,B+,3,5,Summer,32.8,12.4,0,8,5,0,1,0,39,26
3,Clinic,Urban,O+,3,2,Winter,19.5,0.5,9,7,4,1,1,0,38,33
16,General,Semi-Urban,B+,3,11,Summer,37.0,13.0,8,13,6,3,0,0,119,46
19,Clinic,Rural,B+,4,9,Monsoon,28.4,55.2,5,9,3,3,0,0,35,44
24,Trauma,Rural,B+,5,10,Summer,32.1,23.6,5,11,9,5,0,0,229,59
24,Trauma,Rural,A+,3,12,Winter,21.8,5.9,2,9,17,4,0,0,226,60
13,Clinic,Rural,AB+,6,11,Summer,36.2,3.1,4,10,5,3,0,0,35,38
24,Trauma,Rural,O+,4,9,Monsoon,27.1,23.4,3,9,8,5,0,0,210,58
14,Trauma,Urban,O+,6,7,Monsoon,26.9,270.6,13,23,7,0,1,0,236,73
17,Trauma,Semi-Urban,A+,1,9,Monsoon,28.1,6.6,4,6,9,4,0,0,234,54
16,General,Semi-Urban,A+,2,6,Monsoon,26.1,49.0,3,8,8,8,0,0,128,49
25,General,Semi-Urban,B+,4,3,Summer,29.1,4.0,4,6,6,7,0,0,128,47
19,Clinic,Rural,O+,3,5,Summer,36.3,26.2,5,5,3,3,0,0,41,28
4,Clinic,Urban,B+,4,6,Monsoon,29.1,74.0,6,17,3,3,0,0,26,53
2,Trauma,Semi-Urban,AB-,2,1,Winter,11.1,1.8,7,10,11,2,0,0,239,54
11,General,Semi-Urban,AB+,4,11,Summer,35.5,11.8,2,10,9,5,0,1,144,55
13,Clinic,Rural,O+,5,11,Summer,39.3,37.5,4,12,2,0,0,0,30,40
17,Trauma,Semi-Urban,B+,6,6,Monsoon,23.6,115.8,7,18,19,2,0,0,226,80
13,Clinic,Rural,B+,2,6,Monsoon,26.8,114.1,10,12,3,2,1,0,28,45
13,Clinic,Rural,A+,3,11,Summer,33.5,2.4,5,11,5,0,0,0,37,36
24,Trauma,Rural,A-,4,6,Monsoon,32.0,169.6,19,18,22,2,0,0,225,94
9,General,Urban,O+,4,9,Monsoon,30.4,36.8,3,15,5,4,0,0,121,58
13,Clinic,Rural,O+,6,7,Monsoon,24.4,109.0,6,13,4,0,0,0,32,41
14,Trauma,Urban,O+,3,4,Summer,35.0,5.8,3,7,15,2,0,0,234,56
12,General,Urban,O+,5,10,Summer,40.9,11.7,2,7,10,9,0,0,113,56
25,General,Semi-Urban,B+,7,3,Summer,32.1,11.2,6,8,7,2,0,1,138,42
25,General,Semi-Urban,O+,3,3,Summer,34.0,58.2,9,10,7,8,0,0,123,54
13,Clinic,Rural,B+,6,9,Monsoon,28.5,59.0,3,12,6,3,0,0,30,42
12,General,Urban,B+,3,9,Monsoon,25.2,100.8,11,18,9,5,0,0,130,76
15,Trauma,Urban,O+,3,12,Winter,23.3,2.9,6,16,11,0,1,0,254,60
5,General,Urban,O+,5,9,Monsoon,25.6,29.1,10,12,5,7,0,0,108,60
11,General,Semi-Urban,B+,5,1,Winter,13.8,4.4,4,7,9,8,0,0,124,48
6,General,Urban,B+,4,11,Summer,32.4,21.5,5,8,10,4,0,0,117,47
4,Clinic,Urban,O+,2,5,Summer,36.0,4.3,6,5,3,3,0,1,58,38
3,Clinic,Urban,B+,1,1,Winter,15.6,2.6,7,7,2,4,0,0,36,35
15,Trauma,Urban,B+,7,7,Monsoon,27.9,86.1,2,22,14,4,0,0,221,77
1,Trauma,Rural,B+,7,3,Summer,35.7,19.9,9,14,11,1,0,0,238,56
17,Trauma,Semi-Urban,O+,7,5,Summer,30.4,20.5,0,10,16,3,0,0,230,57
11,General,Semi-Urban,O+,4,6,Monsoon,25.3,18.1,7,6,4,4,0,0,125,48
10,General,Urban,O-,7,1,Winter,19.0,11.3,3,17,6,3,0,0,119,49
20,General,Urban,A+,4,11,Summer,36.1,16.4,0,8,4,5,0,0,129,43
14,Trauma,Urban,O+,1,7,Monsoon,25.4,82.6,7,16,9,3,0,1,243,69
19,Clinic,Rural,A+,2,12,Winter,18.5,5.7,6,10,1,3,0,0,40,33
18,Trauma,Semi-Urban,B+,2,6,Monsoon,26.1,199.9,7,18,17,8,0,0,222,82
1,Trauma,Rural,O+,3,8,Monsoon,29.2,72.5,7,7,8,4,0,0,242,56
6,General,Urban,B+,7,10,Summer,35.6,9.1,6,10,5,3,1,0,127,43
15,Trauma,Urban,B+,3,3,Summer,32.9,3.8,4,9,8,6,0,0,212,54
25,General,Semi-Urban,O+,5,11,Summer,35.4,9.2,3,15,1,5,0,0,123,41
4,Clinic,Urban,A+,2,3,Summer,32.8,17.3,1,11,3,1,1,0,41,32
3,Clinic,Urban,A+,5,12,Winter,19.4,2.6,2,8,2,4,0,0,40,37
24,Trauma,Rural,O-,4,8,Monsoon,28.4,65.0,8,13,17,6,0,0,245,74
25,General,Semi-Urban,AB+,2,7,Monsoon,34.1,233.3,7,17,10,5,0,1,156,64
5,General,Urban,B+,4,3,Summer,33.0,14.0,6,8,5,9,0,0,122,53
11,General,Semi-Urban,A+,1,7,Monsoon,26.6,99.9,14,11,6,6,0,1,134,70
16,General,Semi-Urban,A+,7,7,Monsoon,25.1,123.2,2,14,12,5,0,0,127,63
5,General,Urban,O+,5,12,Winter,14.9,6.4,3,6,3,8,0,0,118,45
9,General,Urban,A+,7,11,Summer,32.6,12.2,2,13,5,2,0,0,138,48
10,General,Urban,O-,7,6,Monsoon,29.0,41.3,7,8,4,5,0,0,121,46
17,Trauma,Semi-Urban,O+,2,5,Summer,36.2,16.3,1,11,13,4,0,0,225,59
8,Clinic,Rural,B+,5,5,Summer,34.9,24.5,9,10,3,3,1,0,35,36
11,General,Semi-Urban,O+,1,5,Summer,33.1,16.1,2,7,3,5,0,0,122,39
8,Clinic,Rural,O+,7,1,Winter,16.5,5.6,2,15,6,4,0,0,29,41
19,Clinic,Rural,B+,6,1,Winter,15.2,2.5,1,8,3,1,0,0,44,32
4,Clinic,Urban,A+,5,10,Summer,32.3,6.3,0,12,6,3,0,0,28,43
6,General,Urban,O+,7,4,Summer,30.1,13.3,4,13,11,3,0,0,114,52
7,Trauma,Urban,A+,6,5,Summer,38.1,7.6,6,10,14,2,0,0,237,64
23,General,Semi-Urban,A+,7,9,Monsoon,32.5,203.7,6,14,10,2,0,0,122,60
24,Trauma,Rural,O+,1,8,Monsoon,21.2,117.9,6,10,11,5,0,0,229,62
13,Clinic,Rural,B+,1,5,Summer,34.9,8.1,3,10,5,2,0,0,41,36
4,Clinic,Urban,O+,7,10,Summer,34.8,4.5,2,7,3,0,0,0,38,37
19,Clinic,Rural,B-,2,2,Winter,18.6,6.8,7,4,7,5,0,0,30,40
13,Clinic,Rural,AB+,3,6,Monsoon,25.2,39.5,3,4,4,2,0,0,37,35
22,Clinic,Urban,O+,1,2,Winter,21.1,3.3,7,9,3,3,0,0,43,38
9,General,Urban,A+,5,7,Monsoon,28.2,100.6,7,13,6,8,0,0,114,60
25,General,Semi-Urban,B+,6,2,Winter,21.1,1.5,4,12,9,3,0,0,132,49
21,General,Urban,O+,6,12,Winter,15.8,3.0,3,10,7,3,0,0,126,46
6,General,Urban,AB+,5,8,Monsoon,22.9,184.0,13,17,10,3,0,0,107,71
19,Clinic,Rural,A+,5,3,Summer,35.3,3.1,8,12,2,4,0,0,28,40
8,Clinic,Rural,O+,4,8,Monsoon,24.1,165.6,6,12,3,3,0,0,32,43
9,General,Urban,B-,4,5,Summer,37.2,13.4,2,7,9,9,0,0,106,51
7,Trauma,Urban,AB-,4,7,Monsoon,20.6,51.5,4,10,11,5,0,0,210,64
18,Trauma,Semi-Urban,B+,7,3,Summer,32.6,2.9,9,11,8,2,0,0,252,50
7,Trauma,Urban,A+,2,7,Monsoon,25.2,77.0,6,16,8,2,1,0,213,64
16,General,Semi-Urban,B+,4,2,Winter,17.0,2.1,5,9,4,4,0,0,131,41
15,Trauma,Urban,A+,5,2,Winter,18.8,3.0,2,11,10,2,0,0,235,55
19,Clinic,Rural,O+,4,8,Monsoon,28.2,124.8,5,8,6,1,0,0,31,41
25,General,Semi-Urban,A-,1,7,Monsoon,28.9,21.7,4,7,9,3,0,0,119,50
1,Trauma,Rural,A+,3,4,Summer,36.3,12.8,4,6,16,0,1,0,233,51
25,General,Semi-Urban,AB+,5,1,Winter,17.5,10.1,4,8,12,9,0,1,160,56
3,Clinic,Urban,O+,5,6,Monsoon,33.3,59.6,4,9,2,3,0,0,40,42
14,Trauma,Urban,O+,6,12,Winter,22.2,4.6,2,9,15,2,0,0,236,57
9,General,Urban,A+,7,9,Monsoon,26.1,13.2,6,16,12,0,0,0,99,65
16,General,Semi-Urban,B+,5,1,Winter,17.6,0.8,6,9,2,7,0,0,126,46
19,Clinic,Rural,B+,5,12,Winter,17.0,1.9,1,7,3,4,0,0,36,29
22,Clinic,Urban,O+,3,6,Monsoon,28.1,189.9,5,8,3,3,0,0,27,44
11,General,Semi-Urban,B-,3,7,Monsoon,24.1,55.0,6,10,8,6,0,0,114,58
24,Trauma,Rural,O+,6,1,Winter,15.6,4.7,2,16,17,2,0,0,235,62
9,General,Urban,A+,4,4,Summer,27.5,7.4,2,7,5,6,0,0,138,47
6,General,Urban,B+,6,10,Summer,32.8,3.9,8,14,9,2,0,0,133,56
10,General,Urban,B+,1,4,Summer,37.2,9.6,8,10,5,6,0,0,125,49
14,Trauma,Urban,O+,1,2,Winter,17.5,5.0,2,8,12,5,0,1,226,59
17,Trauma,Semi-Urban,B+,2,2,Winter,17.7,6.8,2,5,16,4,0,0,225,57
21,General,Urban,O+,2,12,Winter,18.8,3.0,7,8,6,3,1,0,128,39
6,General,Urban,O+,5,10,Summer,31.0,16.3,7,5,2,8,0,0,128,43
8,Clinic,Rural,B+,5,1,Winter,18.1,3.5,2,9,2,3,0,0,41,31
24,Trauma,Rural,B+,4,12,Winter,20.7,3.7,3,8,9,7,0,0,232,51
11,General,Semi-Urban,B+,3,10,Summer,34.9,5.4,4,9,7,4,0,0,116,48
7,Trauma,Urban,B+,5,5,Summer,36.9,5.9,1,4,18,3,0,0,221,57
25,General,Semi-Urban,B+,1,8,Monsoon,30.8,32.7,4,10,2,10,0,0,124,54
12,General,Urban,O+,4,4,Summer,36.0,7.8,3,8,5,13,0,0,124,56
25,General,Semi-Urban,A+,2,3,Summer,31.9,21.6,8,9,6,1,0,0,114,46
23,General,Semi-Urban,A+,1,9,Monsoon,26.0,220.4,11,21,10,7,0,0,110,71
23,General,Semi-Urban,B+,2,3,Summer,39.8,21.6,3,7,7,6,0,0,113,51
15,Trauma,Urban,B+,1,5,Summer,34.9,15.7,3,8,9,2,0,0,242,52
20,General,Urban,A+,4,5,Summer,34.5,11.8,12,4,5,2,1,0,131,36
25,General,Semi-Urban,O+,4,2,Winter,15.4,6.2,6,9,5,2,0,0,123,46
7,Trauma,Urban,B+,5,10,Summer,33.7,67.3,1,10,16,9,0,0,223,68
1,Trauma,Rural,A-,4,9,Monsoon,29.1,99.2,6,13,10,1,0,0,226,65
9,General,Urban,B+,2,11,Summer,34.0,17.2,2,10,2,4,0,0,127,47
16,General,Semi-Urban,A+,1,7,Monsoon,25.4,99.8,3,14,10,6,0,0,115,66
14,Trauma,Urban,O+,5,3,Summer,33.1,38.1,7,12,16,5,0,0,215,66
3,Clinic,Urban,B+,7,4,Summer,37.6,10.4,7,9,6,2,0,0,45,41
15,Trauma,Urban,A+,2,5,Summer,36.0,5.8,3,8,7,2,0,1,252,51
5,General,Urban,B+,2,12,Winter,19.6,5.4,1,8,9,2,0,0,122,46
13,Clinic,Rural,B+,3,3,Summer,35.3,5.8,5,9,6,3,0,0,42,42
15,Trauma,Urban,O+,2,9,Monsoon,23.5,104.1,4,11,16,4,0,0,216,69
16,General,Semi-Urban,A+,2,2,Winter,18.8,3.4,2,5,4,4,1,0,119,34
11,General,Semi-Urban,O+,4,12,Winter,21.2,4.6,2,12,7,6,0,0,116,51
11,General,Semi-Urban,B-,6,8,Monsoon,26.2,88.4,8,11,7,1,0,0,132,54
17,Trauma,Semi-Urban,O+,5,6,Monsoon,29.9,17.1,1,4,12,2,0,0,231,51
19,Clinic,Rural,B-,7,5,Summer,35.6,17.7,6,5,7,0,0,0,39,35
21,General,Urban,AB+,3,5,Summer,36.5,15.0,7,10,7,4,0,0,121,51
9,General,Urban,O+,4,3,Summer,34.2,25.3,2,15,4,5,0,0,128,52
11,General,Semi-Urban,A+,3,8,Monsoon,29.7,47.5,4,5,2,9,0,0,123,45
9,General,Urban,A+,1,11,Summer,29.6,1.8,4,6,5,6,0,0,118,39
14,Trauma,Urban,O+,3,3,Summer,34.1,18.7,3,11,14,4,0,0,215,63
4,Clinic,Urban,B+,2,9,Monsoon,29.1,127.9,12,9,11,4,0,0,31,59
11,General,Semi-Urban,A+,4,7,Monsoon,27.9,122.6,5,9,4,7,0,0,129,50
5,General,Urban,B+,2,10,Summer,37.3,42.4,13,11,6,3,0,0,119,49
14,Trauma,Urban,O-,6,10,Summer,33.5,0.5,5,20,8,2,0,0,222,64
22,Clinic,Urban,A+,6,1,Winter,16.4,0.5,3,11,3,2,0,0,47,36
25,General,Semi-Urban,O+,7,1,Winter,13.1,1.1,4,11,9,6,0,0,125,51
12,General,Urban,O+,1,11,Summer,33.2,20.2,5,9,0,7,0,0,133,41
2,Trauma,Semi-Urban,O+,1,2,Winter,19.6,7.6,2,6,10,6,0,0,239,49
6,General,Urban,O-,7,7,Monsoon,29.3,88.6,22,14,10,2,0,0,109,78
3,Clinic,Urban,AB-,6,10,Summer,29.8,17.8,5,9,6,0,0,0,35,42
19,Clinic,Rural,A+,5,7,Monsoon,30.5,45.1,7,11,2,3,0,0,33,43
25,General,Semi-Urban,O+,3,1,Winter,15.1,1.4,6,2,4,6,0,0,117,40
14,Trauma,Urban,B-,4,1,Winter,17.6,0.7,6,5,14,4,0,0,242,54
5,General,Urban,O+,4,9,Monsoon,25.3,125.0,2,8,5,5,0,0,132,48
1,Trauma,Rural,AB+,6,11,Summer,35.3,25.3,3,11,12,5,0,0,217,59
25,General,Semi-Urban,O+,4,5,Summer,34.3,3.3,6,7,4,8,0,0,126,48
8,Clinic,Rural,B+,1,7,Monsoon,29.0,42.9,16,7,3,3,0,1,40,44
3,Clinic,Urban,O+,5,12,Winter,23.5,2.2,4,5,2,6,0,0,32,37
5,General,Urban,A+,6,10,Summer,35.2,3.9,1,16,6,1,0,0,129,53
7,Trauma,Urban,B+,3,7,Monsoon,25.3,105.6,15,10,10,4,0,0,220,76
17,Trauma,Semi-Urban,B-,1,8,Monsoon,28.4,63.5,5,8,13,3,0,0,200,62
23,General,Semi-Urban,O+,1,12,Winter,23.8,8.1,6,10,3,9,0,0,136,51
7,Trauma,Urban,A+,6,10,Summer,36.0,6.1,1,12,6,3,0,1,244,54
18,Trauma,Semi-Urban,O+,4,5,Summer,36.8,21.6,4,14,16,7,0,1,243,71
2,Trauma,Semi-Urban,O+,4,9,Monsoon,22.2,21.5,4,8,13,3,0,0,229,63
1,Trauma,Rural,O+,7,4,Summer,35.2,6.8,8,10,11,2,0,0,247,55
2,Trauma,Semi-Urban,A+,1,12,Winter,17.2,3.6,3,7,13,1,1,0,241,49
24,Trauma,Rural,O-,2,2,Winter,16.0,4.3,9,9,9,3,0,0,248,53
15,Trauma,Urban,AB+,6,3,Summer,33.9,31.3,1,14,5,0,0,0,214,57
21,General,Urban,O+,4,5,Summer,34.3,14.5,2,6,2,8,0,0,118,42
1,Trauma,Rural,O+,1,3,Summer,32.1,14.7,5,13,11,4,0,0,228,56
1,Trauma,Rural,O+,5,8,Monsoon,27.6,36.7,4,8,12,2,0,0,230,57
22,Clinic,Urban,B-,1,9,Monsoon,26.5,41.3,3,11,2,4,0,1,66,43
3,Clinic,Urban,O-,6,11,Summer,36.1,7.6,3,10,3,2,0,0,36,44
4,Clinic,Urban,O+,6,7,Monsoon,27.7,81.0,3,9,4,3,0,0,31,42
13,Clinic,Rural,AB+,6,8,Monsoon,28.1,75.1,1,15,1,1,1,0,41,37
16,General,Semi-Urban,AB+,4,8,Monsoon,29.9,106.9,5,11,4,4,0,1,140,55
6,General,Urban,O+,2,1,Winter,19.7,8.3,9,6,9,6,0,0,118,47
12,General,Urban,O+,7,9,Monsoon,27.0,83.8,7,14,4,6,0,0,111,57
17,Trauma,Semi-Urban,O+,4,1,Winter,11.7,5.6,3,3,7,3,0,0,232,41
12,General,Urban,O+,5,7,Monsoon,28.5,40.9,1,7,5,3,1,0,119,43
10,General,Urban,B+,1,12,Winter,15.3,9.1,4,10,11,8,0,0,120,55
2,Trauma,Semi-Urban,A+,5,10,Summer,33.7,11.3,0,14,15,1,1,0,231,58
12,General,Urban,O+,5,7,Monsoon,28.1,216.6,1,17,7,4,0,1,152,58
21,General,Urban,O+,3,4,Summer,38.0,9.2,10,8,7,4,0,0,137,47
16,General,Semi-Urban,B+,6,11,Summer,39.5,8.1,1,12,5,4,1,0,135,46
23,General,Semi-Urban,O+,1,11,Summer,31.2,6.7,2,13,4,5,0,0,124,51
4,Clinic,Urban,O+,6,5,Summer,30.1,4.2,0,10,0,1,0,0,37,32
1,Trauma,Rural,A+,7,2,Winter,19.0,6.5,0,6,8,1,0,0,232,42
14,Trauma,Urban,O+,4,7,Monsoon,27.7,42.9,12,11,6,2,1,0,226,65
5,General,Urban,B+,1,8,Monsoon,23.4,104.5,6,14,4,7,0,0,110,58
15,Trauma,Urban,A+,4,12,Winter,18.0,1.1,6,10,10,4,0,0,232,58
23,General,Semi-Urban,A+,4,11,Summer,35.8,37.9,0,6,5,6,0,0,127,43
9,General,Urban,O+,4,3,Summer,30.3,23.2,3,8,6,8,0,1,156,55
14,Trauma,Urban,O-,2,4,Summer,31.0,22.1,4,11,12,1,1,0,227,54
18,Trauma,Semi-Urban,O+,5,12,Winter,16.1,3.7,1,8,14,2,0,0,226,54
4,Clinic,Urban,B+,2,4,Summer,33.4,10.3,4,4,4,3,0,0,38,36
23,General,Semi-Urban,A-,4,6,Monsoon,29.1,52.8,4,10,9,5,0,0,120,54
6,General,Urban,A+,5,4,Summer,33.0,31.2,8,11,8,6,0,1,149,57
21,General,Urban,AB+,5,5,Summer,34.2,2.6,1,6,8,8,0,1,135,42
17,Trauma,Semi-Urban,B+,6,7,Monsoon,33.7,126.8,9,15,7,2,0,0,232,61
4,Clinic,Urban,A+,7,4,Summer,31.1,5.9,4,18,6,3,0,0,36,51
19,Clinic,Rural,A+,6,5,Summer,32.0,3.7,3,14,2,1,0,0,35,37
5,General,Urban,AB+,6,5,Summer,36.0,8.5,4,15,5,5,0,0,126,54
15,Trauma,Urban,O+,7,2,Winter,21.0,2.5,2,12,7,2,0,1,261,59
24,Trauma,Rural,AB+,2,10,Summer,35.2,15.3,4,6,20,2,1,0,238,55
24,Trauma,Rural,A+,3,11,Summer,39.4,24.9,8,3,15,4,0,0,234,58
22,Clinic,Urban,A-,4,6,Monsoon,28.0,73.0,7,7,3,1,1,0,38,43
13,Clinic,Rural,B+,4,3,Summer,28.1,1.9,2,9,5,2,0,0,37,36
14,Trauma,Urban,O+,5,8,Monsoon,27.3,41.8,3,13,14,4,0,0,237,65
8,Clinic,Rural,O+,1,7,Monsoon,25.3,72.3,9,14,6,4,0,0,37,56
24,Trauma,Rural,O+,1,7,Monsoon,31.2,57.7,9,11,11,4,0,0,229,67
12,General,Urban,O+,6,8,Monsoon,29.9,126.9,3,13,9,5,0,0,112,61
20,General,Urban,B-,6,9,Monsoon,22.2,105.4,2,24,8,4,0,0,116,66
9,General,Urban,O+,3,1,Winter,22.1,5.8,4,6,7,6,0,0,127,46
19,Clinic,Rural,O+,3,2,Winter,20.8,0.3,3,9,6,6,0,0,36,40
6,General,Urban,B-,4,2,Winter,17.0,6.7,6,16,9,2,1,1,151,49
19,Clinic,Rural,O+,4,2,Winter,17.8,0.6,5,4,6,7,0,0,30,41
2,Trauma,Semi-Urban,A+,2,12,Winter,22.2,4.9,6,6,7,8,0,0,243,52
3,Clinic,Urban,O+,4,9,Monsoon,21.1,191.2,14,16,3,6,0,0,33,60
9,General,Urban,B+,6,8,Monsoon,28.3,7.3,2,14,4,4,0,0,112,57
13,Clinic,Rural,A+,6,9,Monsoon,30.3,75.4,3,16,6,5,0,0,29,51
18,Trauma,Semi-Urban,B+,6,1,Winter,17.7,2.2,3,4,16,0,0,1,264,52
9,General,Urban,O+,5,3,Summer,35.9,3.3,4,10,5,7,0,0,133,49
1,Trauma,Rural,O+,7,10,Summer,34.3,0.8,5,10,12,4,0,0,225,57
9,General,Urban,O+,2,6,Monsoon,24.6,165.4,7,12,7,4,0,0,125,61
11,General,Semi-Urban,O+,1,7,Monsoon,24.6,27.5,4,2,11,8,0,1,144,53
14,Trauma,Urban,B+,1,10,Summer,36.1,58.5,4,11,15,0,1,0,239,57
17,Trauma,Semi-Urban,A+,7,1,Winter,16.1,1.1,3,11,10,4,0,0,213,54
7,Trauma,Urban,O+,5,10,Summer,29.4,4.1,5,12,17,3,0,0,232,65
16,General,Semi-Urban,O+,2,9,Monsoon,27.4,3.8,3,9,7,6,0,0,125,50
16,General,Semi-Urban,O+,6,5,Summer,32.5,3.5,4,11,7,0,0,0,132,47
20,General,Urban,A+,3,6,Monsoon,23.4,37.1,12,7,7,11,0,0,119,62
14,Trauma,Urban,B+,5,1,Winter,18.2,3.1,5,9,8,3,0,0,239,51
21,General,Urban,O+,2,3,Summer,36.3,17.1,4,11,5,8,0,0,110,46
6,General,Urban,B+,1,3,Summer,34.1,6.7,10,8,10,3,0,0,128,49
18,Trauma,Semi-Urban,O+,2,11,Summer,30.8,16.9,7,11,20,8,0,0,222,73
2,Trauma,Semi-Urban,A+,2,2,Winter,19.4,9.8,9,10,9,7,0,0,217,63
3,Clinic,Urban,O+,4,4,Summer,37.1,8.9,1,9,4,4,0,0,41,37
22,Clinic,Urban,O+,1,2,Winter,24.6,2.0,0,4,1,3,0,0,42,28
12,General,Urban,B+,2,4,Summer,38.3,4.1,11,7,9,4,0,0,119,51
16,General,Semi-Urban,B-,4,1,Winter,15.0,3.1,3,8,8,3,0,1,134,44
16,General,Semi-Urban,O+,3,4,Summer,36.6,30.9,1,8,8,2,0,0,120,43
18,Trauma,Semi-Urban,B+,5,9,Monsoon,27.8,76.3,2,8,13,2,1,0,232,55
7,Trauma,Urban,O+,5,10,Summer,30.5,17.4,2,8,11,7,0,0,252,56
5,General,Urban,O+,7,5,Summer,34.9,11.0,4,10,4,2,0,0,128,47
2,Trauma,Semi-Urban,O+,6,9,Monsoon,32.8,74.7,2,17,6,1,0,0,230,62
22,Clinic,Urban,AB+,2,8,Monsoon,30.6,320.0,17,25,7,2,0,0,36,60
6,General,Urban,O+,5,11,Summer,31.0,14.6,3,9,9,9,0,0,131,51
15,Trauma,Urban,B+,5,10,Summer,34.0,21.6,13,10,11,5,0,0,248,61
12,General,Urban,O-,5,3,Summer,35.5,16.2,2,7,2,5,0,1,160,41
5,General,Urban,O-,6,8,Monsoon,21.8,77.8,7,14,13,3,0,0,118,62
11,General,Semi-Urban,AB-,2,10,Summer,28.9,6.5,6,9,13,2,1,0,125,47
3,Clinic,Urban,B+,3,4,Summer,34.5,30.3,4,14,3,3,0,0,27,46
5,General,Urban,O-,6,7,Monsoon,27.5,14.2,3,11,11,1,0,0,131,50
4,Clinic,Urban,A+,7,5,Summer,28.5,5.7,6,7,8,3,0,0,38,39
21,General,Urban,O+,1,4,Summer,35.2,5.8,2,8,7,8,0,0,111,53
15,Trauma,Urban,O+,4,3,Summer,37.3,22.7,6,7,12,2,0,0,222,55
24,Trauma,Rural,O+,2,1,Winter,17.3,8.9,2,7,10,3,0,0,230,46
11,General,Semi-Urban,B+,2,9,Monsoon,27.2,22.5,5,8,3,4,0,0,104,49
6,General,Urban,B+,1,10,Summer,35.7,9.5,4,6,8,7,0,0,118,46
16,General,Semi-Urban,B+,4,8,Monsoon,28.3,154.9,5,13,9,3,0,0,120,55
24,Trauma,Rural,B+,5,3,Summer,29.0,6.2,4,7,14,1,0,0,253,52
14,Trauma,Urban,A+,4,1,Winter,15.3,4.9,8,13,17,4,0,0,259,70
1,Trauma,Rural,O+,3,8,Monsoon,25.8,66.5,18,11,14,6,0,0,204,79
8,Clinic,Rural,A+,6,3,Summer,31.4,43.4,8,12,3,1,0,0,37,40
24,Trauma,Rural,B+,5,7,Monsoon,31.4,49.5,5,9,17,2,0,0,239,63
13,Clinic,Rural,O+,7,12,Winter,19.9,5.5,1,8,6,3,0,0,43,35
24,Trauma,Rural,O-,3,1,Winter,14.7,2.2,1,3,17,6,0,0,230,55
13,Clinic,Rural,A-,2,7,Monsoon,26.4,89.5,10,11,4,5,0,0,29,47
1,Trauma,Rural,A+,4,12,Winter,21.4,0.9,3,4,11,4,0,0,220,47
22,Clinic,Urban,A-,4,5,Summer,32.1,17.3,2,9,6,2,0,0,36,44
20,General,Urban,A+,4,10,Summer,36.6,25.3,11,8,12,6,0,0,115,57
18,Trauma,Semi-Urban,A+,6,10,Summer,38.1,2.6,1,9,10,3,0,0,247,52
25,General,Semi-Urban,B+,1,6,Monsoon,30.6,41.0,2,8,10,8,0,0,122,50
5,General,Urban,B+,4,4,Summer,34.5,23.4,7,7,15,8,0,0,120,59
23,General,Semi-Urban,A+,4,9,Monsoon,30.8,59.9,10,16,17,9,0,0,115,76
6,General,Urban,O+,2,8,Monsoon,25.4,72.9,12,10,8,7,0,0,126,61
25,General,Semi-Urban,O-,5,6,Monsoon,34.5,29.4,0,8,10,10,0,0,110,54
5,General,Urban,B+,6,3,Summer,34.7,25.6,3,7,4,4,0,0,124,45
14,Trauma,Urban,A+,4,9,Monsoon,30.4,25.2,3,6,11,4,0,0,226,59
20,General,Urban,O+,1,3,Summer,32.9,10.0,6,15,7,4,0,0,118,53
2,Trauma,Semi-Urban,O+,1,2,Winter,19.5,1.9,7,7,15,3,0,1,246,51
2,Trauma,Semi-Urban,B+,3,1,Winter,19.6,5.7,2,9,15,4,0,0,232,54
22,Clinic,Urban,O+,5,6,Monsoon,24.2,320.0,5,19,8,3,0,0,28,59
2,Trauma,Semi-Urban,B+,3,2,Winter,15.1,0.6,3,8,13,5,0,1,254,61
16,General,Semi-Urban,B+,3,5,Summer,33.4,6.1,7,11,4,8,0,0,117,48
24,Trauma,Rural,O+,7,3,Summer,37.3,8.0,3,19,11,2,0,0,236,66
16,General,Semi-Urban,B+,1,6,Monsoon,21.5,24.1,5,9,5,1,0,0,119,44
13,Clinic,Rural,B+,1,10,Summer,32.9,11.0,5,6,2,1,1,0,51,23
11,General,Semi-Urban,A+,2,6,Monsoon,30.9,148.5,7,18,4,7,0,0,132,62
16,General,Semi-Urban,A+,7,7,Monsoon,23.3,96.3,6,18,9,2,0,0,116,60
15,Trauma,Urban,O+,4,2,Winter,21.8,5.1,4,7,7,4,0,1,242,51
13,Clinic,Rural,AB+,2,2,Winter,14.6,1.7,2,3,3,2,0,0,38,25
4,Clinic,Urban,B+,3,12,Winter,15.3,5.1,2,5,2,8,0,0,38,37
17,Trauma,Semi-Urban,O+,7,8,Monsoon,26.6,93.9,14,14,13,2,0,1,238,77
19,Clinic,Rural,B+,5,1,Winter,23.6,1.0,1,4,2,2,0,0,44,26
18,Trauma,Semi-Urban,B+,2,7,Monsoon,25.1,82.5,5,11,11,5,0,0,244,63
2,Trauma,Semi-Urban,A+,2,1,Winter,12.8,1.9,6,8,13,4,0,1,258,58
18,Trauma,Semi-Urban,A+,1,1,Winter,13.8,19.9,11,6,15,5,0,0,232,61
19,Clinic,Rural,O+,6,5,Summer,36.8,22.3,6,9,9,0,0,0,44,34
5,General,Urban,O-,1,8,Monsoon,22.9,89.8,6,9,4,6,0,0,111,55
22,Clinic,Urban,B+,3,8,Monsoon,30.6,198.0,11,11,4,4,0,1,61,53
14,Trauma,Urban,O+,3,10,Summer,34.2,18.2,9,3,12,2,0,0,229,52
12,General,Urban,O+,5,3,Summer,33.9,3.7,3,11,5,9,0,0,118,53
19,Clinic,Rural,O+,5,3,Summer,34.9,34.8,6,11,5,5,0,0,32,43
13,Clinic,Rural,B+,6,7,Monsoon,24.6,22.4,5,8,3,1,0,0,38,40
14,Trauma,Urban,B+,3,11,Summer,34.4,31.9,11,4,14,2,1,0,227,52
8,Clinic,Rural,B+,3,9,Monsoon,23.4,95.7,10,11,3,1,0,0,37,43
24,Trauma,Rural,O+,3,9,Monsoon,31.0,79.0,12,14,15,4,0,0,207,77
25,General,Semi-Urban,B+,1,2,Winter,14.9,1.6,6,2,4,3,0,0,133,36
4,Clinic,Urban,A+,6,11,Summer,35.3,13.9,6,11,2,3,0,0,39,43
19,Clinic,Rural,A+,4,12,Winter,14.9,5.0,4,8,2,3,0,0,34,34
1,Trauma,Rural,B+,4,7,Monsoon,25.4,115.2,4,12,12,4,0,0,235,59
10,General,Urban,O+,7,5,Summer,32.9,13.2,5,7,7,3,1,0,114,43
25,General,Semi-Urban,O+,2,8,Monsoon,35.9,70.9,13,19,5,9,0,0,117,72
5,General,Urban,B-,7,8,Monsoon,27.0,132.9,9,18,6,0,0,0,133,56
10,General,Urban,B+,5,12,Winter,15.5,2.3,3,9,8,8,0,0,114,48
6,General,Urban,B+,2,2,Winter,16.7,3.0,1,11,4,3,0,0,119,49
19,Clinic,Rural,A+,5,7,Monsoon,22.5,109.3,8,14,0,2,0,0,37,48
12,General,Urban,A+,6,9,Monsoon,26.5,81.8,5,11,4,4,0,0,127,50
15,Trauma,Urban,A+,3,5,Summer,39.6,2.9,5,8,18,5,0,0,215,72
24,Trauma,Rural,B+,3,11,Summer,35.0,13.4,3,4,13,3,0,0,244,42
14,Trauma,Urban,O+,6,1,Winter,20.7,3.8,7,8,19,1,0,0,215,66
19,Clinic,Rural,O+,2,2,Winter,15.3,3.6,11,7,4,3,0,0,43,33
3,Clinic,Urban,O+,1,10,Summer,33.4,9.9,4,4,2,3,0,0,35,37
6,General,Urban,A+,5,2,Winter,18.6,2.4,1,11,8,5,0,0,122,49
24,Trauma,Rural,O+,7,6,Monsoon,24.8,83.3,5,11,12,1,0,0,220,61
22,Clinic,Urban,B+,4,4,Summer,35.2,5.7,7,8,5,2,0,0,45,41
17,Trauma,Semi-Urban,A+,1,9,Monsoon,28.8,207.2,23,16,16,0,1,0,239,87
10,General,Urban,B+,4,1,Winter,19.6,4.5,4,6,6,6,0,0,115,45
5,General,Urban,B+,2,5,Summer,33.5,14.4,5,9,7,10,0,0,126,56
22,Clinic,Urban,B+,6,12,Winter,21.3,7.1,5,7,2,1,0,1,57,33
20,General,Urban,A+,5,5,Summer,33.2,5.0,3,9,7,7,0,0,114,50
7,Trauma,Urban,O+,3,8,Monsoon,26.0,55.0,7,17,13,6,0,0,211,74
15,Trauma,Urban,A+,5,12,Winter,22.3,2.0,3,4,12,10,0,0,222,58
16,General,Semi-Urban,O+,5,8,Monsoon,23.7,106.3,4,13,6,3,0,0,129,51
12,General,Urban,B+,5,10,Summer,28.9,4.9,6,9,10,7,0,0,122,55
24,Trauma,Rural,O+,3,12,Winter,15.4,5.7,10,8,12,7,0,0,232,57
4,Clinic,Urban,B+,4,8,Monsoon,28.2,104.0,6,14,3,1,0,0,30,49
7,Trauma,Urban,A-,1,10,Summer,37.9,6.5,4,11,11,4,0,0,244,61
3,Clinic,Urban,A+,3,7,Monsoon,25.0,25.4,2,5,3,6,0,0,43,39
18,Trauma,Semi-Urban,A+,3,10,Summer,39.4,14.3,3,11,15,6,0,0,218,65
17,Trauma,Semi-Urban,AB+,4,8,Monsoon,27.1,17.2,3,5,11,4,0,0,248,53
25,General,Semi-Urban,O+,7,5,Summer,33.7,6.0,3,8,8,3,1,0,134,39
14,Trauma,Urban,B+,7,7,Monsoon,24.5,74.7,6,17,10,1,0,0,229,68
4,Clinic,Urban,O+,4,5,Summer,39.9,9.7,11,10,3,5,0,1,57,44
12,General,Urban,O+,5,5,Summer,33.5,6.7,6,5,8,8,0,0,109,49
3,Clinic,Urban,O-,1,4,Summer,30.0,19.2,6,5,8,6,0,1,60,44
17,Trauma,Semi-Urban,O+,4,6,Monsoon,34.4,40.5,9,6,11,3,0,0,244,62
17,Trauma,Semi-Urban,B+,5,5,Summer,35.2,6.6,0,8,8,5,0,0,224,50
22,Clinic,Urban,B+,5,8,Monsoon,29.4,88.6,5,9,3,3,0,0,29,49
9,General,Urban,O+,7,5,Summer,39.0,12.4,0,11,5,2,0,0,127,44
8,Clinic,Rural,A+,4,6,Monsoon,28.8,29.5,9,8,3,4,0,0,29,41
2,Trauma,Semi-Urban,B+,7,2,Winter,20.9,3.4,4,15,20,6,0,0,229,73
11,General,Semi-Urban,AB+,7,5,Summer,34.2,7.3,3,6,11,1,1,0,130,37
12,General,Urban,O+,5,5,Summer,36.2,6.9,5,4,8,7,0,0,118,53
19,Clinic,Rural,AB+,1,12,Winter,17.9,4.0,0,12,2,4,0,0,40,37
19,Clinic,Rural,AB+,3,6,Monsoon,26.9,36.6,1,9,2,5,0,0,44,40
4,Clinic,Urban,O+,6,1,Winter,18.4,2.6,2,11,0,0,0,0,36,34
8,Clinic,Rural,A+,5,4,Summer,32.8,10.8,2,10,2,5,0,0,45,30
13,Clinic,Rural,B+,7,9,Monsoon,28.5,101.0,12,16,1,5,0,0,44,54
9,General,Urban,O+,6,2,Winter,19.5,1.8,4,9,4,5,0,0,137,43
1,Trauma,Rural,B+,1,2,Winter,20.5,4.7,3,6,2,4,0,0,241,41
22,Clinic,Urban,A+,7,5,Summer,35.9,19.7,6,16,2,0,0,0,31,47
19,Clinic,Rural,O+,3,5,Summer,40.0,19.4,5,13,5,2,0,0,35,41
14,Trauma,Urban,AB+,6,6,Monsoon,30.2,28.0,4,14,15,2,0,1,252,70
8,Clinic,Rural,B+,4,1,Winter,17.4,5.4,7,5,1,4,0,1,59,34
22,Clinic,Urban,B+,4,9,Monsoon,28.4,137.7,18,16,3,3,0,0,22,57
1,Trauma,Rural,B+,1,3,Summer,38.2,34.3,2,8,13,3,0,0,219,59
12,General,Urban,O+,1,9,Monsoon,24.2,31.3,5,5,8,7,0,0,119,54
21,General,Urban,A+,5,7,Monsoon,33.0,191.1,12,20,5,4,0,0,111,69
24,Trauma,Rural,A+,4,3,Summer,31.7,2.0,3,11,11,6,0,0,250,58
7,Trauma,Urban,O+,4,6,Monsoon,29.7,140.9,9,22,11,4,0,0,219,78
17,Trauma,Semi-Urban,A+,2,1,Winter,18.0,6.5,2,13,11,5,0,0,235,58
5,General,Urban,O+,4,9,Monsoon,26.8,136.9,7,9,10,5,0,0,119,59
3,Clinic,Urban,O+,1,4,Summer,30.1,2.8,1,10,4,2,0,1,49,37
9,General,Urban,O+,2,5,Summer,36.7,26.5,2,10,5,7,0,0,117,52
23,General,Semi-Urban,O+,4,2,Winter,14.1,14.1,2,12,9,3,0,1,139,47
18,Trauma,Semi-Urban,O+,5,5,Summer,29.7,4.6,3,9,8,3,0,0,243,48
13,Clinic,Rural,A+,5,5,Summer,37.5,8.8,1,7,4,3,0,0,37,34
8,Clinic,Rural,A+,7,3,Summer,39.4,6.2,12,13,0,1,0,0,37,41
4,Clinic,Urban,O+,6,12,Winter,16.0,4.9,6,11,8,3,0,0,33,46
7,Trauma,Urban,B+,3,4,Summer,37.0,7.8,5,8,10,3,0,1,237,57
4,Clinic,Urban,O+,6,3,Summer,36.4,18.0,5,13,2,2,0,0,35,43
5,General,Urban,O+,1,7,Monsoon,26.7,71.6,4,6,8,7,0,0,127,51
18,Trauma,Semi-Urban,A+,7,4,Summer,38.0,12.4,5,12,11,2,0,0,220,60
4,Clinic,Urban,A+,3,6,Monsoon,26.5,80.5,5,7,5,2,0,0,35,52
2,Trauma,Semi-Urban,A+,6,9,Monsoon,28.6,17.3,5,17,20,1,0,0,208,72
14,Trauma,Urban,O+,7,1,Winter,14.2,3.4,1,8,10,2,1,0,219,51
8,Clinic,Rural,A+,5,7,Monsoon,23.4,22.7,2,6,3,1,0,0,33,38
12,General,Urban,A+,7,1,Winter,21.5,1.0,12,15,7,3,0,0,111,54
4,Clinic,Urban,B+,1,1,Winter,19.7,7.7,0,7,1,6,0,0,41,39
6,General,Urban,AB-,2,2,Winter,17.6,4.9,7,12,7,6,0,0,125,57
12,General,Urban,O+,5,2,Winter,23.7,4.6,8,11,9,5,0,0,118,53
18,Trauma,Semi-Urban,AB+,4,5,Summer,39.7,12.1,3,6,9,5,0,0,221,54
11,General,Semi-Urban,B+,1,12,Winter,19.3,12.5,6,9,10,4,0,0,124,51
14,Trauma,Urban,B+,6,11,Summer,29.6,11.9,3,12,6,1,1,0,250,46
14,Trauma,Urban,B+,1,2,Winter,17.7,3.0,1,11,10,3,0,0,241,61
7,Trauma,Urban,B+,7,12,Winter,15.5,2.9,6,16,17,1,0,0,241,69
7,Trauma,Urban,O+,2,8,Monsoon,27.3,165.9,6,15,17,3,0,1,242,72
11,General,Semi-Urban,B+,4,7,Monsoon,24.2,82.6,9,10,7,3,0,1,141,54
1,Trauma,Rural,AB+,6,10,Summer,30.4,14.0,3,12,17,3,0,0,236,62
18,Trauma,Semi-Urban,AB+,4,6,Monsoon,20.2,174.4,6,22,12,4,0,0,215,72
16,General,Semi-Urban,A+,6,4,Summer,34.5,16.3,3,12,3,4,0,0,124,44
8,Clinic,Rural,A+,5,7,Monsoon,20.1,147.1,3,14,5,4,0,0,32,51
10,General,Urban,O+,7,9,Monsoon,26.0,45.8,7,14,7,1,0,0,117,58
9,General,Urban,O+,4,9,Monsoon,29.1,31.6,2,11,2,4,0,1,137,49
17,Trauma,Semi-Urban,AB-,7,3,Summer,31.8,30.6,4,18,14,3,0,0,210,68
19,Clinic,Rural,O+,4,12,Winter,14.7,5.9,2,11,2,3,0,0,33,34
3,Clinic,Urban,B+,7,4,Summer,33.8,17.6,10,12,3,2,0,0,36,39
11,General,Semi-Urban,A+,6,10,Summer,31.5,14.7,8,9,9,3,0,0,133,47
1,Trauma,Rural,AB+,1,4,Summer,34.6,11.3,8,12,12,2,0,0,223,59
12,General,Urban,O+,5,1,Winter,14.9,1.8,3,10,5,7,0,0,127,47
7,Trauma,Urban,O+,7,12,Winter,17.7,1.8,6,14,6,2,0,1,252,57
9,General,Urban,A+,1,8,Monsoon,26.0,31.1,3,6,6,5,0,0,116,49
12,General,Urban,B+,6,3,Summer,34.0,2.9,4,9,7,5,0,0,125,52
9,General,Urban,B+,1,1,Winter,22.9,1.5,3,6,6,5,0,0,128,42
10,General,Urban,AB+,7,2,Winter,18.6,2.4,5,8,8,2,0,0,110,46
20,General,Urban,A+,6,3,Summer,35.5,30.4,4,8,3,1,0,0,125,39
21,General,Urban,O+,2,12,Winter,16.1,0.8,4,11,9,6,0,0,131,48
1,Trauma,Rural,O+,6,3,Summer,34.7,12.5,2,11,11,2,0,0,247,59
10,General,Urban,B+,1,2,Winter,17.2,9.3,5,7,3,4,0,0,124,44
22,Clinic,Urban,O+,4,11,Summer,34.1,23.7,8,7,4,1,0,0,39,36
14,Trauma,Urban,B+,7,11,Summer,35.9,11.5,3,12,12,4,0,1,249,59
6,General,Urban,O+,2,3,Summer,32.5,6.5,2,9,6,2,1,0,131,41
15,Trauma,Urban,B+,2,8,Monsoon,25.8,13.0,6,11,10,3,0,0,234,66
4,Clinic,Urban,B+,3,7,Monsoon,25.5,91.3,10,11,3,2,0,0,23,49
1,Trauma,Rural,A+,3,7,Monsoon,25.5,131.5,4,15,18,2,0,0,220,71
16,General,Semi-Urban,O+,1,4,Summer,34.5,6.6,1,13,4,8,0,0,110,50
13,Clinic,Rural,O+,4,10,Summer,32.9,24.9,1,8,5,0,0,0,41,32
19,Clinic,Rural,B+,2,11,Summer,38.5,10.5,1,9,3,3,0,0,38,37
9,General,Urban,B+,1,9,Monsoon,35.0,102.0,12,10,10,9,0,0,112,70
22,Clinic,Urban,B+,2,11,Summer,32.3,11.5,4,5,1,3,0,0,34,30
11,General,Semi-Urban,O-,1,2,Winter,18.9,7.0,8,8,6,5,0,0,130,47
19,Clinic,Rural,AB+,7,8,Monsoon,30.1,174.8,14,18,5,2,0,0,31,59
3,Clinic,Urban,B+,7,12,Winter,17.2,4.8,2,10,6,0,0,0,32,34
3,Clinic,Urban,B+,3,7,Monsoon,24.0,66.6,0,18,3,1,0,1,59,43
20,General,Urban,B+,7,12,Winter,23.2,3.2,7,12,7,3,0,0,122,53
21,General,Urban,A+,4,5,Summer,36.1,45.0,6,5,9,18,0,0,118,57
24,Trauma,Rural,B+,7,11,Summer,35.0,33.8,6,11,12,1,0,0,231,56
9,General,Urban,O+,2,12,Winter,22.4,3.4,5,7,7,1,1,0,129,37
1,Trauma,Rural,AB+,2,8,Monsoon,29.3,32.8,7,7,11,2,0,0,243,58
25,General,Semi-Urban,A+,6,9,Monsoon,26.9,153.0,13,16,5,6,0,0,123,61
16,General,Semi-Urban,B+,2,7,Monsoon,24.1,57.7,12,10,9,4,0,0,126,62
7,Trauma,Urban,A+,6,4,Summer,32.5,29.5,5,12,16,3,0,0,217,62
20,General,Urban,O+,3,7,Monsoon,30.6,49.0,11,5,10,6,0,0,134,58
23,General,Semi-Urban,B+,3,12,Winter,20.0,2.3,1,14,9,4,0,0,127,52
8,Clinic,Rural,A+,4,1,Winter,17.4,1.1,12,8,4,1,0,0,32,37
20,General,Urban,B+,6,3,Summer,39.3,37.9,5,14,8,3,0,0,133,60
20,General,Urban,B+,1,6,Monsoon,26.5,38.5,5,19,9,6,0,0,126,70
13,Clinic,Rural,B+,6,5,Summer,37.0,20.7,5,13,2,2,0,0,30,39
16,General,Semi-Urban,A+,6,8,Monsoon,27.7,72.6,12,10,7,2,0,0,134,53
7,Trauma,Urban,A+,6,5,Summer,39.8,8.0,4,14,9,4,0,0,231,63
24,Trauma,Rural,B+,7,8,Monsoon,29.3,56.3,0,10,13,0,0,0,242,57
25,General,Semi-Urban,O+,6,2,Winter,18.1,8.3,5,7,10,2,0,0,120,44
25,General,Semi-Urban,O+,4,4,Summer,33.5,62.1,7,9,7,5,0,0,131,49
19,Clinic,Rural,O+,4,9,Monsoon,27.0,186.0,14,18,4,5,0,0,30,60
2,Trauma,Semi-Urban,B+,3,6,Monsoon,24.8,16.6,2,7,14,5,0,1,264,66
10,General,Urban,A+,6,9,Monsoon,22.9,145.4,11,20,10,2,0,0,121,66
12,General,Urban,B+,3,8,Monsoon,27.9,73.1,2,7,7,3,0,1,152,51
24,Trauma,Rural,B+,5,4,Summer,32.4,10.6,2,9,9,6,0,0,221,53
14,Trauma,Urban,A+,1,6,Monsoon,25.4,96.4,1,15,14,4,0,0,218,67
14,Trauma,Urban,A+,3,12,Winter,17.7,3.3,3,9,11,0,0,0,238,54
4,Clinic,Urban,A+,2,12,Winter,18.2,4.8,1,6,3,5,0,0,49,29
20,General,Urban,O+,4,1,Winter,18.0,2.8,5,8,5,2,0,0,117,44
9,General,Urban,B+,4,9,Monsoon,32.2,155.5,10,7,3,6,0,0,140,52
3,Clinic,Urban,A+,6,6,Monsoon,29.0,88.2,8,13,1,1,0,0,36,46
25,General,Semi-Urban,A+,4,1,Winter,24.3,3.6,1,8,9,10,0,0,134,46
5,General,Urban,B+,2,8,Monsoon,25.7,82.5,9,14,12,3,0,0,120,62
1,Trauma,Rural,O+,4,1,Winter,20.4,5.9,5,10,9,7,0,0,221,53
2,Trauma,Semi-Urban,B+,1,4,Summer,32.8,8.4,6,11,13,3,0,0,246,59
12,General,Urban,A-,6,9,Monsoon,25.3,119.2,6,20,12,3,0,0,109,67
3,Clinic,Urban,O+,6,10,Summer,40.4,12.8,1,15,3,3,0,0,33,44
22,Clinic,Urban,A+,2,5,Summer,31.7,29.4,12,9,7,5,0,1,52,43
13,Clinic,Rural,B+,2,10,Summer,27.3,8.9,2,9,1,3,0,0,45,31
9,General,Urban,A+,1,11,Summer,31.9,22.6,5,9,2,4,0,0,137,49
1,Trauma,Rural,B+,3,6,Monsoon,21.0,104.9,5,12,14,2,0,0,218,66
12,General,Urban,A+,1,3,Summer,31.1,27.8,5,10,6,3,1,0,138,43
4,Clinic,Urban,AB+,7,8,Monsoon,24.4,89.2,7,11,5,2,0,0,25,49
25,General,Semi-Urban,O+,1,1,Winter,18.1,2.3,3,10,3,2,0,0,137,40
8,Clinic,Rural,B+,5,11,Summer,27.9,8.1,4,10,4,2,0,0,44,33
12,General,Urban,B-,4,5,Summer,37.6,13.7,2,8,10,8,0,0,119,57
1,Trauma,Rural,B+,2,10,Summer,28.4,11.7,4,9,11,3,0,0,222,54
4,Clinic,Urban,O-,6,9,Monsoon,26.6,63.2,5,13,2,3,0,0,33,48
6,General,Urban,O+,1,6,Monsoon,26.0,99.5,3,13,7,7,0,0,118,59
2,Trauma,Semi-Urban,O+,7,12,Winter,20.5,0.2,9,9,10,2,0,0,210,56
19,Clinic,Rural,A+,6,10,Summer,35.1,10.2,6,11,2,0,1,0,35,31
24,Trauma,Rural,O+,5,11,Summer,37.6,12.0,1,4,15,1,1,0,261,51
25,General,Semi-Urban,O+,7,2,Winter,16.9,0.7,0,11,9,3,0,0,119,48
7,Trauma,Urban,O+,3,6,Monsoon,25.6,36.5,8,12,16,2,0,1,241,74
20,General,Urban,B+,2,12,Winter,19.2,1.5,3,9,6,7,0,0,133,51
13,Clinic,Rural,O+,2,10,Summer,37.1,11.2,4,11,7,3,0,0,37,39
2,Trauma,Semi-Urban,B+,7,6,Monsoon,29.5,69.7,3,13,6,1,0,0,229,55
3,Clinic,Urban,A+,3,1,Winter,19.0,2.8,3,9,1,3,0,0,33,35
14,Trauma,Urban,B+,6,4,Summer,34.7,2.6,9,11,13,1,0,0,238,61
11,General,Semi-Urban,B+,3,7,Monsoon,26.9,167.2,7,18,9,6,1,0,121,61
1,Trauma,Rural,B+,7,8,Monsoon,28.2,196.6,11,25,11,0,0,0,213,79
24,Trauma,Rural,O+,7,12,Winter,24.1,1.0,5,6,15,3,0,0,240,57
19,Clinic,Rural,AB+,3,2,Winter,17.3,2.6,4,11,5,1,0,0,41,41
13,Clinic,Rural,A+,4,5,Summer,32.9,9.5,0,9,3,2,0,0,37,30
25,General,Semi-Urban,O+,6,4,Summer,32.7,15.6,5,6,7,6,0,0,140,41
25,General,Semi-Urban,O+,2,12,Winter,19.2,2.3,5,11,12,0,1,0,121,46
25,General,Semi-Urban,B+,1,2,Winter,11.6,6.4,6,8,10,9,0,0,118,53
7,Trauma,Urban,B+,3,3,Summer,33.6,4.5,5,10,12,6,0,0,205,67
23,General,Semi-Urban,B-,5,4,Summer,36.6,18.8,1,14,6,7,0,1,137,53
13,Clinic,Rural,A+,1,2,Winter,16.4,4.4,4,6,6,3,0,0,39,31
19,Clinic,Rural,O+,3,8,Monsoon,27.6,29.2,1,6,2,4,0,0,40,36
22,Clinic,Urban,A+,7,7,Monsoon,33.3,64.7,4,12,6,1,0,0,33,54
5,General,Urban,B+,1,7,Monsoon,28.0,32.2,7,6,3,9,0,0,125,57
12,General,Urban,O+,1,11,Summer,27.3,39.6,10,13,5,9,0,0,116,54
4,Clinic,Urban,A+,3,6,Monsoon,22.8,74.3,6,9,3,9,0,0,34,48
7,Trauma,Urban,AB+,1,4,Summer,33.2,7.9,3,12,14,2,0,0,230,62
11,General,Semi-Urban,B+,1,5,Summer,31.6,2.1,4,7,9,4,0,0,117,46
22,Clinic,Urban,A+,2,10,Summer,34.3,14.6,2,7,3,1,0,0,38,37
22,Clinic,Urban,O+,1,7,Monsoon,26.1,63.7,11,6,7,2,0,0,37,44
10,General,Urban,A+,6,3,Summer,37.5,18.6,5,9,10,4,0,0,117,55
9,General,Urban,O+,1,9,Monsoon,23.7,218.8,1,13,8,2,0,0,132,50
14,Trauma,Urban,A+,4,9,Monsoon,26.4,143.5,5,9,7,1,0,0,235,53
23,General,Semi-Urban,A+,5,3,Summer,34.7,4.8,4,8,6,9,0,0,120,50
25,General,Semi-Urban,O+,5,7,Monsoon,28.0,58.9,1,13,8,4,0,0,117,55
6,General,Urban,O-,5,7,Monsoon,27.4,26.8,21,6,8,3,0,0,104,63
5,General,Urban,B-,3,3,Summer,26.8,6.5,5,5,7,3,0,0,120,43
18,Trauma,Semi-Urban,A+,7,1,Winter,18.2,6.7,2,15,12,1,1,0,201,59
8,Clinic,Rural,A+,1,9,Monsoon,26.5,51.3,6,8,5,3,0,0,38,42
5,General,Urban,A+,1,8,Monsoon,29.6,131.9,7,22,7,5,0,0,109,69
1,Trauma,Rural,A+,6,9,Monsoon,29.2,56.2,3,8,10,5,0,0,223,59
11,General,Semi-Urban,B+,1,5,Summer,34.7,20.2,5,9,7,7,0,0,131,47
10,General,Urban,O+,2,7,Monsoon,27.9,36.1,3,7,7,10,0,0,117,54
15,Trauma,Urban,A+,2,12,Winter,22.1,1.1,3,9,10,6,0,0,228,55
6,General,Urban,A+,1,3,Summer,37.5,39.4,1,5,11,8,0,0,125,53
18,Trauma,Semi-Urban,O+,1,8,Monsoon,27.8,39.1,5,8,9,1,1,0,236,51
18,Trauma,Semi-Urban,B+,5,2,Winter,24.4,6.8,10,6,16,5,0,0,222,55
12,General,Urban,B+,5,1,Winter,16.1,4.7,2,8,4,5,0,0,122,44
5,General,Urban,O+,1,12,Winter,14.4,1.8,3,5,7,4,0,0,127,44
13,Clinic,Rural,A+,7,2,Winter,18.0,1.8,6,14,2,1,0,0,29,40
17,Trauma,Semi-Urban,A+,1,8,Monsoon,25.9,66.5,9,6,17,5,0,0,228,69
10,General,Urban,O+,5,7,Monsoon,19.6,167.3,4,16,5,5,0,0,124,57
7,Trauma,Urban,A+,6,10,Summer,32.0,7.9,4,7,8,2,0,0,224,54
13,Clinic,Rural,O-,4,7,Monsoon,28.0,131.3,4,11,5,4,1,0,36,41
9,General,Urban,AB+,4,9,Monsoon,26.8,107.7,10,11,10,9,0,0,100,66
11,General,Semi-Urban,A+,1,11,Summer,31.7,15.5,11,9,6,9,0,1,139,52
9,General,Urban,A+,2,10,Summer,34.1,40.3,5,7,11,4,0,0,109,54
8,Clinic,Rural,B+,6,9,Monsoon,27.4,124.2,6,24,6,1,0,0,24,54
18,Trauma,Semi-Urban,B+,3,2,Winter,20.1,4.4,7,9,16,5,0,0,220,65
12,General,Urban,A+,1,3,Summer,32.1,2.1,1,6,6,5,0,0,131,44
12,General,Urban,O+,6,6,Monsoon,29.6,196.4,21,14,9,4,0,0,107,73
17,Trauma,Semi-Urban,O-,5,8,Monsoon,23.7,143.9,2,19,13,3,0,0,225,70
10,General,Urban,A+,1,9,Monsoon,25.5,106.1,4,16,8,13,0,0,106,71
3,Clinic,Urban,O+,1,10,Summer,39.1,9.1,3,9,5,4,0,0,32,47
22,Clinic,Urban,B+,1,2,Winter,14.9,0.6,0,6,1,6,0,0,40,36
2,Trauma,Semi-Urban,A+,1,3,Summer,32.0,17.3,4,3,8,4,0,0,223,45
15,Trauma,Urban,B+,5,2,Winter,14.2,3.4,7,16,12,6,0,0,229,69
7,Trauma,Urban,AB+,1,7,Monsoon,24.5,260.7,8,17,9,2,0,0,237,72
6,General,Urban,A+,5,8,Monsoon,27.4,131.9,5,16,6,6,0,0,119,64
2,Trauma,Semi-Urban,B+,2,2,Winter,20.1,3.7,5,7,16,3,0,0,239,57
23,General,Semi-Urban,B+,7,11,Summer,33.9,46.3,11,18,9,2,0,0,127,54
11,General,Semi-Urban,O-,6,4,Summer,33.0,11.8,2,8,4,3,0,1,153,45
9,General,Urban,B-,3,8,Monsoon,23.3,246.3,16,21,7,9,0,0,120,75
19,Clinic,Rural,B+,4,10,Summer,31.8,1.7,5,7,7,3,0,0,39,41
1,Trauma,Rural,O+,1,1,Winter,13.4,15.0,5,11,15,3,0,0,233,60
15,Trauma,Urban,O+,1,11,Summer,36.2,24.0,5,13,14,3,0,0,204,68
13,Clinic,Rural,A+,4,12,Winter,20.4,1.6,8,8,6,4,0,0,42,42
14,Trauma,Urban,A+,1,12,Winter,17.9,12.3,5,10,16,5,0,1,266,63
4,Clinic,Urban,A+,5,2,Winter,19.3,0.3,0,9,6,2,0,0,43,36
24,Trauma,Rural,B+,3,5,Summer,36.6,4.1,12,11,12,4,0,0,231,59
6,General,Urban,O+,1,3,Summer,34.3,16.9,14,9,10,9,0,0,106,56
17,Trauma,Semi-Urban,O+,4,6,Monsoon,31.2,197.3,9,19,7,7,0,0,238,70
19,Clinic,Rural,O+,4,12,Winter,14.9,4.3,1,9,6,2,0,0,33,39
9,General,Urban,O+,6,10,Summer,33.0,2.4,5,8,9,3,0,0,119,45
4,Clinic,Urban,O+,2,10,Summer,32.6,6.2,6,4,6,4,0,0,32,37
8,Clinic,Rural,O+,4,6,Monsoon,28.9,57.0,11,6,4,2,0,0,43,41
21,General,Urban,B+,6,12,Winter,13.7,4.7,1,9,4,2,0,1,134,44
23,General,Semi-Urban,O+,2,12,Winter,22.3,3.1,3,8,3,0,1,0,137,35
24,Trauma,Rural,B+,6,10,Summer,35.7,27.0,6,8,11,3,1,0,243,48
6,General,Urban,O+,6,10,Summer,39.3,2.2,1,5,7,8,0,0,128,44
16,General,Semi-Urban,O+,4,8,Monsoon,26.9,132.4,9,19,7,4,0,0,110,66
4,Clinic,Urban,A-,7,2,Winter,16.3,1.2,9,11,4,1,0,0,31,42
18,Trauma,Semi-Urban,AB+,7,4,Summer,36.0,32.2,7,15,10,4,0,0,238,65
11,General,Semi-Urban,O+,2,10,Summer,37.1,19.0,4,9,4,6,0,0,125,48
18,Trauma,Semi-Urban,A+,7,4,Summer,31.9,10.7,0,19,13,3,0,0,239,65
18,Trauma,Semi-Urban,B+,1,3,Summer,28.0,8.8,2,6,12,7,0,0,243,57
25,General,Semi-Urban,B+,1,12,Winter,12.5,4.5,6,8,10,1,1,0,133,38
13,Clinic,Rural,A+,1,6,Monsoon,27.8,183.2,13,15,6,3,0,0,27,58
9,General,Urban,O+,3,11,Summer,38.6,15.2,6,11,5,10,0,0,116,57
14,Trauma,Urban,O+,7,4,Summer,30.1,10.7,1,12,12,3,0,1,251,60
5,General,Urban,A+,5,5,Summer,33.2,5.2,6,5,6,8,0,0,121,46
3,Clinic,Urban,AB+,5,5,Summer,33.0,10.3,3,6,3,0,0,0,35,33
13,Clinic,Rural,B+,1,5,Summer,39.8,26.6,3,12,2,6,0,0,35,45
21,General,Urban,O+,4,6,Monsoon,33.8,147.9,8,15,8,7,0,0,120,61
14,Trauma,Urban,A+,3,4,Summer,35.3,29.1,1,6,21,3,0,0,228,67
20,General,Urban,A+,4,10,Summer,36.7,4.9,5,8,7,5,0,0,119,48
5,General,Urban,O+,2,4,Summer,36.6,2.4,5,9,9,11,0,0,105,61
12,General,Urban,A+,2,6,Monsoon,23.2,138.9,8,9,7,2,1,0,123,48
16,General,Semi-Urban,O+,7,11,Summer,36.1,3.1,1,14,5,3,0,1,151,48
9,General,Urban,O+,4,6,Monsoon,23.9,200.6,2,16,10,8,0,0,117,66
1,Trauma,Rural,A+,3,1,Winter,17.5,5.8,10,8,8,4,0,0,227,53
2,Trauma,Semi-Urban,B+,1,1,Winter,21.4,4.3,1,9,8,3,0,0,228,55
24,Trauma,Rural,O+,6,6,Monsoon,27.2,32.9,6,12,18,2,0,0,244,66
16,General,Semi-Urban,O+,4,8,Monsoon,30.3,85.2,1,13,2,3,0,0,138,50
7,Trauma,Urban,O+,3,12,Winter,21.9,3.0,4,11,10,2,1,0,238,48
7,Trauma,Urban,A+,5,2,Winter,12.7,4.4,3,5,11,6,0,0,225,56
1,Trauma,Rural,O+,1,7,Monsoon,20.5,241.9,6,21,12,5,0,0,239,75
24,Trauma,Rural,AB+,4,4,Summer,37.5,5.0,10,8,10,4,0,0,241,56
3,Clinic,Urban,B+,7,6,Monsoon,30.6,66.1,22,12,4,3,0,0,24,60
19,Clinic,Rural,A+,4,6,Monsoon,27.8,79.0,1,7,5,3,0,0,37,34
7,Trauma,Urban,AB+,1,4,Summer,35.2,30.4,7,6,7,5,0,0,217,52
9,General,Urban,O+,2,1,Winter,20.7,3.7,4,10,6,5,0,0,125,45
7,Trauma,Urban,B-,1,1,Winter,20.6,5.4,3,9,15,4,0,0,237,63
21,General,Urban,O-,4,7,Monsoon,26.1,220.1,15,15,9,4,0,1,134,71
1,Trauma,Rural,B+,3,3,Summer,36.9,14.9,9,10,17,3,0,0,217,62
9,General,Urban,AB+,1,4,Summer,33.0,9.2,5,5,4,4,0,0,138,38
7,Trauma,Urban,O+,5,2,Winter,18.7,7.9,7,5,10,5,0,0,228,55
7,Trauma,Urban,A+,2,1,Winter,18.6,9.9,5,9,10,5,0,0,235,57
5,General,Urban,O+,3,2,Winter,15.4,5.1,8,10,6,3,0,0,123,49
23,General,Semi-Urban,O-,7,5,Summer,31.8,6.8,4,5,8,5,0,0,130,43
10,General,Urban,O+,1,2,Winter,24.7,2.4,5,6,2,6,0,0,133,41
11,General,Semi-Urban,O+,2,3,Summer,31.3,34.3,9,3,7,4,0,0,127,42
10,General,Urban,O+,3,4,Summer,35.1,20.2,8,8,9,2,1,0,128,45
25,General,Semi-Urban,O+,4,4,Summer,35.7,9.6,8,10,4,6,0,1,152,43
9,General,Urban,B+,2,1,Winter,17.8,0.6,9,7,9,4,0,0,131,49
9,General,Urban,B+,7,2,Winter,20.0,5.9,2,12,8,3,0,0,128,45
9,General,Urban,O+,1,12,Winter,19.0,5.1,2,10,5,1,1,0,130,37
9,General,Urban,O+,7,9,Monsoon,24.4,141.9,12,12,10,2,0,0,103,61
3,Clinic,Urban,AB+,4,2,Winter,19.6,1.7,5,11,2,4,0,1,64,36
16,General,Semi-Urban,O+,1,4,Summer,32.4,9.2,5,6,4,3,0,0,119,45
1,Trauma,Rural,A+,1,5,Summer,39.2,25.3,11,5,6,1,0,0,222,46
6,General,Urban,B+,1,11,Summer,35.3,0.7,2,9,6,5,0,0,125,50
6,General,Urban,O+,3,11,Summer,31.9,9.1,3,15,8,10,0,0,115,63
8,Clinic,Rural,O+,3,10,Summer,35.0,2.9,4,7,3,6,0,0,35,33
19,Clinic,Rural,B+,5,2,Winter,15.2,1.5,1,4,3,5,0,0,46,23
15,Trauma,Urban,O-,3,6,Monsoon,27.8,158.2,4,13,20,2,0,0,196,73
25,General,Semi-Urban,B+,6,6,Monsoon,26.3,76.6,9,16,9,2,0,0,114,62
9,General,Urban,O+,3,8,Monsoon,24.5,33.6,6,5,8,6,0,0,132,56
24,Trauma,Rural,O+,2,11,Summer,31.5,16.9,8,11,9,3,0,0,249,54
2,Trauma,Semi-Urban,B+,2,4,Summer,41.3,7.3,3,13,8,5,0,0,245,61
13,Clinic,Rural,O+,3,7,Monsoon,27.3,74.3,5,7,4,3,0,0,39,42
20,General,Urban,B+,6,4,Summer,32.7,13.6,3,18,10,5,0,0,122,62
14,Trauma,Urban,B+,2,3,Summer,32.2,29.3,2,5,9,7,0,0,227,55
24,Trauma,Rural,O+,2,4,Summer,35.4,13.6,5,8,18,6,0,0,220,66
8,Clinic,Rural,B+,7,9,Monsoon,25.1,63.0,8,10,8,2,0,0,29,47
1,Trauma,Rural,B+,5,6,Monsoon,23.7,114.7,12,13,15,7,0,0,225,78
20,General,Urban,O+,2,9,Monsoon,26.9,120.0,5,19,9,4,0,1,128,64
2,Trauma,Semi-Urban,B+,7,9,Monsoon,26.9,58.5,6,16,10,2,0,0,217,66
20,General,Urban,O+,2,5,Summer,32.7,10.6,3,5,3,5,0,0,129,42
19,Clinic,Rural,B+,2,12,Winter,15.3,3.3,1,5,3,2,0,0,40,31
22,Clinic,Urban,B+,4,1,Winter,16.8,7.4,10,11,2,5,0,0,39,43
12,General,Urban,B+,5,11,Summer,32.6,0.8,3,11,8,3,1,0,137,44
23,General,Semi-Urban,O+,2,1,Winter,16.2,4.4,1,10,8,4,0,0,112,46
5,General,Urban,O+,6,5,Summer,34.8,21.5,6,10,9,4,0,0,119,53
11,General,Semi-Urban,B+,2,10,Summer,40.7,25.4,7,8,11,9,0,0,111,57
4,Clinic,Urban,A+,6,9,Monsoon,31.0,21.0,3,11,3,0,0,0,37,41
20,General,Urban,B+,1,4,Summer,39.8,2.5,9,10,6,3,1,0,121,52
18,Trauma,Semi-Urban,B+,4,11,Summer,32.3,7.0,3,6,10,6,0,0,243,52
21,General,Urban,B+,5,2,Winter,23.0,5.5,5,11,8,3,0,0,120,47
20,General,Urban,A+,2,9,Monsoon,27.7,162.1,20,15,9,4,0,0,112,73
8,Clinic,Rural,AB+,5,7,Monsoon,30.0,17.4,9,14,5,9,0,1,45,58
2,Trauma,Semi-Urban,B-,5,3,Summer,35.4,13.9,0,7,14,2,0,0,228,55
24,Trauma,Rural,A+,5,12,Winter,17.0,6.4,6,10,14,5,0,0,220,56
13,Clinic,Rural,B-,3,10,Summer,36.2,8.3,6,9,2,2,0,0,38,38
3,Clinic,Urban,A+,6,1,Winter,19.5,4.2,4,7,4,1,0,0,45,35
24,Trauma,Rural,B+,6,2,Winter,12.7,1.1,5,9,9,1,0,0,226,50
25,General,Semi-Urban,O+,3,1,Winter,17.6,5.1,8,7,5,7,0,0,124,47
12,General,Urban,O+,6,5,Summer,36.6,10.1,0,9,5,0,0,0,132,46
20,General,Urban,B-,7,6,Monsoon,27.8,67.6,1,11,8,3,0,0,132,54
1,Trauma,Rural,B+,6,9,Monsoon,28.4,101.7,13,18,16,5,0,0,226,80
3,Clinic,Urban,O+,6,9,Monsoon,24.7,14.7,3,14,2,1,0,0,28,42
7,Trauma,Urban,O+,6,1,Winter,18.8,2.1,4,14,9,1,0,0,240,55
17,Trauma,Semi-Urban,O+,6,6,Monsoon,26.7,156.3,8,11,14,1,0,0,238,65
4,Clinic,Urban,A+,3,10,Summer,33.4,2.1,4,8,4,0,1,1,66,32
1,Trauma,Rural,B+,6,11,Summer,32.0,2.4,4,20,17,2,0,0,248,69
17,Trauma,Semi-Urban,AB+,2,4,Summer,36.7,7.9,0,4,16,5,0,0,209,56
20,General,Urban,O+,3,1,Winter,19.0,3.3,2,8,4,4,0,0,128,43
19,Clinic,Rural,B+,7,2,Winter,18.7,3.9,6,8,4,2,0,0,42,29
20,General,Urban,B+,2,5,Summer,40.2,38.0,6,10,8,7,0,0,137,53
21,General,Urban,B+,6,6,Monsoon,28.4,100.1,12,21,11,2,0,0,129,75
16,General,Semi-Urban,O+,3,5,Summer,37.6,15.5,6,5,8,7,0,0,117,49
13,Clinic,Rural,B+,2,2,Winter,18.8,7.3,3,7,0,4,0,0,41,31
22,Clinic,Urban,B+,1,5,Summer,32.9,5.6,2,4,4,2,0,1,53,35
9,General,Urban,B+,4,4,Summer,30.8,15.9,6,15,5,12,0,1,131,58
3,Clinic,Urban,A+,4,6,Monsoon,27.7,133.6,3,12,5,3,0,0,44,45
19,Clinic,Rural,B+,4,1,Winter,10.0,4.9,9,6,3,3,0,0,42,31
7,Trauma,Urban,AB+,1,10,Summer,34.8,13.7,4,9,9,5,0,0,241,55
25,General,Semi-Urban,O+,2,6,Monsoon,27.9,92.7,5,16,3,4,0,1,144,56
11,General,Semi-Urban,O+,1,4,Summer,33.3,4.4,4,8,11,4,0,0,124,51
22,Clinic,Urban,B+,3,11,Summer,33.7,8.6,2,10,3,2,0,0,32,39
2,Trauma,Semi-Urban,A+,7,9,Monsoon,23.2,220.0,8,22,12,5,0,0,205,78
17,Trauma,Semi-Urban,A+,2,2,Winter,22.2,2.0,5,5,6,6,0,0,244,48
12,General,Urban,B+,5,2,Winter,17.0,3.4,5,8,6,4,0,0,129,43
12,General,Urban,B+,1,1,Winter,15.1,3.3,4,4,10,6,0,0,129,45
7,Trauma,Urban,O+,4,7,Monsoon,28.6,112.6,11,11,13,4,0,0,223,68
25,General,Semi-Urban,B+,7,5,Summer,34.3,11.3,6,6,8,3,0,0,118,47
10,General,Urban,B+,3,5,Summer,32.9,9.9,2,12,8,5,0,0,129,51
22,Clinic,Urban,O+,2,7,Monsoon,25.6,152.9,3,11,1,2,0,0,37,42
11,General,Semi-Urban,B+,4,7,Monsoon,27.0,100.0,5,13,6,3,0,0,103,56
2,Trauma,Semi-Urban,A+,2,1,Winter,22.0,3.7,3,9,11,5,0,1,268,59
22,Clinic,Urban,AB+,7,2,Winter,19.4,2.1,5,9,3,1,0,0,32,36
5,General,Urban,B+,6,10,Summer,33.9,8.8,6,12,11,3,1,0,116,52
7,Trauma,Urban,O+,5,12,Winter,20.6,4.1,2,7,13,7,0,0,211,55
22,Clinic,Urban,B+,5,11,Summer,34.1,23.4,5,7,3,3,0,0,41,37
23,General,Semi-Urban,AB+,5,11,Summer,35.2,29.0,8,3,10,5,0,1,153,50
23,General,Semi-Urban,AB+,6,6,Monsoon,27.5,108.9,6,10,8,5,0,0,123,53
11,General,Semi-Urban,O-,4,10,Summer,35.8,42.6,5,8,4,7,0,0,132,49
19,Clinic,Rural,AB+,7,11,Summer,32.7,9.5,10,15,4,1,0,0,27,43
9,General,Urban,B+,3,11,Summer,30.6,9.4,2,7,6,5,0,0,126,46
19,Clinic,Rural,A+,1,2,Winter,20.7,7.6,6,6,3,2,0,0,35,36
13,Clinic,Rural,A+,5,2,Winter,22.5,3.8,3,7,4,6,0,0,36,30
2,Trauma,Semi-Urban,A+,5,5,Summer,30.7,7.7,5,3,13,4,0,0,242,54
11,General,Semi-Urban,O-,7,7,Monsoon,27.5,84.5,13,16,8,3,0,0,108,66
12,General,Urban,AB-,3,12,Winter,16.7,1.4,3,8,12,8,0,0,127,54
7,Trauma,Urban,AB+,3,4,Summer,36.7,10.4,7,5,11,3,0,0,227,54
10,General,Urban,B+,4,10,Summer,34.7,4.4,6,9,9,5,0,0,123,52
13,Clinic,Rural,B+,3,11,Summer,42.0,5.0,2,8,3,1,0,0,29,41
2,Trauma,Semi-Urban,AB+,6,12,Winter,17.1,4.1,7,10,9,1,0,0,206,49
4,Clinic,Urban,A+,3,3,Summer,38.6,1.2,5,6,2,5,0,0,37,38
20,General,Urban,A+,6,3,Summer,38.9,4.5,7,11,7,5,0,0,113,57
9,General,Urban,O+,3,3,Summer,35.6,6.2,4,8,6,8,0,1,140,50
16,General,Semi-Urban,O+,2,9,Monsoon,27.1,62.8,7,14,5,6,0,0,126,61
15,Trauma,Urban,A+,7,9,Monsoon,27.3,126.2,16,14,8,1,0,0,213,73
14,Trauma,Urban,O-,4,5,Summer,34.0,8.3,8,13,11,5,0,0,245,60
11,General,Semi-Urban,A+,5,2,Winter,21.4,8.9,4,1,6,4,0,0,132,38
13,Clinic,Rural,B+,5,7,Monsoon,24.4,51.7,2,11,4,4,0,0,38,43
21,General,Urban,A+,3,9,Monsoon,26.5,11.3,4,5,4,10,0,0,114,52
25,General,Semi-Urban,O+,7,6,Monsoon,26.2,36.3,4,17,7,4,0,0,112,57
7,Trauma,Urban,B+,3,4,Summer,28.8,14.2,5,8,9,5,0,0,223,55
17,Trauma,Semi-Urban,O+,7,8,Monsoon,29.6,37.6,2,13,21,3,0,0,211,71
25,General,Semi-Urban,O+,4,8,Monsoon,30.2,50.6,8,5,8,9,0,1,153,54
1,Trauma,Rural,A+,1,8,Monsoon,25.1,183.5,9,10,11,4,0,0,226,64
20,General,Urban,A+,1,11,Summer,37.1,32.2,3,16,12,7,0,1,130,65
13,Clinic,Rural,AB+,7,4,Summer,29.2,3.2,5,5,3,3,0,0,40,31
25,General,Semi-Urban,O+,4,8,Monsoon,27.1,71.5,4,6,7,8,0,1,148,51
15,Trauma,Urban,O+,3,11,Summer,33.6,13.9,5,15,15,2,0,1,251,68
21,General,Urban,B+,6,3,Summer,34.3,22.6,6,13,10,4,0,0,113,55
5,General,Urban,AB+,5,4,Summer,34.2,8.2,3,7,8,4,0,0,131,47
4,Clinic,Urban,B+,5,1,Winter,17.8,4.0,3,11,4,2,0,0,30,39
24,Trauma,Rural,B+,5,5,Summer,32.8,25.4,3,9,12,10,0,0,222,59
14,Trauma,Urban,B+,2,1,Winter,17.7,3.4,8,7,11,3,0,0,234,55
14,Trauma,Urban,AB+,1,9,Monsoon,31.1,5.5,3,8,14,2,0,0,235,61
5,General,Urban,B+,6,2,Winter,16.3,2.8,8,6,9,3,0,0,131,40
6,General,Urban,B+,1,9,Monsoon,33.8,43.7,7,12,4,11,0,1,146,56
21,General,Urban,B-,6,7,Monsoon,25.1,46.3,8,8,8,3,0,0,117,53
8,Clinic,Rural,B+,1,12,Winter,18.7,1.9,3,15,7,5,0,1,52,43
15,Trauma,Urban,O+,2,5,Summer,35.7,1.1,5,7,12,5,0,0,254,56
8,Clinic,Rural,AB+,5,5,Summer,33.1,30.7,5,9,4,4,0,0,36,34
7,Trauma,Urban,AB+,5,3,Summer,38.1,23.6,1,10,14,4,0,0,235,63
5,General,Urban,B+,6,7,Monsoon,28.6,232.1,5,27,8,0,0,0,111,72
24,Trauma,Rural,B+,5,3,Summer,33.4,44.8,1,6,9,0,0,0,252,48
24,Trauma,Rural,AB+,1,2,Winter,22.1,3.9,6,7,8,3,0,0,203,43
3,Clinic,Urban,A+,6,12,Winter,15.0,2.2,2,13,6,1,1,0,41,39
9,General,Urban,O-,2,9,Monsoon,25.3,116.2,16,9,5,7,0,0,125,65
15,Trauma,Urban,A+,1,2,Winter,19.7,4.8,6,7,13,5,0,0,223,56
10,General,Urban,B+,7,8,Monsoon,29.4,55.8,3,11,8,5,0,0,107,56
19,Clinic,Rural,A+,2,4,Summer,35.0,7.4,6,5,2,1,1,0,43,26
7,Trauma,Urban,O+,4,3,Summer,33.6,10.9,6,9,14,5,0,0,222,66
2,Trauma,Semi-Urban,B+,4,6,Monsoon,26.2,51.4,4,14,8,3,0,0,231,60
9,General,Urban,B-,6,10,Summer,37.4,17.1,3,10,7,6,0,1,144,50
15,Trauma,Urban,A+,1,1,Winter,18.7,1.1,1,4,15,2,0,0,223,57
5,General,Urban,O+,1,5,Summer,31.4,19.9,5,7,7,7,0,0,126,48
21,General,Urban,B+,3,12,Winter,15.2,8.1,5,11,3,12,0,0,122,54
1,Trauma,Rural,A+,4,5,Summer,38.5,32.5,3,4,9,1,1,0,246,42
2,Trauma,Semi-Urban,O+,6,2,Winter,15.8,14.1,5,12,18,3,0,1,262,63
13,Clinic,Rural,O+,5,6,Monsoon,27.8,121.9,10,19,5,1,0,0,30,57
13,Clinic,Rural,AB+,2,9,Monsoon,31.1,25.2,1,3,4,2,0,0,34,31
8,Clinic,Rural,B+,7,12,Winter,19.6,3.6,2,12,4,1,0,0,27,40
7,Trauma,Urban,B+,4,8,Monsoon,24.7,288.1,21,22,14,4,0,0,223,91
2,Trauma,Semi-Urban,A+,7,1,Winter,15.0,9.1,6,11,16,3,0,0,248,62
17,Trauma,Semi-Urban,B+,7,10,Summer,39.6,9.3,7,14,7,1,0,0,243,53
10,General,Urban,B+,1,10,Summer,30.9,1.6,1,7,5,8,0,0,107,49
3,Clinic,Urban,B+,4,8,Monsoon,25.3,117.6,2,9,1,6,0,1,57,42
10,General,Urban,A+,3,11,Summer,35.1,3.0,3,9,7,4,0,0,117,51
24,Trauma,Rural,B+,4,10,Summer,33.3,16.3,3,12,16,2,0,0,228,60
7,Trauma,Urban,B+,3,3,Summer,35.7,17.8,5,10,11,4,0,0,231,57
23,General,Semi-Urban,B+,4,6,Monsoon,22.6,211.8,3,19,7,5,0,0,120,60
7,Trauma,Urban,B+,4,7,Monsoon,26.4,14.7,1,5,6,4,0,0,244,46
5,General,Urban,O+,2,6,Monsoon,29.0,158.6,4,13,5,2,1,0,129,48
7,Trauma,Urban,B+,3,8,Monsoon,29.0,79.6,3,12,14,5,0,0,241,71
9,General,Urban,O+,2,9,Monsoon,25.3,248.8,9,19,6,5,0,0,115,68
4,Clinic,Urban,A+,6,2,Winter,14.9,6.2,10,11,6,3,0,0,33,44
15,Trauma,Urban,A+,5,7,Monsoon,27.6,96.9,3,10,11,3,0,0,232,58
9,General,Urban,O+,3,1,Winter,14.1,1.6,4,8,7,5,0,0,125,50
18,Trauma,Semi-Urban,B+,3,7,Monsoon,30.9,85.7,5,13,12,3,0,0,253,61
13,Clinic,Rural,B+,1,6,Monsoon,27.5,184.9,21,15,4,2,0,0,27,60
12,General,Urban,B+,3,3,Summer,31.9,12.0,3,4,11,10,0,0,128,49
12,General,Urban,A+,7,12,Winter,14.8,3.3,4,15,9,4,0,0,122,55
4,Clinic,Urban,O+,1,4,Summer,32.1,12.2,8,13,4,5,0,0,32,42
18,Trauma,Semi-Urban,B+,2,1,Winter,13.3,2.2,6,5,18,2,0,0,231,61
3,Clinic,Urban,O+,6,5,Summer,35.5,5.1,7,14,3,4,0,0,39,45
19,Clinic,Rural,AB-,4,10,Summer,31.6,5.9,5,10,4,1,1,0,35,33
25,General,Semi-Urban,B+,1,1,Winter,19.2,3.7,10,7,2,10,0,0,117,46
20,General,Urban,O-,4,6,Monsoon,28.6,163.7,4,19,2,4,0,0,122,60
12,General,Urban,A+,6,6,Monsoon,29.9,102.6,5,12,11,1,0,0,114,58
8,Clinic,Rural,O+,3,11,Summer,34.8,27.1,5,12,4,5,0,0,35,47
22,Clinic,Urban,B+,3,1,Winter,21.4,9.2,3,7,6,3,0,0,37,40
7,Trauma,Urban,B+,5,1,Winter,22.2,12.6,0,9,17,5,0,1,250,61
13,Clinic,Rural,B+,5,7,Monsoon,27.8,283.2,7,12,2,2,0,0,44,46
20,General,Urban,A+,7,3,Summer,35.0,3.4,6,10,5,2,0,1,147,41
24,Trauma,Rural,B+,2,9,Monsoon,25.3,131.5,14,11,15,3,0,0,202,79
24,Trauma,Rural,O+,2,4,Summer,31.0,8.7,17,8,14,4,0,0,243,64
3,Clinic,Urban,AB+,2,7,Monsoon,30.8,45.8,2,7,4,3,0,0,36,42
23,General,Semi-Urban,B+,5,1,Winter,19.8,3.0,3,9,3,8,0,0,118,44
3,Clinic,Urban,O+,4,9,Monsoon,29.1,237.1,13,22,6,3,0,0,22,60
15,Trauma,Urban,B+,3,7,Monsoon,25.2,185.5,9,15,19,5,0,0,236,85
24,Trauma,Rural,B+,5,1,Winter,22.9,3.7,3,5,8,3,0,0,213,47
17,Trauma,Semi-Urban,O+,3,4,Summer,33.3,20.9,11,7,12,9,0,0,233,62
24,Trauma,Rural,O+,2,1,Winter,15.6,4.8,1,11,9,2,0,0,244,52
9,General,Urban,B-,4,1,Winter,16.3,3.0,0,6,9,7,0,0,130,44
8,Clinic,Rural,A+,4,9,Monsoon,31.7,51.2,4,10,3,3,0,0,27,46
9,General,Urban,O+,3,6,Monsoon,23.7,85.6,13,11,10,10,0,1,150,74
9,General,Urban,O+,4,10,Summer,31.7,21.9,7,7,3,5,0,1,147,46
18,Trauma,Semi-Urban,A+,7,4,Summer,42.0,37.4,4,14,15,3,0,0,226,69
12,General,Urban,O+,2,9,Monsoon,29.8,132.5,8,10,8,4,0,1,130,54
19,Clinic,Rural,AB+,2,8,Monsoon,24.8,59.2,6,5,3,2,0,0,25,43
11,General,Semi-Urban,O+,4,8,Monsoon,23.8,40.7,4,6,6,5,0,0,112,44
8,Clinic,Rural,O+,1,10,Summer,29.0,16.5,4,9,4,0,0,0,42,33
5,General,Urban,O+,2,9,Monsoon,27.3,15.3,4,9,3,7,0,0,123,50
14,Trauma,Urban,A+,4,9,Monsoon,29.2,320.0,18,21,17,4,0,0,221,93
23,General,Semi-Urban,A+,4,9,Monsoon,31.6,130.7,9,15,5,8,0,0,113,65
22,Clinic,Urban,A+,5,6,Monsoon,21.3,210.6,19,14,1,3,0,0,23,58
7,Trauma,Urban,B+,1,9,Monsoon,23.0,177.8,7,15,13,7,0,0,221,73
12,General,Urban,AB+,6,11,Summer,33.6,18.4,3,8,7,7,0,0,123,46
18,Trauma,Semi-Urban,B+,4,9,Monsoon,35.4,123.5,10,6,12,6,0,0,224,68
16,General,Semi-Urban,B+,2,8,Monsoon,29.7,158.8,6,19,11,5,0,0,115,67
2,Trauma,Semi-Urban,O+,3,1,Winter,19.1,2.8,11,8,16,5,0,0,232,63
15,Trauma,Urban,O+,2,6,Monsoon,23.3,95.1,3,15,11,3,0,1,246,67
1,Trauma,Rural,O+,4,1,Winter,11.6,6.8,5,9,17,4,0,1,247,62
3,Clinic,Urban,B-,4,2,Winter,18.1,1.0,1,9,4,2,0,0,33,32
17,Trauma,Semi-Urban,B+,4,5,Summer,33.7,13.0,6,7,11,6,0,0,236,59
3,Clinic,Urban,B+,4,6,Monsoon,26.2,84.7,6,9,2,2,0,0,41,37
9,General,Urban,O+,7,7,Monsoon,25.9,14.2,1,10,6,5,0,0,127,45
15,Trauma,Urban,A+,7,11,Summer,31.8,19.7,6,11,7,1,0,0,236,54
17,Trauma,Semi-Urban,B+,4,10,Summer,31.1,15.3,2,6,9,1,0,0,216,52
12,General,Urban,B+,7,6,Monsoon,31.2,92.6,8,19,6,4,0,0,127,66
3,Clinic,Urban,B-,6,5,Summer,31.3,27.0,7,16,7,2,0,0,34,52
20,General,Urban,A+,6,9,Monsoon,26.2,166.8,11,19,12,3,0,0,109,75
24,Trauma,Rural,O+,2,4,Summer,33.9,25.3,8,7,7,2,0,0,236,47
23,General,Semi-Urban,B+,4,11,Summer,36.1,11.9,5,12,10,6,0,1,133,51
19,Clinic,Rural,O+,3,10,Summer,31.4,9.4,1,8,3,0,0,0,34,32
11,General,Semi-Urban,A-,1,9,Monsoon,29.9,106.9,7,14,7,5,0,0,116,60
22,Clinic,Urban,A+,1,3,Summer,32.3,18.2,9,14,3,1,1,0,36,42
13,Clinic,Rural,O+,5,8,Monsoon,26.5,150.5,10,12,2,6,0,0,37,49
4,Clinic,Urban,O+,3,10,Summer,38.9,6.1,4,9,3,7,0,0,29,45
22,Clinic,Urban,O+,6,1,Winter,15.1,5.0,10,10,0,3,0,0,44,37
9,General,Urban,A+,5,3,Summer,36.2,29.2,3,10,7,5,0,0,127,48
24,Trauma,Rural,A+,1,7,Monsoon,30.0,50.8,5,16,19,6,0,0,235,77
10,General,Urban,B+,6,5,Summer,34.9,1.6,8,5,2,4,0,0,135,39
22,Clinic,Urban,O+,4,9,Monsoon,26.6,6.6,5,5,3,4,0,0,34,42
14,Trauma,Urban,A+,4,5,Summer,40.4,9.3,4,5,10,2,0,0,240,53
12,General,Urban,A+,7,12,Winter,18.0,1.5,7,11,5,4,0,0,120,46
8,Clinic,Rural,AB+,5,4,Summer,34.6,19.1,4,8,2,1,0,1,57,34
21,General,Urban,O-,1,5,Summer,33.0,16.9,3,11,3,3,0,1,142,40
2,Trauma,Semi-Urban,O-,2,1,Winter,18.5,0.6,2,6,8,1,0,0,219,43
12,General,Urban,A+,3,3,Summer,36.9,28.3,7,10,6,12,0,0,126,58
10,General,Urban,B+,1,3,Summer,33.2,7.4,1,9,1,5,0,0,113,41
14,Trauma,Urban,O+,2,10,Summer,27.7,5.8,2,3,10,4,0,0,202,50
7,Trauma,Urban,B+,6,5,Summer,35.5,16.2,0,9,11,1,0,0,227,50
17,Trauma,Semi-Urban,A+,1,3,Summer,30.8,8.7,0,9,18,4,0,0,229,65
10,General,Urban,B+,2,4,Summer,36.2,15.2,5,13,8,10,0,0,128,58
5,General,Urban,O+,4,7,Monsoon,27.0,82.5,8,12,9,4,0,0,132,60
5,General,Urban,B+,1,10,Summer,36.8,30.5,5,6,10,9,0,0,119,50
18,Trauma,Semi-Urban,B+,2,12,Winter,15.2,4.4,5,4,11,7,0,0,234,53
7,Trauma,Urban,B+,7,1,Winter,16.4,3.0,0,8,12,2,0,1,247,55
8,Clinic,Rural,O+,5,11,Summer,33.0,12.6,1,7,5,3,0,0,30,32
16,General,Semi-Urban,AB+,7,5,Summer,29.6,26.2,4,7,9,5,0,0,128,48
9,General,Urban,B+,3,10,Summer,37.3,6.2,4,7,7,2,1,0,132,39
10,General,Urban,A+,5,1,Winter,13.1,5.7,1,4,3,6,0,0,124,38
7,Trauma,Urban,O+,2,8,Monsoon,30.3,94.1,7,12,15,5,0,0,227,70
9,General,Urban,B+,3,12,Winter,19.3,3.9,6,7,9,9,0,0,113,51
18,Trauma,Semi-Urban,O+,2,1,Winter,17.4,1.5,0,12,15,2,0,0,238,59
14,Trauma,Urban,O+,6,10,Summer,35.0,9.4,2,18,19,1,0,1,249,76
25,General,Semi-Urban,O+,2,2,Winter,19.0,2.3,3,9,9,8,0,0,134,53
20,General,Urban,O+,2,12,Winter,16.8,3.7,6,16,14,4,0,0,121,58
1,Trauma,Rural,A+,4,9,Monsoon,27.9,27.9,12,9,9,0,0,0,217,62
10,General,Urban,A+,4,11,Summer,36.2,1.4,5,10,10,3,1,0,123,47
8,Clinic,Rural,A+,3,11,Summer,31.2,8.7,7,6,3,4,0,1,68,37
15,Trauma,Urban,AB-,3,4,Summer,35.0,26.6,9,8,15,3,0,0,211,59
7,Trauma,Urban,B+,3,5,Summer,26.1,18.6,4,8,8,6,0,0,228,55
25,General,Semi-Urban,O+,7,9,Monsoon,21.2,86.8,1,23,8,2,0,0,121,60
8,Clinic,Rural,O-,5,3,Summer,35.7,5.5,4,7,2,0,0,0,36,34
14,Trauma,Urban,O+,7,4,Summer,32.7,0.6,4,18,8,5,0,1,266,62
4,Clinic,Urban,B-,7,2,Winter,15.4,2.1,3,16,4,1,0,0,33,42
23,General,Semi-Urban,A+,5,11,Summer,33.8,10.8,7,4,6,5,0,0,126,42
23,General,Semi-Urban,AB+,6,3,Summer,32.8,4.5,2,10,4,3,0,0,123,43
20,General,Urban,B+,1,5,Summer,31.0,17.6,7,12,8,5,0,0,118,51
9,General,Urban,O+,7,6,Monsoon,22.1,121.8,4,15,9,6,0,1,127,62
2,Trauma,Semi-Urban,A+,4,5,Summer,28.1,8.6,4,8,8,6,0,0,226,50
18,Trauma,Semi-Urban,B+,5,10,Summer,36.2,11.3,4,7,12,2,0,1,266,49
11,General,Semi-Urban,O+,2,11,Summer,32.7,11.1,15,11,5,4,0,0,113,49
25,General,Semi-Urban,B+,1,7,Monsoon,29.9,116.1,19,12,7,5,0,0,126,61
18,Trauma,Semi-Urban,O+,7,11,Summer,32.7,6.0,2,12,6,2,0,0,254,51
14,Trauma,Urban,A+,4,2,Winter,19.1,16.6,9,7,14,3,0,0,216,60
25,General,Semi-Urban,B+,1,12,Winter,17.6,1.0,2,11,6,8,0,0,128,51
21,General,Urban,B+,5,2,Winter,18.1,1.7,6,6,7,11,0,0,130,49
12,General,Urban,A+,1,1,Winter,18.3,4.2,2,6,3,4,0,0,131,38
1,Trauma,Rural,O+,4,1,Winter,16.7,10.8,10,10,13,0,0,0,216,52
3,Clinic,Urban,A+,5,3,Summer,30.3,8.0,5,5,1,6,0,1,59,37
12,General,Urban,A+,6,11,Summer,36.3,5.3,8,13,4,2,0,0,115,49
15,Trauma,Urban,B+,4,4,Summer,38.8,10.0,4,4,12,7,0,0,209,62
1,Trauma,Rural,A+,3,10,Summer,39.0,20.3,3,10,15,3,0,0,219,57
4,Clinic,Urban,A+,6,6,Monsoon,25.3,147.0,2,12,3,3,0,0,40,43
18,Trauma,Semi-Urban,A+,2,2,Winter,15.8,5.3,3,8,15,7,0,0,229,63
19,Clinic,Rural,B+,1,6,Monsoon,25.3,275.8,21,19,6,2,0,0,20,60
1,Trauma,Rural,A+,2,3,Summer,33.5,21.1,1,9,11,3,0,0,243,55
13,Clinic,Rural,A+,6,4,Summer,33.8,24.2,7,13,1,0,0,0,38,32
3,Clinic,Urban,AB+,4,7,Monsoon,24.0,179.0,9,13,5,4,0,0,42,54
19,Clinic,Rural,A+,1,10,Summer,29.6,4.7,6,7,8,5,0,0,35,38
21,General,Urban,AB+,2,8,Monsoon,27.1,79.5,5,11,7,8,0,0,116,60
22,Clinic,Urban,O+,1,3,Summer,23.4,6.2,2,7,3,2,0,0,31,35
15,Trauma,Urban,O+,6,9,Monsoon,26.7,49.8,8,15,15,4,0,0,196,79
16,General,Semi-Urban,B-,4,9,Monsoon,24.2,67.5,6,11,4,14,0,1,150,66
24,Trauma,Rural,B+,1,3,Summer,36.3,16.1,5,8,10,9,0,0,215,62
16,General,Semi-Urban,O+,2,11,Summer,37.1,36.5,2,5,8,7,0,0,127,44
12,General,Urban,O+,5,11,Summer,37.2,19.7,5,12,9,4,0,0,121,54
19,Clinic,Rural,A+,5,8,Monsoon,26.0,121.4,15,6,4,5,0,0,36,48
15,Trauma,Urban,A+,6,4,Summer,30.6,9.4,2,11,15,3,0,1,256,64
22,Clinic,Urban,B+,1,5,Summer,31.6,39.1,6,12,5,2,0,0,37,38
14,Trauma,Urban,O+,1,6,Monsoon,27.9,25.8,4,9,9,2,0,0,210,58
22,Clinic,Urban,B+,1,3,Summer,29.1,21.5,6,7,7,1,0,0,40,34
2,Trauma,Semi-Urban,B+,3,4,Summer,38.2,1.6,3,12,7,1,0,0,235,54
1,Trauma,Rural,B+,6,2,Winter,17.0,4.0,2,10,9,4,0,0,215,54
3,Clinic,Urban,B+,5,2,Winter,19.5,7.4,4,9,3,2,0,0,49,36
14,Trauma,Urban,O-,2,9,Monsoon,21.7,91.1,6,10,11,5,0,0,223,63
18,Trauma,Semi-Urban,B+,5,2,Winter,15.2,8.9,5,7,10,4,0,0,215,54
6,General,Urban,O+,5,6,Monsoon,21.3,41.3,2,15,6,8,0,0,125,56
4,Clinic,Urban,B+,2,6,Monsoon,30.1,5.4,5,7,4,4,0,0,37,46
22,Clinic,Urban,A+,6,1,Winter,17.5,1.0,5,14,5,2,0,0,39,38
19,Clinic,Rural,A+,3,10,Summer,35.7,9.6,5,9,5,3,0,0,39,37
17,Trauma,Semi-Urban,O+,1,12,Winter,18.2,4.6,3,8,12,4,0,0,231,58
13,Clinic,Rural,O+,3,8,Monsoon,28.4,53.5,7,11,4,1,0,0,27,47
11,General,Semi-Urban,O+,6,9,Monsoon,26.0,99.4,5,12,7,4,0,0,123,54
1,Trauma,Rural,A+,5,3,Summer,33.4,18.7,8,8,9,4,0,0,243,49
5,General,Urban,B-,2,11,Summer,33.7,5.8,1,6,3,6,0,0,124,47
23,General,Semi-Urban,A+,6,10,Summer,35.2,6.0,3,5,5,1,0,0,130,37
9,General,Urban,B+,3,6,Monsoon,28.3,22.6,9,8,8,5,0,0,121,57
18,Trauma,Semi-Urban,O+,4,9,Monsoon,35.4,213.2,13,14,16,2,0,0,220,78
18,Trauma,Semi-Urban,AB+,1,12,Winter,23.0,9.0,10,13,16,10,0,1,227,71
8,Clinic,Rural,O+,7,8,Monsoon,21.7,98.6,6,22,4,1,0,0,39,54
6,General,Urban,O+,6,3,Summer,33.6,3.9,3,7,9,7,0,0,132,50
18,Trauma,Semi-Urban,A+,2,4,Summer,32.8,35.3,5,13,15,5,0,0,230,70
3,Clinic,Urban,A+,4,3,Summer,37.8,6.0,5,8,4,0,1,0,40,31
13,Clinic,Rural,A+,6,4,Summer,33.1,3.0,3,13,4,1,0,0,38,37
23,General,Semi-Urban,O+,4,11,Summer,35.4,5.8,3,13,11,3,0,0,120,56
18,Trauma,Semi-Urban,O+,2,3,Summer,27.0,5.2,3,11,15,1,0,0,226,57
20,General,Urban,O+,7,11,Summer,29.5,4.1,4,14,13,6,0,0,140,60
3,Clinic,Urban,A+,2,4,Summer,40.3,7.1,3,6,4,1,0,0,40,40
5,General,Urban,O+,3,6,Monsoon,27.2,93.0,14,14,4,5,0,0,114,65
7,Trauma,Urban,B+,3,7,Monsoon,24.0,148.9,1,15,13,3,0,1,259,70
8,Clinic,Rural,B-,7,2,Winter,18.7,2.9,7,10,5,0,0,0,32,32
5,General,Urban,A-,4,3,Summer,30.8,10.2,2,7,7,7,0,1,153,51
25,General,Semi-Urban,B-,6,4,Summer,33.1,10.0,7,12,9,6,0,1,136,53
5,General,Urban,O+,7,1,Winter,13.6,0.9,6,10,6,2,0,0,123,41
18,Trauma,Semi-Urban,O+,7,10,Summer,31.6,20.9,1,9,9,7,0,0,246,58
15,Trauma,Urban,O+,6,7,Monsoon,25.8,181.2,10,18,12,4,0,0,210,75
16,General,Semi-Urban,AB-,7,11,Summer,37.4,34.2,3,17,6,4,0,1,139,56
6,General,Urban,O+,7,11,Summer,35.4,9.0,1,7,8,4,0,1,147,44
8,Clinic,Rural,O-,7,5,Summer,35.9,32.8,3,9,4,2,0,0,34,35
16,General,Semi-Urban,O+,5,10,Summer,33.9,22.8,1,7,8,5,0,0,122,45
8,Clinic,Rural,B+,1,1,Winter,20.5,1.2,1,7,6,3,0,0,36,36
18,Trauma,Semi-Urban,B+,1,6,Monsoon,24.4,45.0,7,9,17,2,0,0,221,63
1,Trauma,Rural,O+,6,8,Monsoon,24.8,94.5,7,13,11,0,0,0,235,62
2,Trauma,Semi-Urban,B+,3,6,Monsoon,28.2,74.2,12,12,11,4,0,0,229,70
19,Clinic,Rural,B+,6,9,Monsoon,26.2,28.1,8,19,9,3,0,0,26,56
16,General,Semi-Urban,O+,7,11,Summer,34.0,13.1,2,6,4,4,0,0,116,41
2,Trauma,Semi-Urban,A+,5,6,Monsoon,26.5,95.7,10,9,20,3,0,0,233,72
23,General,Semi-Urban,A-,6,4,Summer,37.8,22.7,4,6,6,3,0,0,122,41
1,Trauma,Rural,B-,2,7,Monsoon,30.9,57.1,5,7,10,5,0,0,218,56
24,Trauma,Rural,O+,4,11,Summer,32.1,6.2,4,8,12,3,0,0,234,54
19,Clinic,Rural,B+,7,12,Winter,12.7,0.8,6,13,4,3,0,0,34,38
25,General,Semi-Urban,AB+,6,10,Summer,31.9,15.1,6,11,4,7,0,1,136,51
24,Trauma,Rural,A+,2,3,Summer,31.3,13.7,2,10,15,1,1,0,225,53
8,Clinic,Rural,O+,7,3,Summer,36.5,37.4,4,10,7,1,0,0,34,41
19,Clinic,Rural,A+,4,7,Monsoon,29.8,150.6,7,16,3,0,0,0,32,44
6,General,Urban,O+,6,5,Summer,30.9,7.8,1,10,4,3,0,0,115,44
12,General,Urban,B+,4,8,Monsoon,24.7,89.4,4,13,10,7,0,0,113,63
7,Trauma,Urban,O+,5,12,Winter,13.6,1.0,4,5,13,3,0,0,219,51
13,Clinic,Rural,O+,2,7,Monsoon,27.4,65.0,5,6,3,2,0,0,35,36
22,Clinic,Urban,B+,3,5,Summer,33.9,14.2,2,5,1,5,0,1,52,35
11,General,Semi-Urban,O-,6,11,Summer,36.4,38.6,1,10,6,4,0,0,119,46
3,Clinic,Urban,O+,6,6,Monsoon,28.5,39.0,12,12,3,1,0,0,32,52
9,General,Urban,O+,1,8,Monsoon,28.8,208.7,12,19,7,8,0,0,115,75
20,General,Urban,O+,1,2,Winter,13.4,4.3,3,9,8,1,0,0,125,43
14,Trauma,Urban,B+,5,7,Monsoon,25.1,148.2,7,13,18,2,0,0,229,77
15,Trauma,Urban,A+,4,6,Monsoon,29.8,87.0,15,11,6,3,0,0,234,67
11,General,Semi-Urban,B+,6,2,Winter,16.4,1.9,0,16,8,2,0,0,128,53
8,Clinic,Rural,O+,1,3,Summer,29.1,29.2,7,7,3,2,0,0,41,29
15,Trauma,Urban,B+,3,9,Monsoon,29.4,61.3,9,8,12,8,0,1,245,75
16,General,Semi-Urban,A+,1,3,Summer,32.3,20.4,8,8,6,3,0,0,122,45
23,General,Semi-Urban,B+,5,2,Winter,21.2,1.1,0,6,6,5,0,1,139,40
16,General,Semi-Urban,B+,7,1,Winter,17.9,1.4,7,16,4,6,0,0,129,51
25,General,Semi-Urban,O+,2,1,Winter,17.2,0.5,4,6,6,2,1,0,126,38
21,General,Urban,B-,3,6,Monsoon,31.1,79.9,9,13,11,5,0,1,140,64
2,Trauma,Semi-Urban,B+,6,6,Monsoon,23.1,106.2,3,15,17,1,0,0,207,71
10,General,Urban,A+,1,8,Monsoon,31.3,89.3,12,14,6,2,1,0,119,55
10,General,Urban,O+,7,7,Monsoon,25.1,21.9,5,12,4,6,0,0,110,57
1,Trauma,Rural,O+,7,7,Monsoon,27.5,37.5,3,13,8,2,0,0,232,56
5,General,Urban,B+,2,12,Winter,18.5,6.0,1,10,8,1,1,0,125,47
20,General,Urban,B+,1,3,Summer,32.7,7.6,7,9,6,6,0,0,128,50
9,General,Urban,B-,5,9,Monsoon,24.7,92.6,3,9,5,7,0,0,113,53
4,Clinic,Urban,O-,1,1,Winter,16.9,2.0,4,6,4,1,0,0,40,32
8,Clinic,Rural,B+,4,11,Summer,31.0,19.3,5,14,3,2,0,0,30,39
7,Trauma,Urban,O+,1,5,Summer,39.9,7.2,1,12,10,1,0,0,225,55
5,General,Urban,O+,4,5,Summer,32.6,10.3,3,12,7,5,0,0,127,54
3,Clinic,Urban,A+,3,2,Winter,21.5,7.1,3,8,4,3,0,0,35,35
20,General,Urban,O+,5,7,Monsoon,30.1,90.7,6,11,3,4,0,0,122,49
21,General,Urban,O+,7,5,Summer,35.1,5.5,5,8,4,3,0,0,134,50
13,Clinic,Rural,B+,4,12,Winter,17.6,4.9,3,13,4,3,0,0,41,43
16,General,Semi-Urban,B+,5,3,Summer,34.6,2.7,2,7,6,6,0,0,119,45
23,General,Semi-Urban,B+,5,6,Monsoon,28.7,40.0,6,12,8,6,0,0,117,57
22,Clinic,Urban,A+,7,11,Summer,34.3,3.0,3,8,0,2,0,1,63,33
1,Trauma,Rural,O+,2,10,Summer,29.3,19.6,1,11,15,4,0,0,228,61
24,Trauma,Rural,B+,2,10,Summer,28.5,16.2,11,12,10,6,0,0,220,63
2,Trauma,Semi-Urban,B+,3,7,Monsoon,31.5,127.6,10,17,15,5,0,0,210,75
1,Trauma,Rural,B+,6,11,Summer,26.1,14.4,5,8,10,2,0,0,229,51
11,General,Semi-Urban,B+,7,3,Summer,34.6,28.8,3,17,9,4,0,0,120,60
19,Clinic,Rural,A+,2,10,Summer,33.3,14.1,1,10,4,3,0,0,40,39
3,Clinic,Urban,O+,1,7,Monsoon,27.5,55.7,8,14,2,10,0,0,31,54
8,Clinic,Rural,O+,5,5,Summer,30.6,5.7,6,7,4,2,0,0,42,32
7,Trauma,Urban,A+,5,3,Summer,35.1,14.0,13,7,11,2,0,0,212,58
10,General,Urban,A+,3,7,Monsoon,27.6,187.9,13,11,8,0,1,0,108,56
25,General,Semi-Urban,O+,2,1,Winter,26.3,1.1,5,6,7,7,0,0,126,43
9,General,Urban,B-,6,9,Monsoon,27.4,125.3,15,14,3,1,0,0,116,63
6,General,Urban,AB-,6,3,Summer,38.0,10.3,9,17,5,2,0,0,124,58
4,Clinic,Urban,O+,6,5,Summer,29.5,24.4,12,10,3,1,0,1,62,43
5,General,Urban,O+,5,3,Summer,37.1,2.4,2,7,5,3,0,0,135,43
4,Clinic,Urban,B+,2,6,Monsoon,27.7,255.6,13,22,4,3,0,0,25,60
15,Trauma,Urban,B-,3,5,Summer,34.8,10.2,10,9,15,4,0,1,259,57
11,General,Semi-Urban,B+,1,3,Summer,34.9,1.9,0,5,9,5,0,0,116,44
13,Clinic,Rural,O+,2,11,Summer,39.1,3.6,2,12,4,5,0,0,35,46
21,General,Urban,B+,4,10,Summer,34.8,41.1,2,12,4,6,0,0,114,53
15,Trauma,Urban,O+,4,5,Summer,31.6,17.7,2,10,7,3,0,0,240,53
4,Clinic,Urban,A+,1,1,Winter,16.2,2.7,1,12,3,4,0,0,44,36
10,General,Urban,B-,7,11,Summer,36.5,47.4,8,15,9,4,0,0,118,62
8,Clinic,Rural,O+,2,9,Monsoon,28.3,97.7,20,13,3,3,0,0,28,59
21,General,Urban,B+,4,7,Monsoon,22.4,162.5,10,16,9,4,0,0,126,65
8,Clinic,Rural,O+,4,8,Monsoon,28.5,37.0,4,12,3,0,1,0,31,35
4,Clinic,Urban,O+,4,1,Winter,14.8,2.6,5,6,3,3,0,0,43,36
19,Clinic,Rural,A+,6,6,Monsoon,28.3,96.6,6,14,3,4,0,0,35,48
11,General,Semi-Urban,O+,6,3,Summer,31.6,8.1,4,16,7,2,0,0,108,51
3,Clinic,Urban,O+,7,8,Monsoon,26.2,197.1,21,23,6,1,0,0,32,60
18,Trauma,Semi-Urban,O+,3,12,Winter,16.4,5.0,1,9,15,0,1,0,217,51
6,General,Urban,O-,2,7,Monsoon,31.6,28.1,7,10,4,3,1,0,122,49
22,Clinic,Urban,A+,3,8,Monsoon,28.2,71.3,10,8,7,4,0,0,30,54
21,General,Urban,O+,4,9,Monsoon,30.8,43.8,6,7,4,2,1,0,135,43
10,General,Urban,O+,3,12,Winter,26.7,5.0,5,6,2,2,0,0,124,40
14,Trauma,Urban,O+,4,1,Winter,18.1,2.3,2,7,11,2,0,1,251,48
15,Trauma,Urban,AB-,2,4,Summer,38.5,1.9,7,11,19,3,0,0,220,75
17,Trauma,Semi-Urban,B+,5,4,Summer,31.9,15.6,5,6,13,4,0,0,222,53
2,Trauma,Semi-Urban,A+,5,9,Monsoon,30.8,56.8,4,14,16,4,0,0,240,68
9,General,Urban,AB+,4,6,Monsoon,24.6,216.3,5,17,7,9,0,0,122,62
5,General,Urban,O+,7,10,Summer,33.9,4.2,3,10,6,1,0,0,124,42
18,Trauma,Semi-Urban,A+,7,6,Monsoon,28.6,46.3,6,15,6,3,0,1,263,63
2,Trauma,Semi-Urban,O+,7,12,Winter,20.1,2.7,9,12,9,5,0,1,257,60
13,Clinic,Rural,AB+,1,10,Summer,30.2,16.2,6,6,7,4,0,1,67,43
19,Clinic,Rural,O+,7,1,Winter,15.4,7.1,3,12,5,2,0,0,38,36
24,Trauma,Rural,O+,3,12,Winter,19.8,2.6,4,12,13,3,0,0,222,54
8,Clinic,Rural,O+,4,12,Winter,16.9,4.0,8,8,7,2,0,0,39,40
1,Trauma,Rural,B+,3,1,Winter,13.8,0.7,3,4,22,2,0,0,231,56
19,Clinic,Rural,B+,2,5,Summer,33.8,6.3,3,12,1,4,0,0,40,40
1,Trauma,Rural,AB+,7,12,Winter,17.6,2.4,4,11,17,1,0,0,227,60
2,Trauma,Semi-Urban,A+,5,11,Summer,34.5,9.4,3,7,6,7,0,0,229,48
25,General,Semi-Urban,O+,7,6,Monsoon,28.6,134.4,2,24,15,1,0,0,103,69
22,Clinic,Urban,B+,7,7,Monsoon,28.4,289.8,4,24,6,3,0,0,36,60
18,Trauma,Semi-Urban,B-,3,1,Winter,15.7,1.9,4,8,14,3,0,0,234,53
21,General,Urban,B+,6,7,Monsoon,25.8,124.0,6,17,13,3,0,0,115,66
2,Trauma,Semi-Urban,A+,4,8,Monsoon,29.8,196.4,23,19,13,2,0,0,237,88
3,Clinic,Urban,B+,4,5,Summer,32.4,27.5,4,8,3,3,0,0,39,36
8,Clinic,Rural,B+,6,4,Summer,32.8,5.1,3,11,5,2,0,0,42,36
1,Trauma,Rural,O+,5,10,Summer,29.5,26.4,4,7,16,7,0,0,229,54
23,General,Semi-Urban,B+,7,6,Monsoon,26.9,29.3,9,9,7,2,0,0,132,51
2,Trauma,Semi-Urban,B+,6,4,Summer,35.0,3.7,5,10,16,5,0,0,217,65
14,Trauma,Urban,O+,5,5,Summer,28.1,12.4,5,10,16,6,0,1,256,64
22,Clinic,Urban,B+,7,6,Monsoon,23.8,60.3,6,18,3,1,0,0,27,55
19,Clinic,Rural,O+,1,4,Summer,29.7,33.2,7,12,3,2,0,0,42,40
6,General,Urban,B+,6,7,Monsoon,29.4,14.9,4,6,7,5,0,0,117,53
12,General,Urban,O+,3,11,Summer,28.3,12.5,2,5,10,4,0,0,125,46
14,Trauma,Urban,A+,4,9,Monsoon,26.8,164.5,10,10,12,6,0,0,241,73
20,General,Urban,B-,6,3,Summer,36.2,1.6,9,5,7,2,0,1,129,48
11,General,Semi-Urban,B+,2,6,Monsoon,27.6,63.4,8,12,6,4,0,0,115,55
8,Clinic,Rural,B+,7,7,Monsoon,25.7,161.4,17,17,5,3,0,0,33,60
20,General,Urban,A+,4,9,Monsoon,28.0,83.4,5,11,7,10,0,0,123,58
23,General,Semi-Urban,O+,3,10,Summer,37.1,11.6,9,10,7,7,0,0,124,54
13,Clinic,Rural,O+,3,6,Monsoon,26.7,173.2,28,9,4,1,0,0,24,55
1,Trauma,Rural,AB+,3,4,Summer,27.3,16.6,2,8,15,7,0,0,235,59
13,Clinic,Rural,B+,7,8,Monsoon,30.4,47.3,5,14,4,1,0,0,28,43
23,General,Semi-Urban,B+,1,2,Winter,19.2,10.7,2,10,9,3,0,1,148,49
25,General,Semi-Urban,O+,4,9,Monsoon,26.9,74.1,1,10,2,4,0,0,125,43
11,General,Semi-Urban,O+,6,11,Summer,28.1,3.5,3,9,5,3,0,0,121,42
4,Clinic,Urban,AB+,4,9,Monsoon,26.1,86.6,8,14,3,2,0,0,33,50
15,Trauma,Urban,B+,4,6,Monsoon,24.4,79.2,5,17,17,1,0,0,229,72
21,General,Urban,A+,3,10,Summer,30.4,16.2,5,9,4,7,0,0,122,47
24,Trauma,Rural,B+,1,7,Monsoon,26.6,128.8,8,7,14,2,0,0,220,62
2,Trauma,Semi-Urban,O+,5,7,Monsoon,25.4,21.8,2,8,9,9,0,0,212,61
8,Clinic,Rural,B+,7,11,Summer,32.6,9.5,4,9,2,1,0,0,32,35
12,General,Urban,B+,4,3,Summer,36.2,16.7,7,13,6,7,0,0,118,54
3,Clinic,Urban,A+,4,10,Summer,34.8,11.7,5,11,2,5,0,0,38,49
23,General,Semi-Urban,O+,1,9,Monsoon,25.5,56.2,4,6,9,7,0,0,131,50
3,Clinic,Urban,A+,7,7,Monsoon,25.1,144.1,10,14,2,1,0,0,30,51
17,Trauma,Semi-Urban,A+,7,1,Winter,16.6,5.9,5,20,12,0,0,0,216,63
23,General,Semi-Urban,O+,7,10,Summer,33.3,0.0,2,15,7,2,0,0,113,54
18,Trauma,Semi-Urban,B+,3,3,Summer,35.8,13.9,2,7,12,2,0,0,232,54
20,General,Urban,B-,5,11,Summer,30.9,16.1,4,10,4,10,0,1,138,54
7,Trauma,Urban,A+,4,10,Summer,38.4,9.6,5,4,6,5,0,0,229,56
21,General,Urban,O+,2,5,Summer,35.8,13.0,7,7,8,13,0,0,111,56
11,General,Semi-Urban,B+,2,6,Monsoon,18.8,73.9,4,8,8,9,0,1,152,54
2,Trauma,Semi-Urban,A+,3,1,Winter,18.3,4.5,4,6,12,6,0,0,247,51
10,General,Urban,O+,4,6,Monsoon,30.1,57.4,6,14,5,7,0,0,110,63
9,General,Urban,O+,1,1,Winter,19.2,2.3,1,7,7,5,0,0,118,44
14,Trauma,Urban,B+,5,12,Winter,16.8,2.9,8,8,9,0,0,0,245,52
7,Trauma,Urban,O+,4,8,Monsoon,26.8,113.4,17,11,11,4,0,0,227,70
12,General,Urban,O+,7,3,Summer,34.5,17.5,5,12,3,4,0,1,138,48
11,General,Semi-Urban,B+,2,10,Summer,36.3,30.2,0,12,6,8,0,0,111,56
9,General,Urban,O+,1,1,Winter,13.8,1.1,1,7,11,7,0,0,129,50
18,Trauma,Semi-Urban,B-,3,7,Monsoon,25.2,11.2,12,12,12,2,0,0,205,69
8,Clinic,Rural,O+,7,2,Winter,22.9,5.9,3,13,4,2,0,0,29,36
20,General,Urban,A+,3,1,Winter,18.1,3.5,4,6,7,3,0,0,126,40
7,Trauma,Urban,A+,5,3,Summer,38.6,1.7,11,5,11,2,0,0,249,53
22,Clinic,Urban,O+,6,4,Summer,42.0,10.1,2,16,6,1,0,0,25,52
10,General,Urban,B+,2,9,Monsoon,25.5,172.1,7,18,9,5,0,1,142,64
2,Trauma,Semi-Urban,B+,5,11,Summer,30.4,7.8,8,3,12,5,0,0,235,52
4,Clinic,Urban,A+,2,10,Summer,33.2,13.8,6,8,7,5,0,0,30,44
21,General,Urban,O+,3,9,Monsoon,30.3,47.8,8,14,7,5,0,0,105,59
22,Clinic,Urban,A+,3,7,Monsoon,30.7,34.2,9,8,5,2,0,0,36,47
6,General,Urban,O-,5,5,Summer,40.8,22.2,0,9,7,6,0,0,112,51
16,General,Semi-Urban,AB+,7,4,Summer,33.9,7.0,5,10,4,3,0,0,130,45
15,Trauma,Urban,O+,2,12,Winter,19.5,2.6,4,10,14,1,1,0,241,53
4,Clinic,Urban,B+,3,7,Monsoon,24.9,86.6,6,14,6,6,0,0,33,56
12,General,Urban,AB+,6,7,Monsoon,19.5,47.0,4,14,4,3,0,0,130,53
18,Trauma,Semi-Urban,B+,4,1,Winter,17.9,15.6,7,8,16,6,0,0,224,61
25,General,Semi-Urban,A+,4,6,Monsoon,23.5,141.5,14,15,7,7,0,0,129,70
22,Clinic,Urban,A+,5,9,Monsoon,28.9,25.0,2,10,7,3,0,0,45,49
3,Clinic,Urban,AB+,1,6,Monsoon,21.4,163.8,2,10,9,4,0,0,32,43
6,General,Urban,B+,7,8,Monsoon,24.8,100.7,5,12,4,2,0,0,129,53
11,General,Semi-Urban,AB+,3,10,Summer,34.8,15.4,2,7,1,11,0,1,146,44
4,Clinic,Urban,AB+,5,1,Winter,19.1,3.0,5,4,4,3,0,1,59,29
15,Trauma,Urban,B+,4,11,Summer,33.9,9.1,6,17,8,3,0,0,230,64
1,Trauma,Rural,B+,6,10,Summer,39.6,23.6,7,17,9,3,0,0,227,66
3,Clinic,Urban,AB+,5,6,Monsoon,31.7,33.5,3,7,7,3,0,0,35,41
2,Trauma,Semi-Urban,O+,2,10,Summer,31.9,27.3,5,8,16,3,0,0,217,55
8,Clinic,Rural,A+,2,1,Winter,22.8,3.7,6,9,5,2,0,0,46,38
20,General,Urban,A+,7,4,Summer,39.3,2.9,1,10,7,1,0,0,116,48
5,General,Urban,B+,4,2,Winter,17.6,0.6,1,8,8,10,0,0,126,51
25,General,Semi-Urban,B+,2,8,Monsoon,27.1,48.4,5,9,6,6,0,0,105,56
7,Trauma,Urban,O+,2,11,Summer,33.8,7.4,3,4,10,1,0,0,233,49
2,Trauma,Semi-Urban,B+,1,8,Monsoon,25.1,18.7,5,6,10,6,0,0,213,60
9,General,Urban,A+,7,9,Monsoon,25.4,118.0,17,18,11,8,0,0,109,81
19,Clinic,Rural,A+,7,2,Winter,22.0,5.3,4,10,4,2,0,0,33,33
3,Clinic,Urban,B+,3,12,Winter,19.3,5.1,11,7,9,1,0,0,41,42
2,Trauma,Semi-Urban,O-,2,3,Summer,32.3,21.9,1,12,15,2,0,1,240,56
22,Clinic,Urban,A+,3,7,Monsoon,24.2,58.7,9,14,7,1,0,0,30,51
15,Trauma,Urban,A+,1,9,Monsoon,24.7,106.1,7,11,7,5,0,0,228,64
9,General,Urban,B+,4,11,Summer,33.5,21.8,1,14,5,3,0,0,125,48
19,Clinic,Rural,O+,5,12,Winter,20.7,4.8,7,10,3,1,0,0,38,36
22,Clinic,Urban,A+,7,8,Monsoon,24.4,99.2,4,7,5,1,0,1,45,38
9,General,Urban,B+,3,7,Monsoon,29.7,193.6,16,14,6,5,0,0,120,69
15,Trauma,Urban,B+,2,6,Monsoon,27.6,63.4,8,9,17,1,0,0,227,70
1,Trauma,Rural,B+,1,7,Monsoon,27.4,63.1,13,6,13,4,0,0,229,62
8,Clinic,Rural,B+,3,9,Monsoon,30.1,91.6,5,6,3,1,0,0,38,35
15,Trauma,Urban,O+,5,8,Monsoon,29.5,91.3,7,12,11,4,0,1,240,65
5,General,Urban,A+,1,8,Monsoon,22.8,88.7,4,16,6,13,0,1,139,67
25,General,Semi-Urban,A+,6,6,Monsoon,23.7,20.2,2,7,8,3,0,0,126,45
25,General,Semi-Urban,B+,4,3,Summer,33.3,23.9,1,9,4,6,0,0,127,45
7,Trauma,Urban,O+,6,1,Winter,19.1,4.3,1,8,5,0,0,0,243,45
10,General,Urban,B-,4,6,Monsoon,31.1,5.6,4,6,7,11,0,0,118,52
5,General,Urban,B+,2,5,Summer,34.2,1.5,0,5,5,8,0,0,137,44
13,Clinic,Rural,B+,1,8,Monsoon,32.1,192.4,17,11,6,5,0,0,37,60
4,Clinic,Urban,O+,4,11,Summer,31.9,7.3,3,6,6,2,0,0,43,36
10,General,Urban,O+,4,9,Monsoon,25.4,86.8,5,11,9,5,0,0,125,63
14,Trauma,Urban,O-,6,10,Summer,33.1,4.7,6,8,13,4,0,0,232,62
16,General,Semi-Urban,B+,7,7,Monsoon,24.5,320.0,9,24,12,4,0,0,95,78
15,Trauma,Urban,A+,2,12,Winter,21.5,3.1,5,6,14,6,0,0,237,59
6,General,Urban,B+,3,12,Winter,9.7,2.2,13,7,6,7,0,0,119,54
20,General,Urban,AB+,2,2,Winter,16.5,6.5,5,10,6,3,0,0,121,50
18,Trauma,Semi-Urban,B+,1,8,Monsoon,30.4,30.7,1,18,15,5,0,0,234,73
19,Clinic,Rural,A+,1,7,Monsoon,26.1,172.5,5,16,4,0,1,0,31,43
12,General,Urban,O-,1,12,Winter,21.2,2.8,5,8,10,4,0,0,130,46
23,General,Semi-Urban,O+,4,8,Monsoon,33.6,136.9,8,11,10,6,0,0,110,63
10,General,Urban,B+,2,1,Winter,18.2,4.0,1,7,4,4,0,0,119,37
21,General,Urban,O+,2,3,Summer,37.5,9.3,8,9,8,6,0,0,122,53
6,General,Urban,B+,1,2,Winter,25.3,0.7,2,12,13,10,0,0,107,61
7,Trauma,Urban,O+,6,3,Summer,35.2,12.7,5,7,14,1,0,0,232,52
14,Trauma,Urban,O-,5,2,Winter,17.9,1.6,0,9,14,3,0,0,220,57
14,Trauma,Urban,O+,7,10,Summer,36.7,12.4,1,12,12,1,0,1,252,58
19,Clinic,Rural,B+,1,6,Monsoon,30.6,148.0,7,12,1,4,0,0,35,44
8,Clinic,Rural,A+,2,9,Monsoon,26.9,119.0,7,9,6,1,0,0,34,42
22,Clinic,Urban,A+,4,12,Winter,16.5,0.1,5,9,5,1,0,0,39,36
9,General,Urban,B+,5,8,Monsoon,32.2,63.0,23,14,10,4,0,0,116,75
14,Trauma,Urban,O+,1,6,Monsoon,26.2,49.5,3,7,10,2,0,0,239,60
24,Trauma,Rural,A+,2,4,Summer,37.6,7.4,5,9,12,3,0,0,231,57
14,Trauma,Urban,B-,3,10,Summer,34.8,13.3,0,3,9,8,0,0,227,53
18,Trauma,Semi-Urban,O+,1,7,Monsoon,32.5,57.0,5,12,10,2,1,0,220,61
23,General,Semi-Urban,O+,3,10,Summer,31.5,5.6,5,12,6,7,0,0,111,51
25,General,Semi-Urban,B+,6,1,Winter,15.4,1.0,6,12,4,6,0,0,121,45
13,Clinic,Rural,O+,4,2,Winter,20.6,2.4,3,9,4,1,1,0,36,35
11,General,Semi-Urban,O+,4,2,Winter,14.6,5.7,2,11,7,4,0,0,129,42
5,General,Urban,O+,4,9,Monsoon,27.3,145.4,14,13,6,6,0,0,111,63
14,Trauma,Urban,B+,7,7,Monsoon,31.6,102.0,8,9,9,5,0,0,245,68
23,General,Semi-Urban,B+,4,4,Summer,28.6,1.2,4,7,5,7,0,0,117,47
13,Clinic,Rural,O+,4,4,Summer,35.2,13.3,3,9,3,1,1,0,42,30
9,General,Urban,O+,7,8,Monsoon,30.6,207.6,9,23,7,1,0,0,113,67
3,Clinic,Urban,A+,2,12,Winter,17.9,1.1,3,5,5,2,0,0,40,30
10,General,Urban,O+,1,12,Winter,15.2,2.3,0,10,10,5,0,0,127,47
6,General,Urban,A+,4,6,Monsoon,26.2,141.5,12,10,3,4,0,0,125,57
25,General,Semi-Urban,B+,3,9,Monsoon,24.5,11.9,3,6,4,4,0,0,127,42
14,Trauma,Urban,O+,2,2,Winter,18.2,2.3,0,14,12,6,0,0,234,62
4,Clinic,Urban,AB+,1,12,Winter,17.2,10.0,6,13,7,5,0,0,40,47
2,Trauma,Semi-Urban,B-,7,1,Winter,16.5,9.2,4,12,13,3,0,0,227,61
22,Clinic,Urban,O+,5,5,Summer,35.4,32.4,5,7,4,1,0,0,33,35
24,Trauma,Rural,A+,5,9,Monsoon,31.7,60.3,9,9,14,4,0,0,237,66
20,General,Urban,O+,1,12,Winter,19.0,7.9,4,14,5,8,0,0,114,54
4,Clinic,Urban,A+,3,3,Summer,38.0,13.7,3,12,6,2,0,1,55,43
3,Clinic,Urban,O+,5,8,Monsoon,31.7,40.7,2,2,3,5,0,0,27,38
5,General,Urban,B+,4,3,Summer,32.2,6.9,3,4,6,3,0,0,119,39
19,Clinic,Rural,O+,5,1,Winter,18.8,4.5,1,8,2,0,0,0,37,31
20,General,Urban,A+,5,6,Monsoon,25.7,10.7,2,9,5,7,0,0,108,51
21,General,Urban,O+,3,7,Monsoon,22.6,73.6,6,8,4,7,0,0,118,58
3,Clinic,Urban,B+,6,4,Summer,35.1,12.5,1,13,3,2,0,0,36,39
4,Clinic,Urban,A+,2,12,Winter,14.8,5.2,10,8,9,3,0,0,46,39
23,General,Semi-Urban,O-,1,8,Monsoon,28.5,15.0,1,6,3,6,0,0,119,46
24,Trauma,Rural,A+,7,6,Monsoon,22.3,74.3,8,13,14,6,0,0,234,71
19,Clinic,Rural,AB+,1,6,Monsoon,27.5,153.9,17,15,3,3,0,0,28,57
3,Clinic,Urban,B+,2,6,Monsoon,22.3,280.3,4,20,7,6,0,0,22,59
2,Trauma,Semi-Urban,B+,1,2,Winter,20.0,1.5,3,5,11,3,0,0,216,50
2,Trauma,Semi-Urban,O-,2,8,Monsoon,25.8,190.3,19,18,16,7,0,0,237,88
18,Trauma,Semi-Urban,O+,3,10,Summer,32.5,21.2,5,11,8,4,0,0,238,54
22,Clinic,Urban,O+,1,6,Monsoon,30.4,211.2,13,23,11,3,0,1,41,60
16,General,Semi-Urban,A+,4,6,Monsoon,26.0,11.5,5,5,8,7,0,1,146,54
7,Trauma,Urban,O+,7,11,Summer,34.3,18.9,7,9,11,0,0,1,230,56
19,Clinic,Rural,B+,1,8,Monsoon,26.4,187.4,6,20,7,5,0,1,59,57
2,Trauma,Semi-Urban,AB+,7,4,Summer,35.5,11.3,1,15,8,3,0,0,243,60
21,General,Urban,B+,3,1,Winter,21.1,2.5,1,9,3,4,0,0,138,45
23,General,Semi-Urban,B+,5,10,Summer,36.5,12.7,2,12,8,5,0,0,139,50
18,Trauma,Semi-Urban,A+,4,8,Monsoon,25.6,177.4,16,15,10,10,0,0,212,83
22,Clinic,Urban,B+,3,8,Monsoon,30.6,42.6,9,10,2,1,0,0,31,48
15,Trauma,Urban,O+,1,4,Summer,31.3,5.3,2,5,15,9,0,0,235,61
12,General,Urban,AB+,5,3,Summer,31.8,0.8,3,12,6,3,1,0,119,45
9,General,Urban,A+,7,6,Monsoon,26.6,75.6,12,13,7,3,0,0,126,63
24,Trauma,Rural,AB+,4,10,Summer,37.1,3.0,3,7,9,5,0,0,237,52
18,Trauma,Semi-Urban,O-,5,4,Summer,30.5,10.6,4,9,11,0,1,0,237,51
5,General,Urban,O+,5,7,Monsoon,29.7,35.6,7,8,4,9,0,0,135,58
24,Trauma,Rural,O+,3,12,Winter,17.8,2.0,1,15,11,4,0,0,222,60
2,Trauma,Semi-Urban,O+,1,3,Summer,32.7,8.2,1,7,7,3,0,0,244,53
15,Trauma,Urban,O+,4,3,Summer,37.3,13.1,5,15,14,6,0,0,227,70
5,General,Urban,O+,7,3,Summer,31.6,13.9,3,6,9,7,0,0,129,47
17,Trauma,Semi-Urban,A+,3,11,Summer,40.9,9.4,13,10,11,2,0,1,247,59
11,General,Semi-Urban,B+,7,7,Monsoon,26.5,57.4,6,12,11,5,0,0,108,57
11,General,Semi-Urban,AB+,6,12,Winter,18.4,2.0,3,9,14,6,0,0,116,51
17,Trauma,Semi-Urban,B-,2,12,Winter,22.6,0.6,0,8,12,2,0,0,215,57
19,Clinic,Rural,A+,5,6,Monsoon,27.5,177.6,7,12,5,7,0,0,40,48
10,General,Urban,B+,6,1,Winter,21.6,1.5,4,12,6,1,0,0,125,46
25,General,Semi-Urban,O+,4,4,Summer,28.1,11.6,6,12,5,4,0,0,133,49
13,Clinic,Rural,B+,5,7,Monsoon,25.7,27.3,4,9,7,5,0,0,45,39
5,General,Urban,O+,7,5,Summer,35.2,18.6,5,15,6,10,0,0,107,64
1,Trauma,Rural,O+,5,1,Winter,21.2,3.4,0,8,16,5,0,0,230,59
6,General,Urban,O+,6,12,Winter,20.3,4.2,1,8,11,3,0,1,136,49
18,Trauma,Semi-Urban,O+,6,4,Summer,36.0,3.4,1,5,10,1,0,0,228,47
14,Trauma,Urban,O+,6,8,Monsoon,30.2,108.6,5,15,19,2,0,1,239,82
9,General,Urban,A+,6,12,Winter,19.4,0.4,3,7,18,3,0,0,132,54
13,Clinic,Rural,B-,2,7,Monsoon,20.6,47.6,4,8,1,1,0,0,42,34
21,General,Urban,O+,1,9,Monsoon,31.3,29.8,1,10,14,3,0,0,110,56
15,Trauma,Urban,O+,2,1,Winter,15.5,3.4,7,9,9,2,0,1,250,53
2,Trauma,Semi-Urban,O+,2,9,Monsoon,27.9,185.8,6,16,6,4,0,0,237,64
2,Trauma,Semi-Urban,O+,5,11,Summer,34.5,17.2,3,8,9,7,0,1,235,55
13,Clinic,Rural,B+,4,12,Winter,18.1,8.8,3,6,5,1,1,0,37,29
11,General,Semi-Urban,AB+,4,2,Winter,14.7,3.5,10,10,6,7,0,0,128,48
22,Clinic,Urban,A+,1,3,Summer,28.2,18.9,2,5,3,5,0,0,33,38
15,Trauma,Urban,O-,5,1,Winter,15.0,6.6,10,9,12,5,0,0,223,57
19,Clinic,Rural,B+,3,12,Winter,20.5,6.6,4,6,2,3,0,0,33,34
15,Trauma,Urban,O+,6,4,Summer,29.7,3.2,3,13,15,1,0,0,250,63
9,General,Urban,O+,1,7,Monsoon,24.4,40.0,7,10,5,1,1,0,120,48
17,Trauma,Semi-Urban,O+,3,6,Monsoon,28.3,149.4,8,13,15,5,0,1,267,71
16,General,Semi-Urban,AB+,1,9,Monsoon,23.9,213.8,15,19,7,8,0,1,133,78
19,Clinic,Rural,O+,2,11,Summer,32.4,4.9,6,12,9,4,0,0,29,47
5,General,Urban,B+,7,4,Summer,34.2,5.6,2,10,6,2,0,0,110,45
17,Trauma,Semi-Urban,A+,4,10,Summer,34.8,17.1,2,5,11,0,1,0,242,44
8,Clinic,Rural,B+,4,4,Summer,30.9,7.8,2,9,1,2,0,0,37,38
20,General,Urban,AB+,2,3,Summer,34.4,22.3,6,5,3,5,0,0,129,45
20,General,Urban,A+,2,2,Winter,19.2,5.2,2,6,8,4,0,0,113,49
16,General,Semi-Urban,O+,5,5,Summer,30.2,24.6,4,6,5,4,0,0,113,42
24,Trauma,Rural,B+,7,7,Monsoon,27.6,64.4,19,17,12,0,0,0,243,78
14,Trauma,Urban,B-,6,10,Summer,31.9,7.4,2,14,11,3,0,0,221,60
1,Trauma,Rural,O+,6,11,Summer,34.4,5.7,3,6,10,2,0,0,240,46
16,General,Semi-Urban,O+,4,7,Monsoon,29.2,210.4,13,17,5,9,0,0,125,72
20,General,Urban,O+,1,5,Summer,33.5,3.4,3,7,4,9,0,0,130,47
3,Clinic,Urban,O+,6,3,Summer,36.7,3.0,3,12,3,3,0,0,28,45
3,Clinic,Urban,A-,6,11,Summer,36.4,12.5,4,12,6,0,0,0,31,40
7,Trauma,Urban,O+,4,5,Summer,36.7,7.3,3,12,12,2,0,0,235,62
22,Clinic,Urban,O+,1,10,Summer,35.2,23.4,4,9,6,3,0,1,59,39
14,Trauma,Urban,A+,5,8,Monsoon,30.3,21.6,4,9,9,1,0,0,225,55
25,General,Semi-Urban,B+,7,12,Winter,19.2,2.7,4,12,7,5,0,1,138,52
22,Clinic,Urban,O-,2,12,Winter,13.0,0.5,1,8,3,4,0,0,38,39
14,Trauma,Urban,O+,2,9,Monsoon,24.6,61.3,2,10,15,4,0,0,230,63
17,Trauma,Semi-Urban,A+,6,8,Monsoon,26.4,87.8,5,20,20,3,1,0,247,77
9,General,Urban,B+,3,2,Winter,17.7,3.1,5,9,2,12,0,0,113,51
3,Clinic,Urban,AB+,6,1,Winter,19.1,2.9,5,11,3,3,0,0,32,41
10,General,Urban,O+,5,7,Monsoon,24.6,128.9,9,14,8,9,0,0,112,64
15,Trauma,Urban,O+,2,9,Monsoon,33.0,35.8,10,8,9,5,0,0,225,68
5,General,Urban,O+,1,9,Monsoon,26.7,106.5,8,15,5,4,0,0,131,62
6,General,Urban,O-,4,4,Summer,34.0,9.9,5,1,2,9,0,0,118,45
1,Trauma,Rural,O+,3,7,Monsoon,25.0,62.1,9,11,10,7,0,0,235,60
19,Clinic,Rural,AB+,6,11,Summer,31.0,16.2,4,12,6,2,0,1,67,38
23,General,Semi-Urban,B+,3,2,Winter,17.6,3.7,7,7,7,5,0,0,130,45
21,General,Urban,AB+,2,5,Summer,34.1,15.7,5,13,5,5,0,0,98,50
10,General,Urban,O+,7,12,Winter,17.7,11.3,6,15,5,5,0,0,125,54
15,Trauma,Urban,A+,6,3,Summer,39.0,9.8,2,8,5,1,0,0,220,47
25,General,Semi-Urban,O+,5,4,Summer,33.6,3.1,3,6,8,4,0,1,160,39
15,Trauma,Urban,O+,7,6,Monsoon,26.7,36.7,1,12,13,2,0,0,226,63
8,Clinic,Rural,O+,6,9,Monsoon,29.4,209.2,5,28,9,1,0,0,21,60
9,General,Urban,A+,7,4,Summer,33.5,8.2,3,17,11,3,0,0,122,59
19,Clinic,Rural,B+,6,10,Summer,35.6,18.2,0,11,2,1,0,0,36,33
12,General,Urban,O+,3,3,Summer,30.2,10.7,4,6,4,6,0,0,134,47
21,General,Urban,A-,1,5,Summer,30.2,4.0,4,7,8,2,0,0,130,39
22,Clinic,Urban,B+,5,7,Monsoon,27.4,92.1,8,11,3,2,1,0,37,41
1,Trauma,Rural,A+,6,1,Winter,17.3,1.7,2,13,13,0,0,0,233,58
19,Clinic,Rural,O+,7,10,Summer,31.6,6.7,0,16,4,4,0,0,34,46
10,General,Urban,B+,5,9,Monsoon,27.4,77.8,8,8,3,4,0,1,137,51
13,Clinic,Rural,O+,4,11,Summer,34.6,2.1,2,7,2,3,0,0,36,28
7,Trauma,Urban,A+,5,4,Summer,31.9,17.9,9,6,7,4,0,0,235,51
10,General,Urban,B+,1,5,Summer,32.4,7.4,1,11,4,7,0,0,121,46
9,General,Urban,B+,1,11,Summer,34.6,19.7,3,6,8,4,0,0,138,47
2,Trauma,Semi-Urban,O+,1,1,Winter,14.9,5.5,3,13,11,6,0,0,232,63
20,General,Urban,B+,7,6,Monsoon,25.2,69.0,9,22,11,6,0,0,107,69
4,Clinic,Urban,A+,6,6,Monsoon,28.6,87.9,6,15,12,2,0,0,35,60
10,General,Urban,B+,2,6,Monsoon,26.9,107.3,7,19,10,10,0,0,116,70
5,General,Urban,A+,3,6,Monsoon,25.6,60.0,4,9,7,5,0,0,127,48
5,General,Urban,O+,4,9,Monsoon,24.3,13.1,3,6,11,7,0,0,120,56
10,General,Urban,AB+,2,3,Summer,31.0,12.8,1,10,9,6,0,0,129,49
23,General,Semi-Urban,A+,3,11,Summer,33.6,23.2,9,6,10,5,0,0,118,44
24,Trauma,Rural,O+,3,11,Summer,40.1,5.8,4,8,6,2,0,0,230,51
10,General,Urban,B+,5,3,Summer,35.7,20.5,6,15,9,2,1,0,105,52
13,Clinic,Rural,O+,6,12,Winter,14.0,1.0,3,14,3,2,1,0,33,34
25,General,Semi-Urban,B+,1,4,Summer,36.1,8.9,4,3,5,8,0,0,126,43
6,General,Urban,B+,4,1,Winter,15.7,2.9,8,7,9,2,0,0,123,45
24,Trauma,Rural,O+,7,5,Summer,34.0,10.9,4,8,8,1,0,0,242,51
3,Clinic,Urban,O+,7,10,Summer,32.2,5.1,3,14,7,2,0,0,43,42
6,General,Urban,A+,6,11,Summer,40.1,3.6,2,15,7,11,0,1,134,61
9,General,Urban,O+,6,8,Monsoon,23.6,67.3,7,7,4,4,0,0,108,49
1,Trauma,Rural,B+,1,10,Summer,34.9,16.6,16,8,20,5,0,0,226,66
21,General,Urban,A+,7,4,Summer,31.9,5.8,3,8,4,4,0,0,127,38
22,Clinic,Urban,A+,6,11,Summer,36.2,9.9,3,12,3,4,0,0,39,38
10,General,Urban,O+,7,8,Monsoon,27.9,270.4,6,20,9,4,0,0,109,66
21,General,Urban,A+,7,2,Winter,21.8,3.9,4,17,15,2,0,0,132,55
20,General,Urban,A+,2,2,Winter,20.2,2.6,2,7,2,7,0,0,139,40
21,General,Urban,O+,1,4,Summer,31.9,10.6,5,7,5,3,0,0,120,46
21,General,Urban,B+,5,1,Winter,26.7,9.9,3,14,6,5,0,0,133,48
15,Trauma,Urban,B+,4,4,Summer,35.7,17.0,8,4,13,1,0,0,230,54
3,Clinic,Urban,A+,1,12,Winter,16.3,1.7,3,9,3,1,0,0,33,35
24,Trauma,Rural,A+,2,3,Summer,34.6,18.1,7,8,11,4,0,0,233,52
16,General,Semi-Urban,B+,7,8,Monsoon,28.9,33.4,0,7,6,8,0,0,121,42
23,General,Semi-Urban,A+,3,12,Winter,19.8,3.4,3,6,9,8,0,0,111,50
24,Trauma,Rural,B+,2,4,Summer,35.5,26.0,0,11,11,5,0,0,244,55
5,General,Urban,A+,5,9,Monsoon,29.9,86.4,4,10,11,7,0,0,121,58
11,General,Semi-Urban,O+,5,6,Monsoon,29.6,31.2,6,8,10,5,0,0,125,54
5,General,Urban,O+,3,4,Summer,31.5,11.2,3,11,9,6,0,0,132,54
2,Trauma,Semi-Urban,O+,6,12,Winter,24.3,7.4,5,16,13,2,0,0,224,62
25,General,Semi-Urban,B+,5,8,Monsoon,32.9,42.7,5,8,4,6,0,0,132,52
24,Trauma,Rural,O+,2,6,Monsoon,29.4,126.1,7,15,12,2,0,0,231,66
24,Trauma,Rural,B+,3,10,Summer,34.1,26.8,4,12,9,2,0,0,227,56
23,General,Semi-Urban,O+,6,11,Summer,34.2,14.9,1,9,5,0,0,0,139,39
17,Trauma,Semi-Urban,B+,1,10,Summer,33.0,11.5,5,11,13,3,0,0,218,65
14,Trauma,Urban,O+,1,11,Summer,33.4,6.1,5,10,15,3,0,0,211,63
25,General,Semi-Urban,A+,5,4,Summer,27.4,6.8,2,8,5,6,0,1,151,44
14,Trauma,Urban,A+,4,5,Summer,38.6,9.1,6,9,14,8,0,0,215,63
17,Trauma,Semi-Urban,O+,2,3,Summer,37.5,18.2,5,6,6,4,0,0,248,50
6,General,Urban,B+,4,9,Monsoon,22.0,312.7,14,21,11,3,0,0,113,79
19,Clinic,Rural,O-,2,10,Summer,36.7,5.7,5,6,7,3,0,0,37,42
21,General,Urban,B+,3,8,Monsoon,27.0,117.0,8,12,10,4,0,1,142,60
17,Trauma,Semi-Urban,A+,2,8,Monsoon,26.4,157.7,8,12,19,4,0,1,222,76
13,Clinic,Rural,A+,5,10,Summer,35.5,11.4,1,6,5,7,0,0,40,39
5,General,Urban,B+,5,3,Summer,28.8,11.0,9,7,3,7,0,0,113,49
1,Trauma,Rural,B+,7,5,Summer,34.0,2.7,7,9,7,2,0,0,239,48
16,General,Semi-Urban,B-,1,9,Monsoon,27.2,91.6,4,8,4,7,0,0,119,45
18,Trauma,Semi-Urban,A+,3,1,Winter,18.2,3.0,2,6,12,6,0,0,217,53
20,General,Urban,AB+,2,11,Summer,29.9,8.4,3,2,3,6,0,1,141,39
24,Trauma,Rural,B+,5,3,Summer,35.3,14.4,4,12,13,2,0,1,248,57
13,Clinic,Rural,B+,4,10,Summer,37.2,4.7,5,9,4,1,0,1,63,36
21,General,Urban,O-,7,8,Monsoon,28.2,42.1,11,11,9,2,0,0,116,61
18,Trauma,Semi-Urban,A+,7,11,Summer,33.3,13.0,3,6,14,2,0,0,233,53
7,Trauma,Urban,B+,6,10,Summer,42.0,30.4,5,16,11,2,0,0,216,67
22,Clinic,Urban,A+,2,7,Monsoon,24.2,70.7,2,17,5,0,1,0,39,44
2,Trauma,Semi-Urban,O+,1,10,Summer,36.3,11.4,3,7,14,3,0,0,230,57
15,Trauma,Urban,O+,7,5,Summer,34.7,11.1,3,11,14,1,0,0,239,59
24,Trauma,Rural,A+,7,8,Monsoon,33.0,34.6,1,8,8,2,0,0,215,56
17,Trauma,Semi-Urban,B+,2,11,Summer,35.2,8.8,7,10,16,2,0,0,255,64
24,Trauma,Rural,O+,1,2,Winter,19.8,3.6,7,9,7,4,0,0,216,52
2,Trauma,Semi-Urban,B+,5,5,Summer,35.5,12.3,5,14,10,3,0,0,219,58
14,Trauma,Urban,O+,5,1,Winter,14.8,4.4,1,11,13,6,0,0,235,59
20,General,Urban,A+,7,7,Monsoon,24.4,33.3,2,11,8,2,0,0,120,53
17,Trauma,Semi-Urban,O+,5,10,Summer,33.2,6.6,6,6,18,4,0,0,225,60
23,General,Semi-Urban,O+,6,1,Winter,20.9,0.6,5,11,6,3,0,1,146,46
12,General,Urban,A+,6,7,Monsoon,27.7,189.2,10,19,6,6,0,0,107,66
18,Trauma,Semi-Urban,A+,1,5,Summer,33.4,7.8,4,10,8,9,0,0,241,58
11,General,Semi-Urban,A+,2,10,Summer,38.1,13.5,2,7,6,5,0,1,140,45
22,Clinic,Urban,B+,6,3,Summer,28.1,10.9,2,14,3,1,0,0,30,42
3,Clinic,Urban,O+,2,2,Winter,14.1,0.2,4,6,3,2,0,0,33,37
7,Trauma,Urban,B+,2,2,Winter,10.5,1.0,3,8,18,5,0,0,227,62
3,Clinic,Urban,O+,6,5,Summer,37.6,10.5,7,11,2,1,0,0,32,40
18,Trauma,Semi-Urban,O+,2,6,Monsoon,26.7,115.9,3,14,9,4,0,0,228,67
6,General,Urban,A+,2,12,Winter,20.9,4.4,5,7,11,4,0,0,128,51
8,Clinic,Rural,A+,1,6,Monsoon,26.7,24.6,1,5,9,3,0,0,44,43
21,General,Urban,B+,4,3,Summer,37.1,4.5,4,7,3,3,0,0,118,41
10,General,Urban,B+,5,9,Monsoon,26.6,103.2,9,19,5,3,0,0,120,66
4,Clinic,Urban,AB+,6,1,Winter,19.2,4.4,4,5,2,1,0,0,36,33
1,Trauma,Rural,B+,7,5,Summer,34.8,2.9,2,9,6,2,0,0,219,49
6,General,Urban,O+,5,8,Monsoon,28.0,102.8,1,8,12,11,0,0,104,63
23,General,Semi-Urban,O+,6,4,Summer,39.1,10.5,3,15,10,4,0,0,122,51
14,Trauma,Urban,B+,2,8,Monsoon,22.1,65.8,4,6,6,1,1,0,229,51
25,General,Semi-Urban,AB-,3,6,Monsoon,26.8,213.0,9,17,2,3,0,0,113,61
6,General,Urban,O+,3,12,Winter,18.6,2.8,1,9,4,5,0,0,118,44
9,General,Urban,A+,1,4,Summer,34.1,7.0,8,5,5,7,0,0,124,45
5,General,Urban,O+,7,11,Summer,32.8,19.0,5,7,4,5,0,0,130,49
10,General,Urban,B+,2,8,Monsoon,25.4,130.0,13,19,7,6,0,0,120,72
15,Trauma,Urban,O+,4,9,Monsoon,31.6,182.6,8,11,18,3,0,0,209,74
21,General,Urban,B+,3,3,Summer,33.8,17.6,6,12,7,4,0,0,126,53
10,General,Urban,A+,1,1,Winter,25.3,4.9,4,7,11,6,0,0,122,49
20,General,Urban,AB+,7,9,Monsoon,28.6,80.5,13,15,10,3,0,0,101,67
16,General,Semi-Urban,A+,2,6,Monsoon,26.1,295.2,7,17,8,8,0,0,122,62
8,Clinic,Rural,B+,1,4,Summer,35.7,4.7,5,11,2,2,0,0,41,36
23,General,Semi-Urban,B+,3,11,Summer,34.3,15.7,4,11,4,4,0,0,120,43
11,General,Semi-Urban,A+,2,4,Summer,38.0,4.3,1,10,4,10,0,0,122,49
4,Clinic,Urban,A+,7,6,Monsoon,23.5,80.4,8,15,6,1,0,0,23,50
25,General,Semi-Urban,B-,2,9,Monsoon,21.6,78.7,3,15,6,6,0,0,119,61
23,General,Semi-Urban,O+,3,12,Winter,19.1,3.2,2,6,7,6,0,0,124,45
2,Trauma,Semi-Urban,O+,2,11,Summer,36.5,1.9,5,9,12,0,0,0,226,55
23,General,Semi-Urban,AB+,1,8,Monsoon,27.9,57.5,9,12,9,7,0,0,123,59
24,Trauma,Rural,O+,1,2,Winter,20.0,13.9,3,7,15,3,0,0,228,54
21,General,Urban,A+,4,2,Winter,19.6,3.5,2,8,8,2,1,0,124,41
7,Trauma,Urban,A+,2,9,Monsoon,22.6,152.8,6,12,8,3,0,0,214,62
16,General,Semi-Urban,O+,1,7,Monsoon,27.8,102.6,3,15,9,9,0,0,126,61
14,Trauma,Urban,B+,3,2,Winter,22.0,11.5,4,11,10,3,0,0,231,56
16,General,Semi-Urban,O+,2,9,Monsoon,27.5,103.4,7,6,10,5,0,0,119,55
16,General,Semi-Urban,A+,3,12,Winter,14.1,3.5,0,2,4,5,0,1,141,35
16,General,Semi-Urban,O+,7,1,Winter,17.0,1.0,7,10,0,3,1,0,123,37
13,Clinic,Rural,B+,3,10,Summer,35.7,3.5,5,11,2,0,1,0,42,32
18,Trauma,Semi-Urban,B+,5,5,Summer,39.4,6.8,2,8,8,3,0,0,220,54
14,Trauma,Urban,O+,6,5,Summer,28.1,9.5,6,14,13,4,0,0,239,64
1,Trauma,Rural,O+,1,9,Monsoon,28.1,30.2,6,7,7,2,1,0,232,52
1,Trauma,Rural,O+,4,3,Summer,31.2,12.0,1,10,13,4,0,0,237,58
24,Trauma,Rural,B+,4,2,Winter,19.5,3.3,2,11,7,7,0,0,215,55
23,General,Semi-Urban,O+,4,12,Winter,19.8,9.6,7,7,6,4,0,1,132,45
15,Trauma,Urban,A-,2,5,Summer,33.3,36.9,7,7,13,3,0,0,233,58
5,General,Urban,O+,4,3,Summer,35.9,19.1,3,7,8,10,0,0,124,53
20,General,Urban,AB+,1,9,Monsoon,30.4,136.5,5,8,4,5,0,0,122,47
4,Clinic,Urban,AB+,7,3,Summer,33.5,24.4,5,16,3,3,0,0,37,46
10,General,Urban,A+,5,10,Summer,30.0,14.6,0,8,8,8,0,0,126,51
9,General,Urban,O+,1,1,Winter,22.3,7.2,5,11,12,6,0,1,160,55
1,Trauma,Rural,B+,4,7,Monsoon,29.5,24.3,6,9,7,3,0,0,238,55
21,General,Urban,O-,7,5,Summer,35.7,21.0,2,14,5,3,0,0,128,47
13,Clinic,Rural,O+,6,12,Winter,15.9,1.2,3,10,4,2,0,0,31,40
8,Clinic,Rural,O+,2,7,Monsoon,30.0,35.6,5,9,4,3,0,0,36,43
13,Clinic,Rural,O+,7,12,Winter,24.1,6.9,1,15,3,5,0,0,36,42
1,Trauma,Rural,B+,2,3,Summer,33.6,6.2,2,7,11,4,0,0,228,53
11,General,Semi-Urban,O-,2,6,Monsoon,27.3,36.7,11,13,7,7,0,0,130,60
13,Clinic,Rural,AB+,2,10,Summer,30.8,15.4,0,9,5,5,0,1,55,40
9,General,Urban,O+,7,2,Winter,15.8,1.6,3,5,11,1,1,0,112,44
21,General,Urban,O+,6,12,Winter,14.8,1.4,2,8,10,5,0,0,124,51
7,Trauma,Urban,A+,4,10,Summer,34.4,2.7,1,9,9,6,0,0,232,56
4,Clinic,Urban,O+,5,9,Monsoon,26.0,55.8,1,7,6,2,0,0,33,40
14,Trauma,Urban,A+,2,3,Summer,35.1,18.9,5,9,10,5,0,0,218,61
23,General,Semi-Urban,B+,1,10,Summer,31.3,21.0,12,11,7,10,0,0,114,61
10,General,Urban,B+,6,11,Summer,33.5,9.1,5,17,4,1,1,0,124,44
2,Trauma,Semi-Urban,A+,7,4,Summer,31.1,33.2,4,9,13,3,0,1,259,58
25,General,Semi-Urban,AB+,1,8,Monsoon,27.6,113.3,16,9,9,4,0,1,119,60
12,General,Urban,AB-,1,1,Winter,13.1,7.0,9,6,7,4,0,0,114,50
5,General,Urban,A+,4,5,Summer,34.5,6.8,2,8,5,3,0,0,132,40
16,General,Semi-Urban,A+,1,2,Winter,17.2,2.4,5,8,7,4,0,1,149,45
8,Clinic,Rural,O+,6,7,Monsoon,27.5,69.6,2,7,2,3,0,0,30,37
24,Trauma,Rural,B+,7,7,Monsoon,22.0,61.8,9,21,23,0,0,0,226,81
8,Clinic,Rural,A+,2,7,Monsoon,29.0,8.5,1,9,3,0,0,0,37,36
14,Trauma,Urban,A+,3,9,Monsoon,26.1,83.4,9,12,10,2,0,1,253,69
14,Trauma,Urban,O+,7,12,Winter,18.7,4.1,5,8,10,2,0,0,230,53
7,Trauma,Urban,O+,3,3,Summer,28.4,13.8,1,4,7,4,0,0,228,46
13,Clinic,Rural,O+,2,3,Summer,30.3,35.7,2,11,2,1,0,0,37,34
3,Clinic,Urban,O+,1,3,Summer,32.8,37.6,14,11,3,1,0,0,38,40
17,Trauma,Semi-Urban,AB+,6,12,Winter,22.1,0.5,1,6,4,3,0,0,242,44
19,Clinic,Rural,O+,7,2,Winter,19.6,8.3,1,16,1,1,0,0,42,41
24,Trauma,Rural,A+,1,1,Winter,18.4,9.8,4,8,12,7,0,0,221,61
9,General,Urban,O+,6,2,Winter,15.2,0.4,4,9,5,4,0,0,133,45
8,Clinic,Rural,A+,2,10,Summer,30.7,18.4,6,12,3,2,0,0,35,43
14,Trauma,Urban,A+,1,7,Monsoon,27.8,85.0,11,11,6,3,1,0,225,63
18,Trauma,Semi-Urban,B+,3,12,Winter,20.1,9.5,3,10,15,5,0,0,244,53
25,General,Semi-Urban,O+,4,3,Summer,34.6,31.7,11,11,6,7,0,1,131,49
1,Trauma,Rural,A+,6,5,Summer,39.1,61.6,3,13,8,0,0,0,225,53
6,General,Urban,O+,5,7,Monsoon,25.0,132.7,7,8,6,3,1,0,120,48
7,Trauma,Urban,O+,2,1,Winter,18.5,4.7,3,9,6,4,0,1,263,49
7,Trauma,Urban,O+,5,12,Winter,12.9,1.6,3,11,13,6,0,0,222,61
12,General,Urban,A-,7,10,Summer,34.6,7.4,7,15,7,5,0,1,139,55
22,Clinic,Urban,B+,5,2,Winter,22.4,4.9,5,7,6,5,0,0,38,43
1,Trauma,Rural,O+,2,11,Summer,30.9,7.1,2,9,16,1,0,0,245,56
21,General,Urban,B+,1,6,Monsoon,29.5,84.6,3,8,4,3,0,0,124,50
16,General,Semi-Urban,A+,4,5,Summer,38.3,2.3,7,9,5,4,0,0,117,52
16,General,Semi-Urban,B+,4,12,Winter,15.9,3.5,2,6,9,8,0,0,117,47
17,Trauma,Semi-Urban,A+,3,7,Monsoon,28.4,12.5,4,13,8,5,0,1,270,60
3,Clinic,Urban,O+,1,3,Summer,38.7,24.0,9,7,2,2,0,1,58,32
19,Clinic,Rural,B+,1,10,Summer,34.7,12.9,4,8,1,2,0,1,60,29
7,Trauma,Urban,B+,4,9,Monsoon,29.4,49.3,3,6,12,4,0,0,221,56
13,Clinic,Rural,B+,7,3,Summer,28.7,10.0,7,13,1,3,0,0,35,39
17,Trauma,Semi-Urban,B+,5,9,Monsoon,28.8,53.2,4,12,12,6,0,1,260,63
16,General,Semi-Urban,B+,4,8,Monsoon,28.6,40.1,7,8,15,3,0,0,126,58
9,General,Urban,O+,7,4,Summer,30.0,8.0,3,13,6,8,0,0,115,54
10,General,Urban,A+,5,6,Monsoon,24.1,59.5,5,10,8,7,0,0,126,62
12,General,Urban,B+,6,11,Summer,35.8,9.2,5,14,9,3,1,0,136,53
2,Trauma,Semi-Urban,AB+,5,3,Summer,33.1,0.8,4,3,15,2,0,0,234,51
19,Clinic,Rural,B+,6,9,Monsoon,30.3,175.3,18,16,5,1,0,0,29,59
3,Clinic,Urban,B+,4,10,Summer,34.9,25.6,5,10,4,1,1,0,34,40
12,General,Urban,O+,5,12,Winter,18.2,3.1,3,6,12,7,0,0,110,49
17,Trauma,Semi-Urban,B+,5,4,Summer,33.5,38.8,3,9,11,5,0,1,244,55
3,Clinic,Urban,B+,6,4,Summer,34.9,8.5,7,12,7,4,0,0,28,43
25,General,Semi-Urban,B+,7,12,Winter,20.4,3.5,2,12,8,1,0,0,130,46
10,General,Urban,O+,3,6,Monsoon,28.6,115.5,1,9,7,6,0,0,132,49
1,Trauma,Rural,O+,5,7,Monsoon,25.7,85.6,3,13,13,4,0,0,229,63
17,Trauma,Semi-Urban,B+,1,7,Monsoon,30.7,49.5,3,10,12,3,0,1,256,61
14,Trauma,Urban,O+,4,7,Monsoon,29.0,82.8,7,10,14,2,0,0,237,63
17,Trauma,Semi-Urban,O-,7,8,Monsoon,28.2,24.2,11,13,10,2,0,0,219,70
19,Clinic,Rural,O+,5,6,Monsoon,27.3,40.3,3,12,5,2,0,0,38,44
12,General,Urban,B+,2,5,Summer,35.5,21.9,6,7,4,5,0,0,122,45
21,General,Urban,O+,5,5,Summer,28.5,54.4,11,7,11,4,0,0,123,48
10,General,Urban,B+,3,8,Monsoon,27.7,48.1,6,12,7,6,0,0,121,63
14,Trauma,Urban,O+,4,10,Summer,38.9,9.7,5,16,21,1,1,0,254,66
4,Clinic,Urban,O-,2,7,Monsoon,27.7,67.1,6,10,5,4,0,0,34,51
16,General,Semi-Urban,O+,5,9,Monsoon,27.3,96.8,12,10,8,9,0,0,129,64
7,Trauma,Urban,A+,2,5,Summer,32.2,23.8,2,9,12,4,0,1,258,60
18,Trauma,Semi-Urban,O+,4,10,Summer,35.5,12.6,4,11,12,5,0,1,240,58
21,General,Urban,B+,7,5,Summer,33.4,3.2,3,15,0,4,0,0,123,46
22,Clinic,Urban,B+,6,6,Monsoon,30.9,51.4,8,7,7,5,0,0,37,48
24,Trauma,Rural,O+,3,1,Winter,15.4,4.3,4,2,15,2,0,0,232,51
4,Clinic,Urban,B+,7,4,Summer,32.6,8.3,3,15,1,3,0,0,37,43
4,Clinic,Urban,O+,1,9,Monsoon,25.2,63.2,13,7,9,2,0,0,26,52
24,Trauma,Rural,O+,7,2,Winter,23.5,2.5,7,6,9,2,0,0,238,50
10,General,Urban,B+,3,3,Summer,33.4,10.8,6,6,2,10,0,0,128,45
1,Trauma,Rural,B+,6,10,Summer,32.4,5.0,1,13,17,2,0,0,229,61
8,Clinic,Rural,O-,7,11,Summer,27.7,21.6,7,15,5,1,0,1,64,44
21,General,Urban,A-,5,5,Summer,31.3,3.2,2,9,6,10,0,0,130,53
9,General,Urban,AB+,5,5,Summer,35.6,14.7,4,7,4,6,0,0,105,46
2,Trauma,Semi-Urban,O+,6,7,Monsoon,28.6,53.9,8,14,22,2,0,0,220,80
19,Clinic,Rural,O-,2,10,Summer,32.0,11.8,1,14,7,7,0,0,38,52
5,General,Urban,AB-,2,6,Monsoon,25.2,195.1,7,14,12,5,0,0,132,65
9,General,Urban,B+,3,3,Summer,39.6,27.8,5,10,6,6,0,1,155,45
1,Trauma,Rural,AB+,4,6,Monsoon,35.1,163.0,19,22,13,2,0,0,218,86
16,General,Semi-Urban,B+,6,4,Summer,37.4,31.7,4,17,14,3,0,0,112,62
12,General,Urban,B+,2,9,Monsoon,31.7,320.0,9,20,7,3,0,0,133,66
22,Clinic,Urban,B-,4,2,Winter,23.3,6.2,8,7,1,2,0,0,40,34
9,General,Urban,O+,1,8,Monsoon,33.6,115.5,6,15,6,2,0,0,114,54
6,General,Urban,O+,1,2,Winter,17.1,1.4,5,5,4,6,0,1,129,43
5,General,Urban,B+,7,12,Winter,15.4,5.3,6,10,3,2,1,0,124,37
6,General,Urban,B+,6,8,Monsoon,32.5,88.7,6,16,9,2,0,0,119,59
12,General,Urban,B+,7,2,Winter,15.1,10.3,8,12,7,7,0,0,122,56
3,Clinic,Urban,B+,3,12,Winter,14.9,5.8,5,8,2,3,0,1,57,34
11,General,Semi-Urban,O+,4,7,Monsoon,24.0,31.1,6,13,5,8,0,1,156,58
22,Clinic,Urban,O+,5,8,Monsoon,26.6,102.3,4,11,4,2,0,0,40,44
20,General,Urban,AB+,2,1,Winter,12.0,6.3,4,6,5,3,0,0,128,41
16,General,Semi-Urban,O+,6,3,Summer,29.7,12.2,7,13,5,1,0,0,116,45
23,General,Semi-Urban,AB+,5,10,Summer,32.1,47.8,9,8,7,1,1,0,126,43
20,General,Urban,O+,3,6,Monsoon,23.4,138.6,13,12,8,5,0,0,118,64
17,Trauma,Semi-Urban,B+,4,8,Monsoon,30.2,39.2,4,11,13,4,0,0,229,61
22,Clinic,Urban,B-,3,12,Winter,18.0,1.4,6,3,1,3,0,0,39,28
4,Clinic,Urban,B+,6,6,Monsoon,28.7,44.4,10,13,3,1,0,0,29,53
21,General,Urban,B+,7,5,Summer,35.4,7.6,3,6,3,2,0,0,118,39
8,Clinic,Rural,O-,7,10,Summer,33.4,11.7,4,14,6,4,0,0,33,46
19,Clinic,Rural,AB+,6,1,Winter,21.0,4.3,1,8,1,2,0,0,37,30
23,General,Semi-Urban,O+,3,6,Monsoon,28.4,195.2,2,15,10,5,0,0,124,58
13,Clinic,Rural,O+,6,11,Summer,33.0,21.8,9,17,3,2,0,0,31,44
3,Clinic,Urban,B+,2,3,Summer,28.9,8.8,6,7,2,4,0,0,38,36
10,General,Urban,B+,7,4,Summer,35.6,8.9,9,13,9,4,0,0,113,55
11,General,Semi-Urban,O+,2,6,Monsoon,23.2,146.4,13,9,7,6,0,0,119,54
24,Trauma,Rural,A+,3,1,Winter,19.1,2.2,1,11,10,4,0,0,246,52
24,Trauma,Rural,AB+,1,1,Winter,18.2,4.9,10,8,17,3,0,0,221,59
15,Trauma,Urban,AB+,1,4,Summer,29.9,2.8,4,7,19,4,0,0,221,64
24,Trauma,Rural,O+,3,11,Summer,34.8,15.6,1,5,16,4,0,0,228,51
11,General,Semi-Urban,B+,4,3,Summer,34.6,14.1,6,8,9,10,0,0,116,55
11,General,Semi-Urban,O+,1,9,Monsoon,27.6,56.5,3,11,9,5,0,0,113,51
21,General,Urban,O-,6,6,Monsoon,27.4,28.2,1,19,7,1,0,0,119,55
17,Trauma,Semi-Urban,B+,1,10,Summer,32.0,3.1,3,10,12,4,0,0,231,57
14,Trauma,Urban,O+,7,4,Summer,35.8,13.4,1,6,13,3,0,1,267,54
12,General,Urban,O+,2,11,Summer,31.9,15.0,0,6,3,5,1,0,132,41
18,Trauma,Semi-Urban,O+,3,5,Summer,30.8,1.6,6,11,9,2,0,0,241,53
19,Clinic,Rural,O+,2,10,Summer,36.0,1.5,5,6,7,5,0,0,40,39
13,Clinic,Rural,O+,6,10,Summer,36.8,4.4,7,15,2,0,1,0,42,33
1,Trauma,Rural,B+,6,6,Monsoon,28.8,37.7,5,11,22,3,0,0,224,72
3,Clinic,Urban,B+,1,9,Monsoon,26.4,46.4,6,6,2,3,0,0,42,45
4,Clinic,Urban,AB+,1,2,Winter,12.2,3.8,7,12,3,2,0,0,42,41
12,General,Urban,B+,5,6,Monsoon,31.4,163.6,3,20,11,5,0,0,126,67
16,General,Semi-Urban,O+,7,5,Summer,28.1,23.8,4,14,10,2,0,0,134,53
21,General,Urban,AB+,1,12,Winter,19.8,5.3,2,5,9,3,0,0,132,40
6,General,Urban,O+,2,12,Winter,24.3,6.6,5,7,6,7,0,0,120,47
20,General,Urban,O+,4,10,Summer,34.4,5.2,5,6,5,2,0,1,142,42
17,Trauma,Semi-Urban,O+,1,12,Winter,18.9,5.2,1,11,19,2,0,0,234,63
2,Trauma,Semi-Urban,O+,3,12,Winter,19.1,5.7,5,8,10,1,0,0,244,54
9,General,Urban,B+,1,10,Summer,34.6,2.4,4,10,2,8,0,0,116,46
8,Clinic,Rural,O+,4,8,Monsoon,34.1,196.8,2,16,4,3,0,0,32,48
23,General,Semi-Urban,B+,6,3,Summer,31.5,20.6,5,10,7,2,1,0,117,40
24,Trauma,Rural,AB+,3,10,Summer,31.1,6.9,3,18,10,3,0,0,248,64
21,General,Urban,A-,2,3,Summer,33.0,2.0,5,11,12,10,0,0,119,60
14,Trauma,Urban,B+,3,3,Summer,39.2,13.2,4,5,10,3,0,0,236,57
13,Clinic,Rural,A+,4,11,Summer,32.3,8.8,7,9,2,1,1,0,39,27
8,Clinic,Rural,B+,2,2,Winter,19.3,1.0,2,7,6,3,0,0,29,41
20,General,Urban,B+,1,2,Winter,21.2,3.3,5,8,5,4,0,0,118,46
3,Clinic,Urban,O+,2,7,Monsoon,29.3,56.8,4,11,2,1,0,0,42,45
7,Trauma,Urban,B+,7,8,Monsoon,30.1,145.2,5,14,12,1,0,0,241,61
4,Clinic,Urban,B+,6,1,Winter,22.3,0.4,1,20,5,2,0,0,23,49
13,Clinic,Rural,O+,1,5,Summer,34.9,22.3,2,8,6,3,0,0,38,33
8,Clinic,Rural,B+,3,3,Summer,32.6,10.9,2,5,3,3,0,0,42,30
5,General,Urban,B+,3,4,Summer,34.4,18.4,3,11,9,5,0,0,112,46
10,General,Urban,O+,2,3,Summer,33.0,30.2,4,11,4,6,0,0,119,50
22,Clinic,Urban,AB+,6,9,Monsoon,34.6,108.8,5,12,2,2,0,0,28,46
14,Trauma,Urban,AB+,7,6,Monsoon,25.4,153.6,6,14,11,3,0,0,229,74
21,General,Urban,A+,2,12,Winter,19.4,0.8,5,6,5,5,0,0,126,44
23,General,Semi-Urban,A+,1,1,Winter,13.5,0.9,9,9,5,7,0,1,147,50
23,General,Semi-Urban,A+,2,10,Summer,34.4,8.7,3,8,5,6,0,1,148,46
9,General,Urban,O+,5,11,Summer,33.1,6.6,4,6,4,6,0,0,121,39
22,Clinic,Urban,O+,6,6,Monsoon,29.0,115.1,5,16,4,1,0,0,26,49
23,General,Semi-Urban,B+,3,9,Monsoon,29.1,115.0,16,21,10,5,0,1,161,81
24,Trauma,Rural,O+,2,6,Monsoon,31.3,178.4,14,17,8,3,0,0,226,68
9,General,Urban,B+,2,8,Monsoon,31.0,78.2,4,15,10,8,0,0,120,67
6,General,Urban,O+,1,11,Summer,33.8,2.8,3,7,6,0,0,0,135,43
15,Trauma,Urban,B+,1,7,Monsoon,24.2,179.7,2,10,15,8,0,0,241,72
24,Trauma,Rural,AB-,3,7,Monsoon,24.5,174.0,2,3,10,3,0,0,234,48
23,General,Semi-Urban,B+,5,12,Winter,18.9,2.5,6,10,6,0,0,0,125,43
15,Trauma,Urban,B+,1,6,Monsoon,27.5,177.4,8,20,16,4,0,0,226,80
4,Clinic,Urban,O+,2,3,Summer,34.8,2.4,3,8,4,1,0,0,38,36
11,General,Semi-Urban,B+,7,9,Monsoon,25.4,68.0,3,16,10,4,0,0,106,66
18,Trauma,Semi-Urban,AB+,7,9,Monsoon,31.3,32.5,8,21,14,3,0,0,222,79
15,Trauma,Urban,O+,5,3,Summer,29.6,21.6,2,9,12,4,0,0,247,60
9,General,Urban,B+,4,9,Monsoon,25.2,49.7,0,8,3,6,0,0,131,45
9,General,Urban,O+,5,1,Winter,14.8,6.7,2,6,6,8,0,0,136,43
2,Trauma,Semi-Urban,O+,3,4,Summer,33.4,3.9,0,7,6,5,0,1,270,46
8,Clinic,Rural,A-,2,11,Summer,37.7,42.5,5,8,4,5,0,0,40,38
17,Trauma,Semi-Urban,B-,3,8,Monsoon,26.1,63.3,3,12,15,6,0,0,224,67
7,Trauma,Urban,A+,5,8,Monsoon,27.3,58.2,6,9,14,4,0,0,221,69
25,General,Semi-Urban,O+,5,8,Monsoon,29.0,143.6,5,12,13,8,0,0,122,65
3,Clinic,Urban,AB+,5,2,Winter,17.0,4.4,3,8,4,1,0,0,42,38
15,Trauma,Urban,O-,5,12,Winter,19.1,2.5,3,13,14,0,0,0,242,63
13,Clinic,Rural,AB-,1,4,Summer,34.8,7.7,3,8,8,8,0,0,39,43
21,General,Urban,A+,5,10,Summer,30.6,34.1,2,12,11,6,0,0,130,54
23,General,Semi-Urban,O+,7,12,Winter,16.6,3.0,8,14,7,8,0,0,125,60
14,Trauma,Urban,O+,5,3,Summer,35.1,10.7,7,11,10,3,0,0,241,61
16,General,Semi-Urban,A+,5,8,Monsoon,30.8,30.2,2,10,8,9,0,0,123,58
18,Trauma,Semi-Urban,A+,2,1,Winter,21.8,8.3,5,8,17,4,0,0,217,58
14,Trauma,Urban,B+,6,8,Monsoon,33.3,38.8,4,15,16,2,0,0,224,63
5,General,Urban,A+,4,6,Monsoon,28.5,35.4,4,10,9,4,0,0,125,56
11,General,Semi-Urban,O+,2,1,Winter,16.8,6.4,6,10,9,9,0,1,146,58
7,Trauma,Urban,O+,4,9,Monsoon,26.8,2.6,6,7,8,3,0,0,231,61
12,General,Urban,A-,1,12,Winter,17.7,3.7,1,8,7,4,0,0,124,43
16,General,Semi-Urban,AB+,7,1,Winter,16.8,2.2,3,11,7,5,0,0,118,47
6,General,Urban,O+,5,11,Summer,35.1,9.6,3,8,5,5,0,0,125,40
7,Trauma,Urban,A+,3,11,Summer,35.3,5.3,4,11,17,5,0,0,233,62
21,General,Urban,O+,6,7,Monsoon,23.5,49.0,10,7,7,7,0,0,128,59
10,General,Urban,O+,1,11,Summer,37.3,1.6,4,15,9,6,0,0,105,62
5,General,Urban,B+,3,4,Summer,28.5,20.5,5,11,8,9,0,0,132,54
18,Trauma,Semi-Urban,O+,5,9,Monsoon,26.3,64.1,7,8,16,6,0,0,207,67
18,Trauma,Semi-Urban,AB+,1,9,Monsoon,30.4,164.1,4,15,9,2,1,0,233,60
21,General,Urban,O+,5,7,Monsoon,28.8,313.2,18,23,7,8,0,0,120,83
19,Clinic,Rural,O+,6,11,Summer,32.9,4.0,2,10,2,4,0,0,44,39
25,General,Semi-Urban,O+,5,11,Summer,39.9,17.6,2,13,4,0,1,0,120,43
15,Trauma,Urban,O+,2,10,Summer,32.7,4.5,2,4,8,6,0,0,216,52
8,Clinic,Rural,A+,6,8,Monsoon,21.0,44.1,9,11,2,2,0,0,33,38
22,Clinic,Urban,A+,3,12,Winter,19.4,2.9,6,7,2,0,0,0,43,30
7,Trauma,Urban,B+,6,7,Monsoon,21.7,281.1,20,17,17,5,0,1,260,91
8,Clinic,Rural,O+,5,8,Monsoon,24.5,60.2,6,8,1,6,0,0,41,38
21,General,Urban,A+,1,3,Summer,35.9,10.0,4,2,6,8,0,0,135,41
23,General,Semi-Urban,AB+,1,4,Summer,32.6,13.0,2,6,5,6,0,0,123,44
9,General,Urban,B+,1,11,Summer,35.7,9.9,4,14,3,5,0,0,134,49
19,Clinic,Rural,A+,1,6,Monsoon,23.5,30.9,3,5,4,3,0,0,40,36
24,Trauma,Rural,AB+,3,7,Monsoon,29.6,173.4,19,19,10,3,0,0,229,74
20,General,Urban,O+,1,10,Summer,28.9,7.5,5,6,7,6,0,0,119,43
1,Trauma,Rural,B+,7,4,Summer,38.0,2.7,3,17,16,1,0,0,225,68
17,Trauma,Semi-Urban,B+,7,4,Summer,32.6,13.9,8,14,7,1,0,0,221,56
5,General,Urban,O+,2,1,Winter,22.6,7.5,2,10,4,9,0,1,151,50
22,Clinic,Urban,B+,3,3,Summer,31.5,5.2,1,4,1,6,0,1,56,31
2,Trauma,Semi-Urban,O+,6,7,Monsoon,32.8,64.8,6,7,14,2,0,0,230,63
25,General,Semi-Urban,AB-,5,9,Monsoon,24.1,76.7,9,14,9,9,0,0,110,65
5,General,Urban,AB+,5,4,Summer,28.6,7.0,4,11,8,6,0,0,116,49
11,General,Semi-Urban,O+,7,6,Monsoon,27.1,78.8,7,15,9,8,0,1,143,59
6,General,Urban,A+,5,3,Summer,37.7,33.3,6,7,5,9,0,0,133,44
21,General,Urban,A+,5,10,Summer,36.4,11.1,8,5,6,11,0,0,135,52
10,General,Urban,O+,4,7,Monsoon,30.5,114.5,5,20,11,8,0,0,103,71
19,Clinic,Rural,B-,4,2,Winter,20.4,2.3,6,5,2,2,0,0,45,38
2,Trauma,Semi-Urban,O+,3,8,Monsoon,24.5,97.2,9,12,11,2,1,0,238,64
12,General,Urban,AB+,4,5,Summer,36.3,14.9,1,12,5,6,0,0,106,51
23,General,Semi-Urban,O+,7,11,Summer,34.3,19.6,2,9,7,3,0,0,129,45
24,Trauma,Rural,B+,3,4,Summer,31.9,7.3,2,11,10,4,0,0,232,56
6,General,Urban,O+,1,11,Summer,34.5,9.2,1,4,4,0,1,0,131,30
10,General,Urban,B+,5,9,Monsoon,26.8,147.5,18,10,18,5,0,1,138,75
11,General,Semi-Urban,O+,6,2,Winter,22.2,2.2,3,13,11,4,0,0,113,53
15,Trauma,Urban,A+,7,10,Summer,32.5,4.0,7,10,7,1,0,1,263,54
14,Trauma,Urban,O-,4,9,Monsoon,25.3,52.0,4,7,13,3,0,1,269,59
3,Clinic,Urban,O+,6,6,Monsoon,24.9,144.2,13,18,4,1,0,0,39,60
20,General,Urban,A+,2,2,Winter,23.7,6.5,2,3,14,10,0,1,146,53
6,General,Urban,AB+,3,6,Monsoon,25.1,126.9,6,21,6,5,0,0,128,65
8,Clinic,Rural,O+,3,8,Monsoon,30.9,177.1,7,11,5,2,0,0,33,47
22,Clinic,Urban,B+,3,2,Winter,14.9,9.0,9,7,1,1,1,0,40,31
18,Trauma,Semi-Urban,O+,6,5,Summer,35.5,18.7,5,8,16,3,0,1,240,57
10,General,Urban,O+,7,9,Monsoon,27.8,71.6,6,10,7,3,0,0,138,59
23,General,Semi-Urban,O+,3,7,Monsoon,30.7,22.9,3,4,4,3,0,0,122,40
10,General,Urban,B+,1,12,Winter,21.3,1.1,1,7,7,2,1,0,120,41
15,Trauma,Urban,B+,6,3,Summer,34.2,5.5,0,10,10,0,0,0,229,57
7,Trauma,Urban,B+,6,10,Summer,32.4,23.5,2,14,10,3,0,0,240,60
5,General,Urban,B+,7,6,Monsoon,31.9,44.3,2,13,5,5,0,0,125,56
13,Clinic,Rural,B+,2,3,Summer,32.1,5.9,1,4,5,2,0,0,33,28
15,Trauma,Urban,O+,6,12,Winter,11.2,1.8,3,5,14,2,0,0,231,53
21,General,Urban,B+,6,8,Monsoon,21.4,78.5,4,16,6,4,0,0,128,58
10,General,Urban,O+,6,7,Monsoon,22.2,99.0,2,19,7,8,0,0,121,62
23,General,Semi-Urban,O+,6,4,Summer,35.8,13.9,10,16,10,5,0,0,110,55
16,General,Semi-Urban,A-,7,11,Summer,40.6,6.6,6,12,10,2,0,0,118,52
2,Trauma,Semi-Urban,B+,4,1,Winter,11.9,6.4,4,6,8,4,0,0,242,52
19,Clinic,Rural,B+,1,2,Winter,15.7,2.9,2,11,3,0,1,0,36,32
15,Trauma,Urban,B-,2,3,Summer,34.3,20.3,2,14,4,3,0,0,243,53
10,General,Urban,AB+,7,8,Monsoon,31.6,82.3,13,17,8,7,0,0,125,67
12,General,Urban,O+,6,2,Winter,15.6,1.8,3,15,9,6,0,0,133,53
8,Clinic,Rural,O-,1,10,Summer,35.8,8.1,10,11,6,0,0,0,31,39
16,General,Semi-Urban,A+,3,3,Summer,33.2,5.3,0,10,8,2,1,0,136,41
15,Trauma,Urban,O+,2,9,Monsoon,34.8,20.6,0,6,8,4,0,0,249,54
12,General,Urban,AB-,3,10,Summer,34.4,12.5,4,10,4,8,0,0,127,52
8,Clinic,Rural,A+,5,11,Summer,35.1,4.6,4,5,3,2,0,0,45,25
10,General,Urban,A+,4,4,Summer,34.3,3.3,4,9,6,0,0,0,121,43
13,Clinic,Rural,B+,4,1,Winter,16.8,5.6,7,1,5,3,0,0,40,28
12,General,Urban,O-,4,10,Summer,36.8,26.7,9,14,5,4,0,0,128,52
8,Clinic,Rural,O-,5,6,Monsoon,23.5,44.2,10,6,2,4,0,0,33,44
15,Trauma,Urban,A+,5,12,Winter,12.0,21.1,4,4,13,2,0,0,229,53
6,General,Urban,B+,1,3,Summer,33.5,19.1,1,7,2,5,0,0,119,38
13,Clinic,Rural,B+,1,7,Monsoon,29.4,88.9,4,16,4,7,0,0,42,50
4,Clinic,Urban,O+,3,2,Winter,16.3,0.5,7,4,3,4,0,0,36,32
12,General,Urban,B+,4,6,Monsoon,27.6,113.2,14,18,8,3,0,0,120,65
20,General,Urban,B+,7,1,Winter,14.3,1.2,0,10,7,8,0,0,125,49
21,General,Urban,O+,7,10,Summer,37.2,4.7,11,8,6,2,0,0,124,48
18,Trauma,Semi-Urban,A+,5,8,Monsoon,29.0,121.5,8,16,15,1,0,0,210,77
19,Clinic,Rural,B+,1,2,Winter,18.1,11.1,2,12,5,5,0,0,37,40
2,Trauma,Semi-Urban,O+,1,6,Monsoon,27.5,91.9,4,18,11,6,0,1,232,77
9,General,Urban,B+,4,6,Monsoon,22.8,155.2,15,7,8,7,0,0,114,62
17,Trauma,Semi-Urban,O-,5,9,Monsoon,23.0,262.0,15,24,16,1,0,0,216,87
21,General,Urban,O+,5,6,Monsoon,26.6,20.3,6,6,7,3,0,0,123,55
15,Trauma,Urban,B+,1,6,Monsoon,28.5,122.8,16,8,10,1,1,0,228,64
22,Clinic,Urban,B+,7,10,Summer,35.7,27.3,4,12,5,2,0,1,58,39
7,Trauma,Urban,B+,4,7,Monsoon,25.9,169.6,5,7,10,6,0,0,229,61
4,Clinic,Urban,O+,5,10,Summer,36.2,26.0,1,7,4,1,1,0,38,34
3,Clinic,Urban,B+,1,11,Summer,38.3,7.3,1,9,2,4,0,0,33,42
15,Trauma,Urban,O-,6,11,Summer,33.7,14.3,1,13,8,2,0,0,238,50
17,Trauma,Semi-Urban,O+,4,12,Winter,18.9,7.9,10,8,8,5,0,0,240,53
8,Clinic,Rural,B+,2,9,Monsoon,26.4,119.7,12,11,3,2,0,0,43,48
20,General,Urban,B+,3,7,Monsoon,26.6,27.6,0,8,6,6,0,0,134,50
19,Clinic,Rural,O+,3,7,Monsoon,27.5,32.8,6,10,2,2,0,0,35,44
10,General,Urban,B+,1,3,Summer,39.1,24.9,4,10,5,1,0,0,120,48
6,General,Urban,O+,7,10,Summer,36.7,0.5,4,13,11,4,0,0,129,56
19,Clinic,Rural,B+,6,9,Monsoon,29.5,125.0,9,18,7,1,0,0,26,56
17,Trauma,Semi-Urban,O-,7,11,Summer,32.6,20.3,2,20,14,3,0,0,231,71
5,General,Urban,B+,3,9,Monsoon,24.3,109.7,6,18,3,1,1,0,126,50
7,Trauma,Urban,A+,4,6,Monsoon,28.2,142.5,6,17,16,4,0,0,217,78
13,Clinic,Rural,O+,4,4,Summer,37.7,20.2,6,9,8,2,0,0,36,38
13,Clinic,Rural,O+,4,12,Winter,23.2,0.2,6,4,4,6,0,0,38,35
5,General,Urban,B+,5,9,Monsoon,19.6,14.7,2,15,4,6,0,0,122,52
24,Trauma,Rural,B+,4,11,Summer,41.3,6.0,3,5,8,2,0,0,248,49
10,General,Urban,O+,6,8,Monsoon,28.3,109.4,0,20,10,4,0,0,110,61
10,General,Urban,A+,1,7,Monsoon,29.7,101.3,11,8,11,5,0,0,116,61
2,Trauma,Semi-Urban,B+,2,1,Winter,12.8,1.3,4,15,8,4,0,0,240,57
22,Clinic,Urban,B+,7,1,Winter,17.3,8.2,3,18,3,1,0,0,27,47
6,General,Urban,O+,7,9,Monsoon,29.5,309.1,8,21,10,0,1,0,129,63
25,General,Semi-Urban,O+,6,3,Summer,30.5,20.2,7,12,9,3,0,0,132,46
13,Clinic,Rural,A+,3,1,Winter,9.3,4.0,7,6,4,4,0,0,31,33
22,Clinic,Urban,O-,4,10,Summer,35.0,15.6,6,13,3,3,0,0,38,44
5,General,Urban,B+,1,8,Monsoon,26.9,48.3,1,12,7,6,0,0,114,55
5,General,Urban,O+,2,2,Winter,22.3,1.0,3,7,3,0,1,0,127,32
21,General,Urban,O-,6,6,Monsoon,26.5,158.0,17,19,14,3,0,0,113,82
21,General,Urban,B+,3,6,Monsoon,26.7,140.7,21,19,6,5,0,1,143,74
14,Trauma,Urban,A+,4,1,Winter,20.1,6.5,5,7,7,5,0,0,250,50
1,Trauma,Rural,A+,1,8,Monsoon,30.1,106.7,13,17,18,4,0,0,228,81
24,Trauma,Rural,B+,4,5,Summer,31.9,3.1,5,10,14,3,0,0,253,52
10,General,Urban,B-,6,11,Summer,36.8,2.9,0,13,8,1,0,0,132,50
24,Trauma,Rural,A+,5,2,Winter,16.4,1.3,0,6,13,5,0,0,231,55
22,Clinic,Urban,O+,4,11,Summer,34.0,31.4,5,7,7,0,0,0,37,34
22,Clinic,Urban,A+,7,1,Winter,20.0,0.8,3,16,5,2,0,0,30,46
18,Trauma,Semi-Urban,O+,2,10,Summer,36.5,10.0,3,12,17,3,0,0,208,72
17,Trauma,Semi-Urban,O+,3,10,Summer,35.0,7.1,12,7,10,5,0,0,236,55
14,Trauma,Urban,A+,5,5,Summer,30.8,3.0,2,8,13,4,0,1,247,60
1,Trauma,Rural,AB+,4,4,Summer,28.4,16.4,2,7,7,4,0,0,231,56
10,General,Urban,O+,7,2,Winter,17.4,9.2,4,13,10,3,0,0,122,53
19,Clinic,Rural,B+,1,5,Summer,36.9,10.8,5,7,5,4,0,0,39,36
21,General,Urban,O+,1,9,Monsoon,28.3,17.4,4,13,9,6,0,1,147,63
14,Trauma,Urban,O+,3,9,Monsoon,27.7,63.5,7,7,15,5,0,0,225,63
18,Trauma,Semi-Urban,B+,4,3,Summer,34.0,6.7,6,8,12,1,1,0,230,60
1,Trauma,Rural,O+,7,1,Winter,18.9,2.5,3,9,8,2,0,0,242,47
12,General,Urban,A+,4,7,Monsoon,24.0,69.5,4,6,5,6,0,0,131,44
13,Clinic,Rural,A+,4,7,Monsoon,29.3,244.5,13,15,6,2,0,0,25,54
23,General,Semi-Urban,B+,2,12,Winter,20.5,4.5,3,8,5,7,0,1,144,48
8,Clinic,Rural,O+,4,10,Summer,32.9,15.6,9,9,4,3,0,0,36,42
6,General,Urban,O+,4,7,Monsoon,28.3,49.3,6,8,6,11,0,1,128,56
9,General,Urban,O+,5,8,Monsoon,21.9,154.4,4,5,4,7,0,0,128,51
5,General,Urban,O+,5,8,Monsoon,27.5,167.8,6,7,8,6,0,0,118,52
14,Trauma,Urban,B+,4,6,Monsoon,26.6,127.1,13,19,10,4,0,1,246,81
17,Trauma,Semi-Urban,B+,2,9,Monsoon,30.8,119.0,19,8,11,6,0,0,235,77
21,General,Urban,AB+,2,3,Summer,33.4,2.9,1,9,7,9,0,0,118,50
25,General,Semi-Urban,O+,2,10,Summer,36.6,15.2,3,10,7,5,0,0,120,46
2,Trauma,Semi-Urban,O+,5,11,Summer,32.8,30.1,5,10,7,4,0,0,243,57
7,Trauma,Urban,A+,6,6,Monsoon,20.1,111.5,6,17,15,2,0,1,229,74
8,Clinic,Rural,A+,7,6,Monsoon,26.3,140.3,3,11,7,3,0,0,32,46
7,Trauma,Urban,O+,3,6,Monsoon,27.6,64.0,5,7,10,4,0,0,209,63
21,General,Urban,A+,1,10,Summer,34.5,6.2,3,8,4,9,0,0,124,52
4,Clinic,Urban,O+,5,3,Summer,34.5,4.0,0,7,3,4,0,0,41,31
1,Trauma,Rural,O+,1,5,Summer,32.5,26.7,5,16,18,1,0,0,226,67
22,Clinic,Urban,B+,5,8,Monsoon,26.0,74.9,9,16,3,2,0,0,22,53
25,General,Semi-Urban,B+,3,9,Monsoon,23.6,169.0,4,16,9,7,0,0,120,63
6,General,Urban,A+,6,4,Summer,28.0,7.9,5,10,11,4,0,0,118,55
9,General,Urban,A+,5,2,Winter,17.7,7.3,8,6,7,4,0,0,120,47
13,Clinic,Rural,B+,6,7,Monsoon,24.8,87.0,2,18,4,0,0,0,34,47
14,Trauma,Urban,O+,3,8,Monsoon,30.2,63.5,2,11,8,3,0,1,270,54
25,General,Semi-Urban,A+,6,10,Summer,27.5,8.7,3,7,5,2,1,0,119,37
11,General,Semi-Urban,O+,4,1,Winter,18.9,6.2,4,13,0,3,0,0,131,38
1,Trauma,Rural,A+,5,1,Winter,24.4,4.5,3,6,13,4,0,0,250,53
11,General,Semi-Urban,O+,3,5,Summer,33.5,21.6,6,16,7,2,1,0,119,54
14,Trauma,Urban,O+,4,7,Monsoon,27.0,205.0,8,19,11,2,0,0,222,77
13,Clinic,Rural,B+,6,1,Winter,19.3,2.8,6,10,4,1,0,0,42,36
13,Clinic,Rural,O+,3,3,Summer,35.5,18.3,0,7,5,0,0,0,46,30
24,Trauma,Rural,A+,1,6,Monsoon,25.8,78.3,1,10,11,4,0,0,249,54
21,General,Urban,B+,3,4,Summer,31.0,8.2,1,7,4,3,0,0,121,44
7,Trauma,Urban,B+,3,9,Monsoon,29.0,112.5,3,15,9,4,0,0,259,64
9,General,Urban,A+,3,1,Winter,12.3,0.8,4,8,11,7,0,0,119,53
17,Trauma,Semi-Urban,O-,1,11,Summer,36.5,23.3,1,3,6,2,0,1,265,42
11,General,Semi-Urban,O+,1,3,Summer,32.8,14.5,6,9,4,2,0,0,123,41
11,General,Semi-Urban,O+,3,6,Monsoon,27.0,47.9,2,15,8,3,0,0,111,51
5,General,Urban,O+,3,12,Winter,16.4,4.2,3,7,5,7,0,1,153,46
7,Trauma,Urban,A+,1,8,Monsoon,31.3,16.3,0,5,15,6,0,1,254,57
19,Clinic,Rural,B+,3,12,Winter,18.7,1.1,6,4,3,7,0,0,31,38
22,Clinic,Urban,B+,3,1,Winter,17.0,1.1,0,8,4,3,0,0,43,34
20,General,Urban,B-,1,9,Monsoon,26.0,27.4,5,9,4,1,0,0,118,50
8,Clinic,Rural,O+,2,1,Winter,17.6,2.8,5,7,1,1,1,0,41,25
4,Clinic,Urban,B+,2,8,Monsoon,34.2,104.9,1,14,3,3,0,0,28,47
4,Clinic,Urban,O+,2,4,Summer,30.0,57.2,5,11,5,3,0,0,32,43
10,General,Urban,A+,6,10,Summer,37.2,25.9,6,9,8,4,0,0,121,51
13,Clinic,Rural,B+,1,2,Winter,19.7,0.4,1,11,3,0,0,0,39,32
23,General,Semi-Urban,A+,5,11,Summer,38.6,36.4,9,17,11,8,0,0,130,65
23,General,Semi-Urban,O+,5,6,Monsoon,28.9,48.4,3,18,8,1,0,0,126,55
1,Trauma,Rural,B+,6,7,Monsoon,27.0,122.1,3,13,10,3,0,0,226,59
18,Trauma,Semi-Urban,O+,4,7,Monsoon,30.1,73.9,1,10,8,4,0,0,231,55
8,Clinic,Rural,O+,4,1,Winter,18.7,10.9,7,16,5,2,0,0,40,42
5,General,Urban,O+,6,4,Summer,36.3,24.3,2,10,4,4,0,0,124,50
14,Trauma,Urban,B+,6,9,Monsoon,31.3,235.0,11,18,13,1,1,0,215,73
1,Trauma,Rural,O+,2,12,Winter,18.3,5.1,6,7,16,2,0,0,226,56
9,General,Urban,O+,6,12,Winter,16.7,2.2,5,11,6,5,0,0,135,48
14,Trauma,Urban,O+,4,7,Monsoon,25.1,140.1,5,11,14,0,0,0,234,62
7,Trauma,Urban,B+,1,4,Summer,35.4,29.8,10,12,10,1,1,0,237,54
15,Trauma,Urban,AB+,5,6,Monsoon,24.4,42.0,4,14,8,6,0,0,227,64
12,General,Urban,A+,7,6,Monsoon,26.0,115.8,4,13,8,6,0,0,115,62
20,General,Urban,B+,1,5,Summer,31.1,22.4,13,9,6,6,0,0,124,51
5,General,Urban,O+,1,5,Summer,35.5,7.2,7,5,9,7,0,0,125,51
2,Trauma,Semi-Urban,O+,7,11,Summer,31.7,8.8,3,14,13,3,0,0,219,66
14,Trauma,Urban,A+,5,5,Summer,30.1,10.9,1,2,9,6,0,0,254,48
7,Trauma,Urban,O+,2,1,Winter,14.7,4.7,3,10,12,4,0,0,216,56
18,Trauma,Semi-Urban,B+,6,9,Monsoon,25.3,87.1,4,13,7,6,0,1,235,60
3,Clinic,Urban,B+,3,8,Monsoon,25.6,93.9,6,13,7,2,0,0,29,50
15,Trauma,Urban,B+,3,5,Summer,34.8,40.8,8,14,12,4,0,0,239,60
25,General,Semi-Urban,O+,3,8,Monsoon,26.5,84.6,8,14,6,7,0,0,115,58
3,Clinic,Urban,A+,5,12,Winter,19.1,9.3,2,10,5,4,0,0,36,39
8,Clinic,Rural,A+,1,12,Winter,19.4,15.2,6,6,7,1,1,0,40,24
22,Clinic,Urban,A+,3,10,Summer,36.2,6.1,6,8,2,3,0,1,58,37
14,Trauma,Urban,O+,3,8,Monsoon,21.3,172.1,16,15,9,3,0,1,255,77
5,General,Urban,O+,1,1,Winter,14.6,2.4,6,8,4,7,0,0,117,47
6,General,Urban,B+,6,7,Monsoon,28.7,166.8,13,18,11,5,0,1,137,71
20,General,Urban,B+,1,10,Summer,34.6,8.0,4,7,9,6,0,0,128,47
22,Clinic,Urban,AB+,7,11,Summer,36.9,1.2,6,7,8,4,0,0,27,44
10,General,Urban,O+,1,10,Summer,29.4,21.5,3,5,5,6,0,0,121,45
12,General,Urban,A+,3,12,Winter,16.6,3.8,3,5,8,5,0,0,125,45
20,General,Urban,B+,1,7,Monsoon,26.1,210.5,10,22,12,5,0,0,120,75
5,General,Urban,O+,3,2,Winter,18.5,2.3,2,5,6,10,0,0,117,50
6,General,Urban,A+,5,6,Monsoon,27.1,84.0,9,7,9,3,1,0,119,51
20,General,Urban,O-,1,4,Summer,35.4,7.6,5,5,7,5,0,1,153,43
5,General,Urban,A+,4,11,Summer,33.7,3.8,6,6,5,3,1,0,116,44
20,General,Urban,B+,6,10,Summer,38.1,16.0,5,9,7,3,0,0,117,48
13,Clinic,Rural,A+,4,6,Monsoon,32.1,84.3,5,12,4,2,0,0,35,43
25,General,Semi-Urban,B+,1,5,Summer,30.6,1.9,6,3,3,7,0,0,121,37
1,Trauma,Rural,A+,5,2,Winter,18.1,9.0,5,7,12,4,0,0,232,56
24,Trauma,Rural,O+,2,1,Winter,20.4,3.7,3,6,11,8,0,0,234,55
6,General,Urban,O+,1,4,Summer,35.8,7.4,10,4,10,7,0,0,122,52
1,Trauma,Rural,B+,4,3,Summer,32.8,21.7,8,7,7,13,0,0,222,58
19,Clinic,Rural,B+,2,4,Summer,34.8,26.4,0,12,6,2,0,0,37,42
14,Trauma,Urban,O+,1,12,Winter,13.2,1.2,1,6,5,3,0,0,234,47
21,General,Urban,A+,6,9,Monsoon,26.9,27.7,5,10,12,1,0,0,125,54
3,Clinic,Urban,B+,5,7,Monsoon,22.6,64.4,4,10,5,1,0,0,42,42
3,Clinic,Urban,B+,7,3,Summer,35.5,16.8,3,7,1,3,0,0,42,38
15,Trauma,Urban,AB+,4,11,Summer,30.7,35.2,0,9,17,3,0,1,246,57
23,General,Semi-Urban,AB+,4,8,Monsoon,27.5,4.6,1,9,8,5,0,0,130,52
11,General,Semi-Urban,O+,6,7,Monsoon,28.0,289.9,1,24,11,4,0,0,104,67
20,General,Urban,A+,1,6,Monsoon,27.2,99.6,7,15,11,5,0,1,141,61
23,General,Semi-Urban,AB+,3,7,Monsoon,25.1,204.6,8,11,7,3,0,0,108,55
22,Clinic,Urban,A+,6,11,Summer,33.4,28.3,4,11,3,2,0,0,26,37
13,Clinic,Rural,A+,3,9,Monsoon,30.5,84.4,3,12,4,5,0,0,35,40
18,Trauma,Semi-Urban,A+,7,6,Monsoon,25.7,63.2,14,13,10,2,0,0,215,71
14,Trauma,Urban,O+,2,9,Monsoon,27.1,125.0,15,13,11,6,0,0,209,78
17,Trauma,Semi-Urban,AB+,3,12,Winter,16.3,4.1,5,3,15,9,0,0,226,59
15,Trauma,Urban,B+,7,4,Summer,37.1,7.0,3,14,18,3,0,0,236,72
14,Trauma,Urban,O+,2,11,Summer,34.2,11.7,3,4,13,2,0,0,238,53
11,General,Semi-Urban,B+,7,8,Monsoon,24.7,68.4,12,10,7,4,0,1,149,55
17,Trauma,Semi-Urban,B+,1,3,Summer,34.0,12.6,3,9,13,4,0,0,230,61
19,Clinic,Rural,B-,2,12,Winter,17.3,7.5,1,4,2,2,0,0,35,29
23,General,Semi-Urban,A+,5,9,Monsoon,31.2,67.9,7,10,12,6,0,0,118,63
16,General,Semi-Urban,O+,5,5,Summer,33.9,15.4,5,12,5,4,0,0,115,47
3,Clinic,Urban,B+,7,3,Summer,29.9,11.6,4,7,3,3,0,1,63,39
15,Trauma,Urban,O+,7,11,Summer,35.5,11.5,1,16,17,3,0,0,216,71
8,Clinic,Rural,O+,5,10,Summer,39.4,10.1,3,13,6,1,1,0,30,44
1,Trauma,Rural,A+,5,1,Winter,21.6,5.2,10,6,8,2,0,1,264,46
2,Trauma,Semi-Urban,O+,3,8,Monsoon,23.7,6.6,0,9,6,3,0,1,262,53
15,Trauma,Urban,O+,6,2,Winter,17.2,5.2,2,8,7,2,0,0,241,48
24,Trauma,Rural,AB+,5,4,Summer,33.9,14.6,6,11,17,2,0,0,214,59
13,Clinic,Rural,A+,1,7,Monsoon,26.9,99.1,10,13,1,4,0,0,36,47
12,General,Urban,A+,6,3,Summer,35.1,20.3,5,8,6,5,0,0,121,47
3,Clinic,Urban,A+,3,7,Monsoon,26.0,17.7,6,5,5,4,0,0,33,41
17,Trauma,Semi-Urban,B+,4,6,Monsoon,24.3,178.2,11,17,14,0,0,0,234,72
2,Trauma,Semi-Urban,O+,4,7,Monsoon,29.9,71.7,8,13,7,4,0,0,221,65
22,Clinic,Urban,O+,6,10,Summer,30.6,9.4,3,8,5,2,0,0,37,35
21,General,Urban,A+,2,2,Winter,15.6,1.6,4,9,8,9,0,0,139,51
25,General,Semi-Urban,AB+,3,10,Summer,30.6,6.4,6,10,7,8,0,1,132,49
8,Clinic,Rural,AB+,1,3,Summer,35.8,2.1,2,5,0,0,0,0,45,23
5,General,Urban,B+,3,1,Winter,18.3,3.7,2,11,8,1,0,0,135,43
8,Clinic,Rural,A+,1,6,Monsoon,29.7,58.0,4,9,3,1,0,0,33,37
20,General,Urban,A+,5,4,Summer,31.6,22.8,8,9,11,8,0,0,104,59
6,General,Urban,O+,7,3,Summer,30.2,16.0,3,16,9,3,0,0,108,57
23,General,Semi-Urban,A+,4,6,Monsoon,25.7,101.7,13,12,8,5,0,0,131,61
4,Clinic,Urban,O+,7,11,Summer,33.5,8.6,12,12,7,1,0,1,59,44
2,Trauma,Semi-Urban,A+,7,8,Monsoon,27.6,76.3,5,13,20,0,0,0,211,67
6,General,Urban,B+,1,9,Monsoon,22.0,235.4,7,23,4,6,0,0,121,65
19,Clinic,Rural,O+,4,2,Winter,19.4,2.4,3,6,4,2,0,0,39,31
16,General,Semi-Urban,B+,4,1,Winter,15.3,0.2,8,8,6,7,0,0,118,48
9,General,Urban,AB+,3,5,Summer,32.1,10.2,2,7,2,6,0,0,128,46
17,Trauma,Semi-Urban,B+,6,10,Summer,37.5,5.0,6,7,13,0,0,0,230,56
17,Trauma,Semi-Urban,O+,3,11,Summer,27.5,9.5,2,6,18,3,0,0,249,53
14,Trauma,Urban,O+,1,2,Winter,19.0,3.6,4,9,14,6,0,1,263,59
13,Clinic,Rural,B+,4,6,Monsoon,28.0,38.7,8,6,2,1,0,0,30,37
3,Clinic,Urban,O+,2,5,Summer,31.5,1.9,8,6,7,4,0,0,45,40
7,Trauma,Urban,A+,3,9,Monsoon,25.7,74.9,10,10,15,5,0,0,228,76
14,Trauma,Urban,B+,4,3,Summer,37.7,31.2,7,8,9,3,0,0,231,58
4,Clinic,Urban,O+,6,6,Monsoon,32.9,86.2,12,11,3,3,1,0,30,51
12,General,Urban,AB+,2,11,Summer,37.2,15.0,3,13,9,4,0,0,116,50
3,Clinic,Urban,O+,3,6,Monsoon,32.7,66.4,5,4,1,6,0,0,29,46
20,General,Urban,A+,1,10,Summer,31.9,17.0,4,10,5,2,0,0,123,42
3,Clinic,Urban,A+,3,8,Monsoon,22.3,143.6,3,14,3,2,0,1,54,42
3,Clinic,Urban,O+,5,8,Monsoon,26.8,188.5,9,17,4,1,0,0,37,52
16,General,Semi-Urban,B+,5,4,Summer,36.4,33.0,7,13,10,6,0,0,131,54
6,General,Urban,B+,3,12,Winter,12.4,4.5,10,8,6,9,0,0,116,53
9,General,Urban,O+,1,3,Summer,31.2,27.8,5,8,7,9,0,0,118,51
8,Clinic,Rural,A+,5,12,Winter,15.6,6.6,4,10,6,5,0,1,56,39
6,General,Urban,A-,5,12,Winter,19.1,4.9,2,7,7,5,0,0,131,43
20,General,Urban,B+,1,7,Monsoon,27.7,84.8,5,11,7,7,0,0,114,56
18,Trauma,Semi-Urban,B+,4,11,Summer,31.7,1.3,2,5,22,3,0,0,221,66
6,General,Urban,O-,1,9,Monsoon,27.5,315.3,20,25,11,7,0,0,113,91
18,Trauma,Semi-Urban,B+,4,9,Monsoon,23.6,94.2,4,16,8,9,0,0,243,66
18,Trauma,Semi-Urban,B+,5,1,Winter,16.7,2.4,3,7,16,4,0,0,240,61
14,Trauma,Urban,B+,6,2,Winter,14.2,2.4,5,11,12,2,0,0,231,58
15,Trauma,Urban,O+,5,1,Winter,17.5,5.8,3,11,19,3,0,0,233,68
24,Trauma,Rural,O+,6,1,Winter,15.6,1.1,1,12,10,1,0,0,240,52
12,General,Urban,O+,2,11,Summer,36.1,31.1,4,8,9,7,0,0,110,53
10,General,Urban,O+,6,3,Summer,33.9,15.5,2,12,7,4,0,0,108,50
14,Trauma,Urban,B+,3,1,Winter,17.3,2.0,2,10,11,7,0,0,215,54
21,General,Urban,A+,3,12,Winter,23.3,5.2,3,9,4,5,0,0,117,48
18,Trauma,Semi-Urban,AB+,6,4,Summer,35.1,21.6,14,9,7,0,0,0,227,53
2,Trauma,Semi-Urban,B+,3,10,Summer,32.9,6.6,3,9,9,4,0,0,225,51
12,General,Urban,B+,1,12,Winter,16.2,5.1,8,9,8,3,0,0,125,44
19,Clinic,Rural,B+,6,7,Monsoon,23.5,67.0,4,16,4,0,0,0,37,46
6,General,Urban,O-,5,12,Winter,17.8,2.7,1,8,5,1,0,0,126,41
25,General,Semi-Urban,B+,5,12,Winter,18.9,2.9,6,8,10,1,0,0,132,46
21,General,Urban,A+,2,2,Winter,12.3,0.2,2,9,5,9,0,0,119,52
22,Clinic,Urban,B+,5,2,Winter,13.9,7.4,5,10,1,6,0,0,43,37
3,Clinic,Urban,AB+,2,5,Summer,32.5,9.5,3,8,3,1,0,1,65,36
15,Trauma,Urban,B+,4,7,Monsoon,23.7,67.3,5,10,18,3,0,0,240,71
14,Trauma,Urban,A+,4,10,Summer,34.1,28.3,3,10,5,3,0,0,216,54
16,General,Semi-Urban,A+,6,3,Summer,34.5,16.6,1,12,8,5,0,1,154,46
22,Clinic,Urban,O+,7,3,Summer,33.6,6.0,2,6,3,1,0,0,44,33
9,General,Urban,O+,2,4,Summer,35.7,14.9,3,3,1,7,0,0,120,37
14,Trauma,Urban,O-,1,4,Summer,32.2,17.0,3,11,18,2,0,0,210,64
17,Trauma,Semi-Urban,A+,4,12,Winter,17.9,3.0,4,8,11,2,1,0,227,47
19,Clinic,Rural,O+,7,5,Summer,31.0,38.5,2,13,7,0,0,0,44,37
20,General,Urban,O+,2,11,Summer,34.9,10.2,3,9,8,8,0,0,118,51
9,General,Urban,B+,4,1,Winter,18.2,3.5,2,10,9,0,1,0,109,44
25,General,Semi-Urban,A+,3,2,Winter,14.4,3.6,5,12,8,11,0,0,115,54
1,Trauma,Rural,O+,3,10,Summer,33.5,20.6,4,13,12,4,1,0,223,57
13,Clinic,Rural,A+,5,3,Summer,33.9,5.5,6,9,1,3,0,0,39,35
16,General,Semi-Urban,A+,3,1,Winter,18.8,6.4,2,11,10,8,0,0,114,55
2,Trauma,Semi-Urban,O+,4,8,Monsoon,28.0,320.0,29,24,17,3,0,0,208,101
12,General,Urban,B+,6,2,Winter,15.8,0.9,2,9,6,9,0,0,119,49
15,Trauma,Urban,B-,3,1,Winter,20.3,1.7,8,10,17,3,0,0,249,62
16,General,Semi-Urban,A+,1,5,Summer,35.6,2.6,6,6,7,8,0,1,149,43
3,Clinic,Urban,O-,7,7,Monsoon,24.8,9.4,3,7,2,3,0,0,35,38
7,Trauma,Urban,A+,2,7,Monsoon,23.6,42.7,6,7,6,3,0,0,215,61
7,Trauma,Urban,O+,6,8,Monsoon,25.1,45.2,2,7,15,2,0,0,230,61
16,General,Semi-Urban,A+,6,1,Winter,13.6,6.2,2,10,2,4,0,1,143,38
9,General,Urban,B+,4,4,Summer,34.6,27.8,4,10,4,2,0,0,129,41
15,Trauma,Urban,B+,1,5,Summer,37.6,14.9,5,13,12,6,0,0,243,67
19,Clinic,Rural,A+,7,4,Summer,38.3,25.5,7,12,4,2,0,0,28,44
20,General,Urban,A+,5,7,Monsoon,23.7,142.4,10,18,5,1,0,0,115,62
5,General,Urban,A+,3,3,Summer,36.4,7.2,4,7,9,10,0,0,122,59
23,General,Semi-Urban,O-,6,8,Monsoon,27.3,115.1,6,20,6,3,0,0,135,61
5,General,Urban,B+,6,12,Winter,10.8,1.4,1,7,9,2,1,0,120,40
1,Trauma,Rural,B+,6,8,Monsoon,26.0,87.0,4,15,19,4,0,0,212,74
2,Trauma,Semi-Urban,B+,2,5,Summer,32.7,14.2,3,8,9,3,0,1,249,53
6,General,Urban,AB+,5,6,Monsoon,30.6,131.3,14,15,8,6,0,0,115,70
22,Clinic,Urban,B+,3,8,Monsoon,24.4,244.3,11,12,3,1,0,0,35,50
6,General,Urban,AB-,1,9,Monsoon,28.7,29.2,2,7,12,5,0,0,124,50
18,Trauma,Semi-Urban,O+,3,4,Summer,33.7,11.9,7,6,11,3,0,0,248,52
11,General,Semi-Urban,B+,1,1,Winter,13.7,9.0,7,9,2,8,0,1,149,46
1,Trauma,Rural,O+,1,9,Monsoon,25.3,50.3,4,9,16,3,0,0,239,66
12,General,Urban,O+,6,8,Monsoon,31.6,39.7,1,9,7,2,0,0,133,51
1,Trauma,Rural,O+,4,2,Winter,17.5,5.7,4,5,10,1,0,0,223,49
12,General,Urban,B+,3,8,Monsoon,29.7,125.9,6,14,7,8,0,0,115,63
14,Trauma,Urban,O+,2,1,Winter,20.6,0.8,4,4,12,2,0,0,218,52
14,Trauma,Urban,B+,6,8,Monsoon,25.7,56.8,2,12,13,2,0,0,223,64
8,Clinic,Rural,A+,5,9,Monsoon,23.1,34.3,2,9,4,4,0,0,35,42
20,General,Urban,O+,5,1,Winter,14.5,1.3,5,10,8,9,0,0,127,52
15,Trauma,Urban,AB+,2,9,Monsoon,31.4,119.6,9,11,6,6,0,0,248,62
7,Trauma,Urban,B+,1,2,Winter,18.5,4.8,2,3,8,2,0,1,262,43
11,General,Semi-Urban,B+,1,4,Summer,28.8,11.9,5,13,5,7,0,0,121,53
3,Clinic,Urban,O+,1,9,Monsoon,29.5,28.8,5,3,4,6,0,0,27,42
24,Trauma,Rural,B+,7,5,Summer,28.6,4.6,1,14,19,2,0,0,226,61
19,Clinic,Rural,A+,3,12,Winter,15.5,4.5,2,12,5,2,0,0,43,37
8,Clinic,Rural,O+,5,12,Winter,18.2,0.9,2,11,3,2,0,0,38,38
17,Trauma,Semi-Urban,A+,7,12,Winter,25.6,0.5,1,6,7,3,0,0,245,46
17,Trauma,Semi-Urban,A+,7,2,Winter,20.4,2.3,4,14,13,3,0,0,243,62
16,General,Semi-Urban,B+,3,3,Summer,32.6,12.0,5,8,6,6,0,0,126,47
2,Trauma,Semi-Urban,AB+,4,3,Summer,34.1,2.2,3,7,14,8,0,0,227,59
22,Clinic,Urban,B+,4,8,Monsoon,29.8,116.0,7,12,6,2,0,0,33,49
24,Trauma,Rural,AB+,1,6,Monsoon,31.3,79.0,4,15,11,4,0,0,245,63
25,General,Semi-Urban,O+,6,9,Monsoon,26.3,32.6,4,11,7,1,0,1,141,46
25,General,Semi-Urban,A+,5,4,Summer,33.3,12.8,4,11,7,1,0,1,141,42
24,Trauma,Rural,O+,3,3,Summer,31.5,1.3,6,11,13,6,0,0,234,64
19,Clinic,Rural,O+,4,8,Monsoon,29.0,64.2,9,6,2,5,0,0,38,43
2,Trauma,Semi-Urban,B+,6,8,Monsoon,30.1,66.5,2,17,11,0,1,0,211,60
12,General,Urban,A-,1,9,Monsoon,21.2,86.7,6,11,9,8,0,0,112,63
7,Trauma,Urban,O+,5,4,Summer,32.8,13.2,2,9,9,4,0,0,224,55
6,General,Urban,A+,7,7,Monsoon,23.4,145.1,8,15,9,2,0,1,129,62
21,General,Urban,B+,6,12,Winter,18.5,3.3,4,10,5,2,0,0,131,46
21,General,Urban,O+,5,8,Monsoon,23.3,23.0,1,4,4,5,0,0,132,41
14,Trauma,Urban,B+,1,12,Winter,14.0,1.5,7,5,14,2,0,1,254,54
19,Clinic,Rural,B+,6,6,Monsoon,30.4,320.0,6,27,5,0,0,0,36,57
4,Clinic,Urban,A+,6,1,Winter,17.5,0.6,2,10,2,3,0,1,47,32
6,General,Urban,A+,4,10,Summer,33.8,42.8,1,13,8,5,0,0,122,53
22,Clinic,Urban,AB+,5,6,Monsoon,28.3,263.1,6,30,9,1,0,0,27,60
12,General,Urban,B+,5,1,Winter,20.9,0.8,4,9,8,6,0,1,168,44
14,Trauma,Urban,B+,1,2,Winter,16.7,6.7,2,5,9,3,0,0,222,46
12,General,Urban,A+,2,4,Summer,32.8,16.2,8,6,6,5,0,0,108,49
6,General,Urban,O+,6,3,Summer,32.8,26.5,9,10,5,3,0,0,129,48
21,General,Urban,O+,7,9,Monsoon,30.2,41.3,1,14,8,5,0,0,113,58
19,Clinic,Rural,O+,2,8,Monsoon,26.8,115.1,11,4,3,3,0,0,33,41
18,Trauma,Semi-Urban,AB+,3,4,Summer,33.1,6.7,8,5,6,5,0,0,218,47
9,General,Urban,O+,7,2,Winter,19.2,1.2,2,15,8,5,0,0,118,53
17,Trauma,Semi-Urban,B+,2,1,Winter,23.5,3.6,4,12,15,3,0,0,217,60
24,Trauma,Rural,O+,2,12,Winter,18.2,5.8,4,11,16,5,0,0,228,69
17,Trauma,Semi-Urban,O+,1,5,Summer,33.2,18.9,1,6,15,4,0,1,249,58
13,Clinic,Rural,O+,2,2,Winter,23.8,7.1,3,6,3,0,0,0,48,28
7,Trauma,Urban,B+,5,9,Monsoon,31.0,44.1,7,8,12,6,0,0,217,65
14,Trauma,Urban,A+,3,11,Summer,37.6,38.4,9,11,7,2,0,0,212,59
10,General,Urban,O+,7,2,Winter,16.5,3.5,3,8,7,2,0,0,130,43
16,General,Semi-Urban,B+,7,12,Winter,16.2,1.2,1,17,7,3,0,0,118,50
2,Trauma,Semi-Urban,AB+,7,9,Monsoon,21.5,162.8,4,21,10,2,0,1,264,68
5,General,Urban,AB+,6,4,Summer,36.9,11.1,6,6,9,2,0,0,110,45
20,General,Urban,O+,5,10,Summer,34.2,7.4,3,9,12,2,0,0,116,53
10,General,Urban,O+,4,6,Monsoon,21.6,80.7,3,13,6,11,0,0,120,60
11,General,Semi-Urban,A+,7,8,Monsoon,30.6,14.6,3,11,7,3,0,1,119,54
14,Trauma,Urban,A+,1,2,Winter,17.0,9.5,9,7,13,6,0,0,231,58
11,General,Semi-Urban,A+,6,3,Summer,33.4,17.7,3,10,5,8,0,1,150,50
19,Clinic,Rural,A+,1,10,Summer,29.5,12.4,8,14,2,1,0,0,42,41
7,Trauma,Urban,B+,3,10,Summer,35.5,9.2,5,3,8,1,0,0,243,51
19,Clinic,Rural,A+,2,1,Winter,19.5,7.3,4,11,3,4,0,0,44,38
6,General,Urban,O+,5,3,Summer,33.9,34.6,4,6,6,0,0,0,122,38
10,General,Urban,AB-,6,8,Monsoon,25.7,28.2,5,13,8,2,0,0,116,58
15,Trauma,Urban,O+,1,11,Summer,41.9,12.4,8,11,12,2,0,1,237,60
23,General,Semi-Urban,B+,5,9,Monsoon,23.4,109.8,8,11,7,9,0,0,102,62
6,General,Urban,O+,2,9,Monsoon,24.8,176.0,5,16,7,5,0,0,130,61
15,Trauma,Urban,B+,1,5,Summer,36.1,19.7,3,5,14,1,0,0,234,54
2,Trauma,Semi-Urban,O+,3,1,Winter,15.0,4.6,2,8,14,2,0,1,269,54
2,Trauma,Semi-Urban,A+,5,10,Summer,30.7,11.5,3,13,7,6,0,0,227,57
20,General,Urban,O-,2,10,Summer,37.4,3.2,3,12,9,2,0,1,139,54
18,Trauma,Semi-Urban,B+,3,6,Monsoon,28.8,93.9,8,14,12,3,0,1,234,63
10,General,Urban,A+,7,7,Monsoon,28.5,69.6,7,6,6,4,0,0,119,49
16,General,Semi-Urban,O+,3,3,Summer,34.5,3.6,2,8,4,4,0,0,125,38
10,General,Urban,B+,7,6,Monsoon,24.9,237.1,13,22,11,1,0,0,119,72
7,Trauma,Urban,A+,6,3,Summer,33.2,12.3,10,10,11,2,0,0,226,58
11,General,Semi-Urban,AB+,3,6,Monsoon,26.8,135.3,8,16,9,3,0,0,117,64
8,Clinic,Rural,B+,5,2,Winter,20.5,2.8,4,9,4,2,0,0,44,39
21,General,Urban,O+,5,8,Monsoon,28.3,36.4,4,14,12,4,0,0,134,59
11,General,Semi-Urban,A+,4,3,Summer,31.2,20.3,12,9,11,9,0,0,122,52
9,General,Urban,O-,3,9,Monsoon,29.4,247.8,25,18,9,9,0,0,107,82
14,Trauma,Urban,A+,3,7,Monsoon,22.0,174.3,8,12,11,4,0,0,226,64
19,Clinic,Rural,A+,1,11,Summer,33.0,16.8,4,18,4,8,0,0,36,50
7,Trauma,Urban,O+,1,3,Summer,30.6,9.7,0,8,12,6,0,0,221,61
24,Trauma,Rural,O+,3,4,Summer,31.4,14.5,7,10,6,3,0,0,244,47
12,General,Urban,B+,6,3,Summer,39.8,19.8,14,7,7,2,0,0,127,47
17,Trauma,Semi-Urban,B+,2,8,Monsoon,22.6,65.7,8,16,19,2,0,1,252,76
24,Trauma,Rural,O-,2,2,Winter,15.5,5.6,4,10,5,3,0,0,244,52
11,General,Semi-Urban,B-,3,9,Monsoon,28.5,74.6,7,12,11,6,0,1,131,61
5,General,Urban,A+,5,10,Summer,32.6,1.2,1,10,7,3,0,0,128,47
19,Clinic,Rural,O-,2,9,Monsoon,27.5,38.2,3,14,2,3,0,0,35,49
1,Trauma,Rural,B+,2,2,Winter,22.3,3.1,1,12,14,6,0,0,230,61
12,General,Urban,O-,1,6,Monsoon,29.0,93.7,10,16,8,9,0,0,124,72
25,General,Semi-Urban,B+,3,7,Monsoon,25.6,162.7,14,15,12,5,0,1,152,75
11,General,Semi-Urban,O-,2,5,Summer,33.6,15.2,3,12,3,4,0,0,120,41
18,Trauma,Semi-Urban,O+,6,6,Monsoon,28.6,18.9,0,14,8,1,0,1,245,55
14,Trauma,Urban,B+,7,10,Summer,35.9,19.8,4,12,12,1,0,0,231,60
6,General,Urban,B+,3,11,Summer,34.1,9.3,9,8,6,10,0,0,117,53
8,Clinic,Rural,O+,1,4,Summer,35.1,3.1,14,5,3,0,0,0,37,30
14,Trauma,Urban,B-,1,4,Summer,35.1,19.7,1,10,12,1,0,0,230,57
3,Clinic,Urban,A+,3,3,Summer,33.7,22.0,4,3,5,2,0,0,37,36
11,General,Semi-Urban,O+,4,5,Summer,32.2,13.7,4,7,4,9,0,0,129,44
11,General,Semi-Urban,A+,4,7,Monsoon,29.2,111.4,6,16,14,4,0,0,128,64
21,General,Urban,A+,3,9,Monsoon,27.9,95.2,5,18,2,7,0,1,131,61
4,Clinic,Urban,A+,3,4,Summer,27.8,19.2,1,5,7,2,0,0,39,29
22,Clinic,Urban,A+,2,3,Summer,31.5,10.5,4,3,2,3,1,0,33,34
11,General,Semi-Urban,B+,4,1,Winter,16.6,0.3,5,3,7,1,1,0,117,34
17,Trauma,Semi-Urban,B+,5,2,Winter,17.4,1.5,0,14,9,7,0,0,236,59
14,Trauma,Urban,B+,1,1,Winter,21.6,1.7,4,4,12,4,0,1,260,51
8,Clinic,Rural,A+,4,3,Summer,42.0,9.3,9,8,5,5,0,0,31,42
24,Trauma,Rural,B+,5,9,Monsoon,19.6,73.8,2,11,10,3,0,0,215,60
6,General,Urban,O+,5,10,Summer,34.9,32.3,9,7,6,8,0,0,120,53
1,Trauma,Rural,O+,4,12,Winter,18.2,3.5,2,9,16,3,0,0,229,59
19,Clinic,Rural,A+,4,7,Monsoon,26.5,111.4,5,15,2,1,0,0,30,42
16,General,Semi-Urban,O+,5,6,Monsoon,28.6,78.3,4,8,8,4,0,0,128,50
23,General,Semi-Urban,B+,3,11,Summer,34.4,13.3,6,9,9,10,0,0,122,57
12,General,Urban,O+,4,2,Winter,16.9,4.5,5,5,6,4,0,0,120,42
1,Trauma,Rural,B-,3,8,Monsoon,27.1,174.7,21,12,12,4,0,1,262,75
1,Trauma,Rural,B+,4,10,Summer,35.7,24.8,7,7,10,3,1,0,221,50
11,General,Semi-Urban,O+,1,7,Monsoon,28.4,24.0,3,12,4,4,0,0,119,50
7,Trauma,Urban,O+,3,4,Summer,34.6,6.3,4,6,11,5,0,0,225,54
24,Trauma,Rural,O+,1,8,Monsoon,25.2,67.6,8,11,16,5,0,0,218,68
3,Clinic,Urban,O+,2,12,Winter,26.5,6.7,0,7,4,6,0,0,30,39
23,General,Semi-Urban,O-,3,3,Summer,35.1,14.5,1,8,3,7,0,0,113,41
6,General,Urban,A+,4,7,Monsoon,29.3,73.6,6,10,4,4,0,0,130,51
3,Clinic,Urban,A+,7,1,Winter,16.5,1.1,4,9,7,1,0,1,63,38
7,Trauma,Urban,B-,1,3,Summer,34.6,20.4,7,10,8,6,0,0,245,57
4,Clinic,Urban,O+,7,10,Summer,34.5,26.0,4,20,8,7,0,0,35,57
11,General,Semi-Urban,A-,3,6,Monsoon,21.3,40.4,3,9,5,4,0,1,129,51
9,General,Urban,A+,6,3,Summer,31.9,2.3,5,14,4,2,0,0,123,53
14,Trauma,Urban,O+,5,5,Summer,31.8,11.4,2,14,10,4,0,0,241,62
14,Trauma,Urban,A+,7,2,Winter,16.2,3.3,0,14,11,4,0,0,215,58
1,Trauma,Rural,AB+,1,10,Summer,30.8,31.2,4,10,11,5,0,0,231,59
4,Clinic,Urban,O+,7,12,Winter,18.1,2.1,0,9,1,1,0,0,40,29
5,General,Urban,A+,1,2,Winter,22.2,1.8,3,14,10,4,0,0,132,53
5,General,Urban,O-,7,3,Summer,34.4,6.0,6,15,11,4,0,0,115,56
3,Clinic,Urban,AB+,5,11,Summer,30.5,4.2,6,10,7,0,1,0,34,38
8,Clinic,Rural,B-,4,11,Summer,30.9,10.3,3,7,2,3,0,0,45,25
14,Trauma,Urban,O+,3,10,Summer,32.9,21.3,3,8,13,6,0,1,261,59
8,Clinic,Rural,O+,1,9,Monsoon,22.8,153.3,11,15,3,3,0,0,39,51
9,General,Urban,O+,6,11,Summer,34.9,4.4,1,12,4,4,0,0,119,50
12,General,Urban,O+,6,5,Summer,38.1,24.1,3,12,7,3,0,0,129,48
14,Trauma,Urban,O+,7,11,Summer,32.3,12.3,1,5,10,1,0,0,245,48
9,General,Urban,A+,6,11,Summer,34.2,1.6,2,12,9,4,0,0,123,53
6,General,Urban,O+,7,3,Summer,32.7,19.6,11,15,11,6,0,1,135,65
11,General,Semi-Urban,O+,7,1,Winter,16.1,7.2,0,6,3,9,0,0,129,44
1,Trauma,Rural,O+,3,7,Monsoon,27.6,56.7,12,17,15,0,0,0,242,72
13,Clinic,Rural,AB+,5,10,Summer,32.0,12.1,3,11,3,3,0,0,33,35
24,Trauma,Rural,B+,2,11,Summer,31.6,10.1,3,19,10,7,0,0,210,65
10,General,Urban,O+,6,2,Winter,13.1,3.7,5,12,7,3,0,0,126,53
3,Clinic,Urban,A+,5,5,Summer,34.2,9.8,3,4,2,5,0,0,44,33
18,Trauma,Semi-Urban,O+,4,10,Summer,37.2,13.9,2,5,17,4,0,1,249,61
4,Clinic,Urban,A+,5,1,Winter,20.1,0.3,3,7,4,2,0,0,38,34
5,General,Urban,O+,2,9,Monsoon,31.5,54.8,9,9,6,9,0,0,118,57
4,Clinic,Urban,A+,5,4,Summer,32.0,10.7,6,10,0,7,0,1,58,37
23,General,Semi-Urban,AB+,4,1,Winter,20.6,5.1,5,5,6,8,0,0,123,44
25,General,Semi-Urban,O+,3,3,Summer,30.7,1.0,1,9,7,5,0,0,127,50
15,Trauma,Urban,B+,7,9,Monsoon,29.1,174.3,2,30,11,2,0,0,240,76
16,General,Semi-Urban,O+,1,11,Summer,38.9,12.1,5,6,4,4,0,0,130,42
17,Trauma,Semi-Urban,AB+,6,1,Winter,19.5,6.8,14,12,12,2,0,0,229,63
16,General,Semi-Urban,O+,2,6,Monsoon,32.0,109.2,10,8,9,3,0,0,133,56
14,Trauma,Urban,O+,2,3,Summer,32.2,29.6,4,6,14,7,0,0,227,60
25,General,Semi-Urban,O+,2,9,Monsoon,26.6,114.1,8,8,8,5,0,0,119,54
19,Clinic,Rural,AB+,1,10,Summer,31.3,2.4,1,8,3,4,0,0,35,34
3,Clinic,Urban,A+,1,12,Winter,18.1,5.3,3,10,3,2,0,0,35,34
10,General,Urban,A+,6,5,Summer,34.8,13.0,5,12,10,2,0,0,136,55
25,General,Semi-Urban,O-,7,4,Summer,34.1,7.0,0,3,8,3,0,0,119,42
11,General,Semi-Urban,O+,5,4,Summer,32.6,13.5,2,7,6,4,0,1,155,41
6,General,Urban,A+,1,10,Summer,32.5,16.4,4,8,8,5,0,0,122,51
22,Clinic,Urban,O+,7,6,Monsoon,28.0,100.1,7,16,2,1,0,0,31,53
16,General,Semi-Urban,O+,5,1,Winter,17.5,0.9,1,11,10,9,0,1,138,54
15,Trauma,Urban,B+,4,12,Winter,14.5,9.0,7,5,19,5,0,0,214,64
11,General,Semi-Urban,A+,7,2,Winter,12.3,5.9,2,12,6,3,0,0,110,44
4,Clinic,Urban,O+,3,12,Winter,16.2,3.3,1,10,4,5,0,0,36,41
10,General,Urban,O+,3,2,Winter,13.9,2.6,0,4,4,2,1,0,129,30
11,General,Semi-Urban,B+,6,7,Monsoon,24.5,207.7,7,16,3,4,0,0,121,54
24,Trauma,Rural,O+,4,4,Summer,32.7,13.9,4,7,11,5,0,0,228,56
8,Clinic,Rural,AB+,6,9,Monsoon,26.6,25.9,6,6,3,1,0,1,60,39
4,Clinic,Urban,B+,5,5,Summer,32.0,30.3,3,9,5,3,0,0,29,39
11,General,Semi-Urban,O+,6,5,Summer,40.6,8.1,4,8,9,4,0,0,124,46
25,General,Semi-Urban,O-,3,6,Monsoon,23.2,25.7,4,12,11,4,0,0,125,62
13,Clinic,Rural,O+,1,12,Winter,21.6,4.0,2,11,4,3,0,0,41,37
10,General,Urban,O+,4,3,Summer,33.5,6.6,3,8,9,9,0,1,149,52
17,Trauma,Semi-Urban,A+,5,3,Summer,32.0,10.6,4,11,15,3,0,1,250,63
17,Trauma,Semi-Urban,AB+,6,1,Winter,19.8,4.5,4,11,13,2,0,0,217,57
8,Clinic,Rural,O+,2,9,Monsoon,25.6,3.2,1,4,1,0,0,0,42,26
25,General,Semi-Urban,A+,6,9,Monsoon,24.6,92.1,12,17,8,4,0,0,124,68
15,Trauma,Urban,O+,6,8,Monsoon,32.4,179.4,6,13,8,2,0,0,221,61
2,Trauma,Semi-Urban,A+,6,1,Winter,11.4,1.0,3,14,11,3,0,0,233,57
11,General,Semi-Urban,O+,6,10,Summer,33.3,0.8,3,11,7,7,0,0,113,53
24,Trauma,Rural,A+,7,10,Summer,34.6,21.1,4,15,16,3,0,0,248,66
10,General,Urban,O+,5,12,Winter,22.2,3.5,6,8,5,3,0,0,116,45
15,Trauma,Urban,O+,3,12,Winter,16.8,4.9,7,13,21,2,0,0,216,68
16,General,Semi-Urban,A+,4,4,Summer,42.0,8.2,1,8,10,6,0,0,119,56
18,Trauma,Semi-Urban,AB+,6,9,Monsoon,29.3,98.9,7,14,10,2,0,0,217,63
22,Clinic,Urban,B+,2,5,Summer,26.9,30.5,3,11,4,2,0,0,30,40
4,Clinic,Urban,A+,5,8,Monsoon,22.6,123.2,16,13,2,3,0,0,26,54
13,Clinic,Rural,A+,5,4,Summer,34.7,4.0,2,11,3,4,0,0,33,39
14,Trauma,Urban,A+,5,8,Monsoon,23.6,169.6,4,18,14,6,0,0,218,73
4,Clinic,Urban,B+,3,12,Winter,19.6,3.1,1,9,1,4,0,0,37,34
17,Trauma,Semi-Urban,O+,6,8,Monsoon,25.6,10.2,1,10,13,2,0,0,228,57
3,Clinic,Urban,AB+,1,12,Winter,14.4,1.6,3,10,1,6,0,0,39,42
12,General,Urban,O+,6,12,Winter,15.1,1.3,3,11,9,5,0,1,143,50
9,General,Urban,O+,6,2,Winter,20.6,3.0,4,16,6,3,0,1,142,54
4,Clinic,Urban,B+,7,12,Winter,11.9,7.1,2,11,6,0,1,0,35,35
21,General,Urban,A+,7,10,Summer,37.1,20.4,14,9,9,2,0,0,125,53
7,Trauma,Urban,O+,3,6,Monsoon,30.2,51.0,7,10,13,2,0,0,230,65
7,Trauma,Urban,B+,1,8,Monsoon,26.0,115.0,10,10,17,5,0,0,228,77
22,Clinic,Urban,B+,5,8,Monsoon,22.8,56.8,2,9,1,3,0,0,41,46
22,Clinic,Urban,B+,1,10,Summer,35.7,9.2,10,10,3,6,0,0,31,44
1,Trauma,Rural,O+,2,10,Summer,32.5,14.7,7,5,12,3,0,0,203,54
7,Trauma,Urban,O+,5,2,Winter,13.5,1.0,3,5,11,4,0,0,236,54
18,Trauma,Semi-Urban,A-,5,1,Winter,23.7,2.8,9,8,6,9,0,0,246,51
20,General,Urban,B-,5,3,Summer,31.3,10.0,5,10,5,8,0,0,124,50
25,General,Semi-Urban,O+,6,7,Monsoon,22.6,46.0,3,10,4,7,0,0,115,51
14,Trauma,Urban,B+,2,11,Summer,34.9,16.1,4,7,13,2,0,0,229,56
1,Trauma,Rural,B+,6,8,Monsoon,26.8,114.5,16,10,11,3,0,0,234,69
22,Clinic,Urban,O+,5,2,Winter,22.5,1.4,3,4,5,6,0,0,34,34
5,General,Urban,B+,3,9,Monsoon,25.9,27.0,5,7,10,11,0,1,152,59
4,Clinic,Urban,B-,4,6,Monsoon,25.9,80.2,2,14,9,1,0,0,30,48
17,Trauma,Semi-Urban,B+,4,5,Summer,35.0,5.5,2,10,8,6,0,0,228,50
16,General,Semi-Urban,O-,4,10,Summer,34.6,8.3,9,12,3,6,0,1,151,46
2,Trauma,Semi-Urban,B+,3,4,Summer,34.7,0.2,1,4,12,6,0,1,271,52
5,General,Urban,B+,2,8,Monsoon,27.8,71.8,6,8,6,1,0,0,121,49
15,Trauma,Urban,B+,2,3,Summer,34.5,8.6,3,5,20,2,0,0,236,63
7,Trauma,Urban,AB-,3,5,Summer,32.8,3.7,4,5,14,4,0,0,218,60
18,Trauma,Semi-Urban,B+,2,7,Monsoon,29.5,137.4,12,17,19,1,0,0,208,77
11,General,Semi-Urban,O+,4,8,Monsoon,25.9,62.2,6,10,6,5,0,0,125,56
15,Trauma,Urban,A-,7,12,Winter,20.4,3.5,2,9,7,0,0,0,231,46
12,General,Urban,O+,1,4,Summer,38.2,18.9,8,4,6,3,0,0,122,46
10,General,Urban,B+,3,11,Summer,32.0,16.8,8,3,5,7,0,0,126,46
9,General,Urban,B+,1,10,Summer,41.2,2.8,3,5,6,2,0,0,122,47
18,Trauma,Semi-Urban,O+,7,5,Summer,31.9,12.6,2,6,13,2,0,0,245,54
13,Clinic,Rural,A+,5,2,Winter,15.9,1.7,4,7,5,6,0,0,36,35
15,Trauma,Urban,AB+,2,4,Summer,35.6,23.5,5,15,9,4,0,0,215,61
15,Trauma,Urban,O+,3,8,Monsoon,28.3,239.6,13,18,19,5,0,0,208,87
6,General,Urban,O+,6,10,Summer,34.2,25.7,2,10,4,6,0,0,126,48
23,General,Semi-Urban,B+,7,8,Monsoon,29.5,135.4,7,11,5,3,0,0,130,51
15,Trauma,Urban,B+,5,9,Monsoon,27.8,77.3,8,16,14,7,0,0,197,81
18,Trauma,Semi-Urban,A+,2,2,Winter,24.2,5.8,2,10,12,8,0,0,227,67
23,General,Semi-Urban,B+,5,7,Monsoon,26.8,15.5,8,10,7,5,0,0,126,57
24,Trauma,Rural,A+,5,11,Summer,31.4,6.7,2,7,12,6,0,0,241,53
17,Trauma,Semi-Urban,A-,5,5,Summer,32.3,16.3,7,9,11,2,0,0,229,55
20,General,Urban,AB+,1,11,Summer,35.4,9.7,7,9,10,10,0,0,113,58
12,General,Urban,B+,5,2,Winter,19.5,1.2,5,7,9,2,0,0,128,47
19,Clinic,Rural,B+,1,12,Winter,18.6,4.6,4,8,2,2,0,1,61,30
9,General,Urban,B+,7,10,Summer,31.5,29.2,3,14,14,2,0,0,126,58
18,Trauma,Semi-Urban,B+,7,8,Monsoon,30.3,189.6,12,16,18,5,0,0,226,81
3,Clinic,Urban,A+,4,8,Monsoon,32.8,50.4,5,13,2,6,0,0,30,47
23,General,Semi-Urban,B+,5,12,Winter,18.1,9.3,5,11,7,4,0,0,134,44
7,Trauma,Urban,B+,1,5,Summer,39.4,7.9,8,7,7,7,0,0,232,60
17,Trauma,Semi-Urban,O+,7,2,Winter,20.6,3.7,9,12,10,0,1,0,225,52
1,Trauma,Rural,O+,2,12,Winter,24.7,6.5,12,8,4,10,0,0,221,49
4,Clinic,Urban,O+,2,2,Winter,19.4,0.3,0,13,5,4,0,1,56,43
25,General,Semi-Urban,O+,5,8,Monsoon,27.4,88.2,3,13,9,7,0,0,113,58
21,General,Urban,B+,7,4,Summer,36.5,5.3,2,8,11,3,0,0,117,49
6,General,Urban,A+,4,12,Winter,16.7,2.5,2,8,7,10,0,0,108,53
4,Clinic,Urban,O+,4,12,Winter,19.2,6.5,2,11,4,5,0,0,37,41
21,General,Urban,O+,4,6,Monsoon,31.0,57.6,4,7,6,10,0,0,122,54
25,General,Semi-Urban,O+,3,7,Monsoon,29.5,77.6,9,11,11,6,0,1,159,61
5,General,Urban,O+,5,6,Monsoon,26.9,80.7,2,12,7,3,0,0,137,50
17,Trauma,Semi-Urban,A+,7,6,Monsoon,27.6,130.1,2,17,10,2,0,0,246,64
8,Clinic,Rural,O+,3,12,Winter,20.3,6.2,8,11,7,0,1,0,36,36
19,Clinic,Rural,A+,6,4,Summer,36.2,14.2,5,15,7,1,0,0,41,46
11,General,Semi-Urban,B+,6,12,Winter,20.3,2.4,6,12,9,9,0,0,130,50
4,Clinic,Urban,B+,6,8,Monsoon,28.0,95.6,5,12,5,6,0,0,31,49
9,General,Urban,O+,6,12,Winter,15.5,2.3,7,20,11,2,0,0,128,60
14,Trauma,Urban,B+,7,8,Monsoon,25.0,236.3,26,12,14,4,0,0,220,90
20,General,Urban,B+,6,10,Summer,35.4,10.7,5,10,7,4,0,0,134,49
1,Trauma,Rural,O+,7,6,Monsoon,29.5,175.2,7,15,9,0,0,0,238,62
24,Trauma,Rural,B+,6,6,Monsoon,29.1,175.9,6,26,16,2,0,0,244,79
17,Trauma,Semi-Urban,B+,6,4,Summer,32.0,14.2,2,10,12,4,0,0,244,55
22,Clinic,Urban,B+,7,3,Summer,33.5,15.6,3,9,7,1,0,0,40,42
24,Trauma,Rural,O+,7,1,Winter,14.5,4.5,2,9,11,7,0,0,246,56
4,Clinic,Urban,A+,5,5,Summer,29.8,17.9,1,7,3,3,0,0,35,38
3,Clinic,Urban,A+,5,12,Winter,18.2,1.2,6,7,3,6,0,0,34,38
20,General,Urban,A+,7,12,Winter,22.1,12.9,6,13,5,3,0,0,137,50
5,General,Urban,B+,3,9,Monsoon,27.3,94.6,6,19,8,3,1,0,127,58
4,Clinic,Urban,AB+,1,5,Summer,39.7,29.1,4,10,7,2,0,0,31,40
12,General,Urban,A-,7,7,Monsoon,26.5,96.0,2,12,7,2,0,0,116,50
23,General,Semi-Urban,B+,5,10,Summer,34.1,14.0,3,10,4,4,0,0,118,43
20,General,Urban,O+,3,1,Winter,15.0,2.0,0,10,8,9,0,0,137,51
13,Clinic,Rural,B+,6,12,Winter,17.0,2.3,3,13,5,2,0,0,27,47
5,General,Urban,B+,1,11,Summer,30.4,1.6,4,7,5,7,0,0,119,52
9,General,Urban,AB+,4,12,Winter,13.4,11.3,5,12,11,6,0,0,110,60
18,Trauma,Semi-Urban,A+,2,2,Winter,14.5,7.4,3,10,15,2,0,1,244,53
4,Clinic,Urban,A+,3,12,Winter,18.3,2.0,6,8,11,3,0,0,31,42
14,Trauma,Urban,B+,7,8,Monsoon,24.8,89.4,8,11,19,1,0,0,210,68
1,Trauma,Rural,A+,4,7,Monsoon,25.5,127.1,5,13,11,3,0,0,226,65
9,General,Urban,A+,1,3,Summer,35.2,4.4,4,8,13,5,0,0,130,55
7,Trauma,Urban,A+,3,6,Monsoon,22.4,48.2,12,7,10,6,0,0,216,70
18,Trauma,Semi-Urban,O+,2,5,Summer,34.2,11.2,7,9,19,1,0,0,223,62
23,General,Semi-Urban,B+,7,12,Winter,20.5,8.7,11,12,7,2,0,0,136,49
4,Clinic,Urban,O+,3,5,Summer,36.8,6.8,1,5,4,4,0,0,35,36
20,General,Urban,O+,3,3,Summer,35.5,18.4,3,9,10,8,0,1,148,55
17,Trauma,Semi-Urban,O+,3,12,Winter,17.8,10.9,7,8,7,1,0,0,247,49
25,General,Semi-Urban,O+,2,3,Summer,32.1,26.0,3,5,11,5,0,0,124,48
23,General,Semi-Urban,O+,6,11,Summer,33.8,3.9,7,12,5,1,0,0,128,47
3,Clinic,Urban,O-,5,12,Winter,23.0,2.3,3,10,6,1,1,0,34,39
19,Clinic,Rural,A-,4,4,Summer,34.8,11.2,3,7,5,3,0,0,41,31
15,Trauma,Urban,A+,3,9,Monsoon,26.7,45.3,4,9,17,5,0,0,228,68
3,Clinic,Urban,A+,5,10,Summer,35.7,23.2,1,8,6,5,0,1,57,43
7,Trauma,Urban,O+,1,7,Monsoon,27.1,27.6,4,9,10,7,0,0,232,60
24,Trauma,Rural,O+,7,9,Monsoon,27.7,51.8,4,11,22,2,0,0,214,73
14,Trauma,Urban,O+,4,2,Winter,17.3,4.4,2,5,18,6,0,0,235,63
9,General,Urban,B+,2,7,Monsoon,25.8,85.8,8,8,3,7,0,0,115,54
9,General,Urban,B-,4,7,Monsoon,30.0,44.7,2,6,5,5,0,0,123,43
21,General,Urban,B+,6,7,Monsoon,21.1,224.5,7,25,11,3,0,0,119,70
8,Clinic,Rural,O+,2,12,Winter,19.4,1.3,7,9,2,2,0,0,39,38
4,Clinic,Urban,B+,4,10,Summer,32.6,20.9,3,8,5,2,0,1,62,40
15,Trauma,Urban,A+,5,8,Monsoon,21.3,123.0,4,17,11,5,0,0,227,72
25,General,Semi-Urban,B+,6,5,Summer,31.1,18.2,5,14,5,5,0,0,126,50
5,General,Urban,O+,4,5,Summer,33.9,2.5,2,6,8,5,0,0,116,42
7,Trauma,Urban,O+,6,1,Winter,18.3,3.2,3,7,9,3,0,0,232,55
12,General,Urban,O+,6,7,Monsoon,29.2,102.5,8,15,8,3,0,0,111,64
5,General,Urban,B+,7,4,Summer,36.4,16.0,9,6,9,3,0,0,122,43
17,Trauma,Semi-Urban,A+,3,11,Summer,29.4,10.3,4,10,11,2,0,0,238,55
7,Trauma,Urban,B+,5,10,Summer,35.1,18.5,7,3,9,3,0,0,242,53
4,Clinic,Urban,A+,2,11,Summer,36.2,10.8,3,7,2,2,0,0,33,37
7,Trauma,Urban,A+,6,12,Winter,18.7,1.6,6,10,16,5,0,0,218,69
24,Trauma,Rural,B+,7,5,Summer,35.5,6.0,4,10,9,4,1,0,243,51
24,Trauma,Rural,B+,3,6,Monsoon,21.2,117.1,7,9,6,2,0,0,234,53
13,Clinic,Rural,AB+,4,8,Monsoon,24.0,47.0,2,10,2,3,0,0,30,41
11,General,Semi-Urban,O+,6,6,Monsoon,31.1,136.9,24,16,7,2,0,0,131,70
21,General,Urban,O+,1,4,Summer,33.2,6.2,0,2,8,8,0,1,139,42
5,General,Urban,A+,5,9,Monsoon,33.7,32.3,6,12,4,6,0,0,129,58
17,Trauma,Semi-Urban,O+,6,6,Monsoon,23.2,272.1,11,31,11,7,0,0,216,91
18,Trauma,Semi-Urban,O+,7,12,Winter,22.7,8.2,3,15,16,2,0,0,253,65
18,Trauma,Semi-Urban,O+,2,3,Summer,32.2,13.0,7,18,11,3,0,0,230,65
6,General,Urban,O+,6,6,Monsoon,29.6,58.4,1,11,4,3,0,1,148,47
18,Trauma,Semi-Urban,O+,6,7,Monsoon,26.1,138.6,7,16,14,2,0,0,237,71
16,General,Semi-Urban,A-,1,11,Summer,34.3,45.9,6,4,8,7,0,0,120,51
22,Clinic,Urban,O+,5,7,Monsoon,28.8,63.9,0,14,3,2,0,1,46,45
5,General,Urban,B-,5,1,Winter,16.2,11.1,2,9,7,4,0,0,132,48
16,General,Semi-Urban,O+,7,5,Summer,36.4,7.9,1,6,7,6,0,1,132,50
21,General,Urban,O+,1,11,Summer,33.2,3.0,4,10,6,3,0,0,135,48
7,Trauma,Urban,B+,7,4,Summer,34.5,12.4,4,12,11,0,0,0,261,57
19,Clinic,Rural,O+,4,5,Summer,26.1,2.5,1,10,5,5,0,0,29,37
3,Clinic,Urban,O-,2,2,Winter,17.0,5.4,2,12,4,7,0,0,35,45
18,Trauma,Semi-Urban,O+,3,9,Monsoon,30.8,30.3,5,14,11,6,0,0,231,66
16,General,Semi-Urban,O+,6,2,Winter,20.1,4.9,3,16,4,5,0,0,123,50
5,General,Urban,O+,7,5,Summer,36.7,22.1,5,11,13,3,0,0,117,54
2,Trauma,Semi-Urban,A+,3,9,Monsoon,27.2,249.0,16,23,15,3,0,0,217,88
19,Clinic,Rural,O+,7,11,Summer,39.0,3.1,1,10,3,1,0,0,40,32
7,Trauma,Urban,AB+,5,3,Summer,34.9,7.0,3,10,13,6,0,1,243,63
13,Clinic,Rural,O+,2,4,Summer,32.0,9.1,7,4,5,5,0,0,36,32
2,Trauma,Semi-Urban,A+,5,2,Winter,20.6,5.1,10,13,7,5,0,0,242,62
25,General,Semi-Urban,A+,6,6,Monsoon,29.8,77.8,10,7,6,4,0,1,141,57
14,Trauma,Urban,O+,1,12,Winter,19.9,1.4,4,6,7,3,0,0,246,51
24,Trauma,Rural,B+,1,4,Summer,32.8,7.8,2,7,16,3,0,0,224,58
5,General,Urban,O+,1,4,Summer,34.8,14.1,10,4,11,4,0,0,120,48
6,General,Urban,O+,4,5,Summer,38.2,8.6,4,10,10,8,0,0,111,56
16,General,Semi-Urban,A+,1,11,Summer,35.4,33.0,5,8,3,8,0,0,133,41
16,General,Semi-Urban,B+,7,7,Monsoon,22.6,112.7,6,20,5,3,0,0,117,65
20,General,Urban,AB+,1,8,Monsoon,25.1,37.5,5,12,3,2,0,0,121,52
24,Trauma,Rural,B-,1,10,Summer,32.0,11.6,2,9,10,6,0,0,253,56
21,General,Urban,B+,2,9,Monsoon,24.7,130.9,10,12,7,11,0,0,125,66
4,Clinic,Urban,B+,6,8,Monsoon,20.7,105.8,1,13,2,0,1,0,38,37
8,Clinic,Rural,A+,7,7,Monsoon,32.7,60.4,10,11,1,0,0,0,30,42
23,General,Semi-Urban,B+,2,7,Monsoon,24.4,74.2,9,17,14,5,0,0,129,65
14,Trauma,Urban,B+,4,3,Summer,31.6,11.3,11,11,19,5,0,0,229,69
22,Clinic,Urban,A+,6,5,Summer,28.2,23.9,5,10,7,1,0,1,59,42
15,Trauma,Urban,B+,6,11,Summer,36.6,19.0,3,8,15,3,0,0,226,61
2,Trauma,Semi-Urban,O+,2,1,Winter,17.7,0.9,3,7,11,1,0,0,226,55
12,General,Urban,A+,6,10,Summer,32.9,31.9,5,14,14,2,0,0,126,58
21,General,Urban,A+,7,7,Monsoon,26.1,263.9,8,13,9,4,0,0,118,64
17,Trauma,Semi-Urban,A+,6,5,Summer,35.8,8.9,4,14,13,4,0,1,255,62
4,Clinic,Urban,A+,4,2,Winter,16.6,4.9,5,7,4,3,0,0,42,37
6,General,Urban,B+,3,10,Summer,28.0,57.3,4,10,5,5,0,0,127,49
22,Clinic,Urban,B+,7,1,Winter,14.1,3.5,2,13,4,3,0,0,25,43
25,General,Semi-Urban,O+,7,7,Monsoon,23.0,100.5,6,12,9,4,0,0,114,56
19,Clinic,Rural,O+,4,2,Winter,18.8,5.7,6,4,2,4,0,0,38,28
3,Clinic,Urban,O+,6,11,Summer,36.8,29.2,6,17,4,3,0,0,37,51
16,General,Semi-Urban,O+,3,3,Summer,38.4,2.1,2,9,6,4,0,0,121,47
21,General,Urban,O+,6,10,Summer,29.1,11.8,5,11,5,1,0,0,123,47
17,Trauma,Semi-Urban,O+,1,7,Monsoon,28.9,200.6,13,15,8,6,0,0,203,73
15,Trauma,Urban,O-,7,1,Winter,16.2,5.8,2,12,9,2,0,0,236,51
12,General,Urban,O+,4,9,Monsoon,35.8,113.1,9,6,13,3,0,0,112,62
7,Trauma,Urban,O+,5,11,Summer,38.2,14.2,8,12,13,4,0,0,227,64
8,Clinic,Rural,B+,2,3,Summer,39.1,28.1,6,6,7,2,0,0,39,38
19,Clinic,Rural,O+,4,12,Winter,20.4,5.4,0,9,2,3,0,0,34,32
2,Trauma,Semi-Urban,O+,1,10,Summer,35.1,36.8,5,5,8,3,0,0,222,50
3,Clinic,Urban,B+,7,9,Monsoon,25.8,77.2,2,8,3,3,0,0,31,37
10,General,Urban,A+,6,5,Summer,32.2,1.2,1,7,8,3,0,0,126,46
20,General,Urban,B+,4,2,Winter,15.6,7.4,5,6,5,11,0,1,155,46
17,Trauma,Semi-Urban,AB+,6,6,Monsoon,28.9,71.2,7,17,11,4,0,0,240,71
15,Trauma,Urban,AB+,6,10,Summer,38.7,12.7,3,10,6,2,0,0,243,51
14,Trauma,Urban,B+,1,8,Monsoon,25.9,105.5,8,13,12,10,0,0,254,73
3,Clinic,Urban,B+,1,8,Monsoon,24.8,59.3,10,11,6,6,0,0,23,60
9,General,Urban,B+,2,10,Summer,29.5,3.8,6,6,2,5,0,0,121,44
2,Trauma,Semi-Urban,O+,1,5,Summer,34.7,24.7,5,8,9,3,0,0,215,49
19,Clinic,Rural,B+,5,1,Winter,21.7,0.1,4,10,3,3,0,0,36,35
19,Clinic,Rural,O+,4,11,Summer,37.8,47.0,13,9,7,6,0,0,26,48
7,Trauma,Urban,O+,4,8,Monsoon,31.1,93.0,9,14,7,6,0,1,248,72
8,Clinic,Rural,B+,1,7,Monsoon,28.2,10.7,4,13,2,3,0,0,32,39
8,Clinic,Rural,B+,7,7,Monsoon,27.3,188.3,14,26,6,2,0,0,28,60
23,General,Semi-Urban,O+,7,11,Summer,37.8,2.0,4,11,10,4,0,0,123,54
13,Clinic,Rural,O+,5,10,Summer,30.7,7.8,0,7,3,4,0,0,36,31
20,General,Urban,B+,1,9,Monsoon,25.7,269.1,8,13,9,3,0,1,137,62
12,General,Urban,O+,3,10,Summer,39.1,17.7,5,13,10,5,0,0,114,61
18,Trauma,Semi-Urban,B+,6,4,Summer,30.8,15.8,5,16,19,3,0,0,207,70
14,Trauma,Urban,A+,6,9,Monsoon,26.9,122.9,11,12,13,2,1,0,213,68
7,Trauma,Urban,B+,2,12,Winter,19.9,1.6,1,3,7,5,0,0,234,48
22,Clinic,Urban,O+,6,3,Summer,34.2,18.1,3,11,3,3,0,0,38,41
18,Trauma,Semi-Urban,B+,7,7,Monsoon,30.4,116.5,5,13,9,1,0,0,236,59
20,General,Urban,B+,4,9,Monsoon,31.6,80.9,11,9,5,1,1,0,134,51
24,Trauma,Rural,O+,3,7,Monsoon,28.4,221.1,5,21,16,0,0,0,197,72
7,Trauma,Urban,A+,4,12,Winter,22.2,6.3,3,10,19,3,0,0,220,61
3,Clinic,Urban,O+,1,5,Summer,31.2,4.4,8,6,4,0,0,0,36,31
15,Trauma,Urban,O+,4,3,Summer,33.5,9.2,4,12,15,4,0,0,225,65
9,General,Urban,O+,1,2,Winter,25.2,2.2,0,6,10,6,0,1,138,49
11,General,Semi-Urban,B+,1,11,Summer,39.8,5.9,4,4,5,2,0,0,116,42
6,General,Urban,O+,4,9,Monsoon,23.2,203.7,6,18,7,6,0,0,113,66
10,General,Urban,O+,4,7,Monsoon,27.0,66.5,5,11,8,2,0,0,119,58
10,General,Urban,O+,7,6,Monsoon,27.4,156.9,9,11,6,2,0,1,150,54
9,General,Urban,A+,4,5,Summer,35.2,18.4,7,6,4,6,0,0,114,44
19,Clinic,Rural,O-,7,12,Winter,21.8,1.2,7,9,3,3,0,0,44,35
15,Trauma,Urban,O+,6,9,Monsoon,32.5,203.7,9,25,12,3,0,1,240,82
12,General,Urban,O+,3,12,Winter,18.1,3.5,8,4,7,8,0,0,131,49
3,Clinic,Urban,O+,7,10,Summer,37.4,9.1,3,5,5,1,0,0,29,36
15,Trauma,Urban,O+,4,10,Summer,35.9,3.2,6,4,11,3,0,1,264,52
5,General,Urban,A+,5,7,Monsoon,26.9,46.2,7,11,8,4,0,1,146,59
8,Clinic,Rural,A+,1,3,Summer,28.9,5.0,7,8,5,3,0,0,32,37
11,General,Semi-Urban,O+,2,8,Monsoon,30.1,19.5,2,7,4,4,0,0,118,46
4,Clinic,Urban,B+,4,9,Monsoon,28.8,123.3,9,12,5,4,0,0,38,52
10,General,Urban,B+,2,7,Monsoon,28.2,39.4,6,11,4,5,0,0,138,54
7,Trauma,Urban,O+,5,1,Winter,15.1,3.9,3,7,19,3,0,0,250,62
22,Clinic,Urban,O+,1,12,Winter,23.9,7.9,1,8,5,2,0,0,42,38
22,Clinic,Urban,B+,2,10,Summer,34.5,20.7,0,9,3,1,1,0,43,32
1,Trauma,Rural,O+,5,5,Summer,30.6,15.2,6,6,8,6,0,0,206,51
16,General,Semi-Urban,O+,5,6,Monsoon,23.1,12.0,4,7,4,3,0,0,131,44
17,Trauma,Semi-Urban,B+,7,2,Winter,20.0,0.7,4,6,10,4,0,0,227,52
10,General,Urban,O-,7,12,Winter,20.1,2.1,4,7,7,5,0,0,125,49
12,General,Urban,AB-,6,3,Summer,32.6,16.1,5,13,3,7,0,0,110,51
20,General,Urban,O+,1,5,Summer,35.4,5.1,7,8,5,5,0,1,153,48
10,General,Urban,A+,5,6,Monsoon,29.0,37.9,8,8,8,5,0,0,126,57
2,Trauma,Semi-Urban,AB-,2,4,Summer,34.4,26.6,1,8,10,4,0,0,216,55
10,General,Urban,B+,2,8,Monsoon,24.9,73.6,3,8,10,4,0,0,126,50
7,Trauma,Urban,B-,2,12,Winter,20.9,0.7,7,11,11,1,0,1,261,58
10,General,Urban,O+,4,11,Summer,36.5,16.4,12,10,6,5,0,0,120,51
6,General,Urban,B+,1,7,Monsoon,28.7,28.8,2,5,5,6,0,1,149,45
4,Clinic,Urban,O+,4,2,Winter,15.5,4.6,2,5,3,2,0,0,40,32
25,General,Semi-Urban,O+,2,11,Summer,30.0,8.9,10,11,11,10,0,0,115,62
4,Clinic,Urban,O+,4,4,Summer,34.2,12.7,12,8,6,6,0,0,34,44
18,Trauma,Semi-Urban,O+,5,11,Summer,36.8,4.9,1,5,15,4,0,0,247,57
18,Trauma,Semi-Urban,O+,2,5,Summer,37.1,8.4,4,6,21,1,0,0,212,64
16,General,Semi-Urban,B+,1,7,Monsoon,28.8,54.9,3,9,6,7,0,0,137,52
23,General,Semi-Urban,A+,6,6,Monsoon,25.6,41.1,13,14,7,3,0,0,111,59
1,Trauma,Rural,O+,6,6,Monsoon,24.6,63.5,9,13,14,1,0,0,228,67
8,Clinic,Rural,O+,2,2,Winter,17.9,0.4,2,9,3,2,0,1,62,38
5,General,Urban,O+,7,7,Monsoon,27.0,138.7,12,22,5,1,1,0,123,62
15,Trauma,Urban,A+,2,5,Summer,37.3,19.0,7,8,7,10,0,0,237,58
16,General,Semi-Urban,B+,7,11,Summer,32.6,9.1,6,5,6,5,0,0,126,43
23,General,Semi-Urban,B+,1,6,Monsoon,25.8,68.1,10,8,6,11,0,0,130,62
10,General,Urban,B+,5,12,Winter,24.2,2.4,8,8,6,2,0,0,143,44
6,General,Urban,B+,1,4,Summer,38.7,19.8,6,4,7,9,0,0,127,53
24,Trauma,Rural,A+,2,4,Summer,31.4,7.1,8,4,11,5,0,0,240,50
17,Trauma,Semi-Urban,O-,3,1,Winter,22.4,6.6,8,9,8,4,0,1,239,50
20,General,Urban,A+,1,9,Monsoon,23.6,26.0,2,9,7,7,0,0,111,55
12,General,Urban,B+,4,1,Winter,16.7,6.6,3,3,8,6,0,0,121,43
12,General,Urban,B+,2,4,Summer,33.0,0.9,6,17,5,6,0,0,133,54
10,General,Urban,A+,1,11,Summer,33.8,8.1,4,11,10,2,1,0,123,50
19,Clinic,Rural,A-,7,8,Monsoon,28.9,140.4,8,17,6,2,0,0,34,55
6,General,Urban,O+,7,7,Monsoon,27.3,155.6,10,14,9,5,0,0,103,64
25,General,Semi-Urban,AB+,7,10,Summer,35.8,3.5,5,12,11,3,0,0,119,54
5,General,Urban,O+,2,10,Summer,32.8,16.7,3,10,14,4,0,0,133,48
12,General,Urban,B+,3,11,Summer,35.1,15.4,8,6,7,4,0,0,118,47
8,Clinic,Rural,O+,3,8,Monsoon,27.2,122.9,3,12,3,2,0,0,33,40
17,Trauma,Semi-Urban,B+,3,6,Monsoon,22.8,320.0,30,23,19,2,1,0,242,98
18,Trauma,Semi-Urban,A-,3,2,Winter,19.4,16.3,5,6,15,4,0,0,237,52
23,General,Semi-Urban,B+,4,5,Summer,34.3,27.3,0,8,4,5,0,0,142,43
20,General,Urban,B+,4,9,Monsoon,24.9,39.6,4,10,3,5,0,0,127,51
7,Trauma,Urban,O+,3,4,Summer,32.7,7.7,6,10,10,4,0,0,234,63
6,General,Urban,O+,7,9,Monsoon,25.8,93.4,15,12,3,3,0,0,111,61
23,General,Semi-Urban,O+,7,2,Winter,17.3,2.3,2,10,2,3,0,0,135,38
13,Clinic,Rural,O+,3,1,Winter,23.3,1.5,8,13,3,1,0,0,37,36
3,Clinic,Urban,A+,2,5,Summer,40.3,22.6,6,8,2,1,1,0,33,37
21,General,Urban,O+,4,3,Summer,25.8,3.4,6,5,8,4,0,0,118,49
17,Trauma,Semi-Urban,B+,3,11,Summer,35.5,1.1,2,9,19,2,0,0,225,61
1,Trauma,Rural,A+,7,5,Summer,36.9,19.1,5,12,10,2,0,0,229,57
20,General,Urban,O+,4,6,Monsoon,26.4,130.6,7,18,8,3,0,0,121,63
16,General,Semi-Urban,O+,1,5,Summer,36.8,2.6,0,5,6,4,0,0,111,42
16,General,Semi-Urban,O+,1,4,Summer,39.0,2.5,3,7,10,11,0,0,121,55
22,Clinic,Urban,A+,1,12,Winter,13.9,3.1,4,7,4,3,0,0,35,36
13,Clinic,Rural,O+,3,9,Monsoon,27.4,98.8,3,17,3,1,0,0,30,40
12,General,Urban,AB+,3,2,Winter,23.9,2.4,0,8,14,5,0,0,116,53
16,General,Semi-Urban,B+,6,3,Summer,30.3,7.0,4,11,8,2,0,0,127,46
5,General,Urban,B+,7,1,Winter,17.7,2.9,3,10,2,3,0,0,126,44
4,Clinic,Urban,O+,1,4,Summer,32.7,18.0,2,6,5,2,0,0,37,36
22,Clinic,Urban,B+,7,8,Monsoon,30.2,21.4,5,16,3,1,0,0,38,53
6,General,Urban,O+,5,12,Winter,21.6,3.5,3,11,9,9,0,0,117,56
13,Clinic,Rural,A+,3,6,Monsoon,27.5,39.8,5,12,1,7,0,1,54,43
7,Trauma,Urban,O+,3,1,Winter,18.1,13.9,3,10,11,3,0,1,245,57
6,General,Urban,B+,4,1,Winter,12.8,3.7,1,6,7,4,0,0,118,45
15,Trauma,Urban,O+,2,5,Summer,38.3,31.0,6,6,15,5,0,0,229,62
21,General,Urban,B+,7,4,Summer,32.9,17.3,7,11,6,3,0,0,108,48
12,General,Urban,A+,1,7,Monsoon,26.6,265.8,7,22,6,6,0,0,111,70
4,Clinic,Urban,O+,1,2,Winter,20.9,3.0,5,5,3,1,0,0,43,34
7,Trauma,Urban,A+,2,3,Summer,34.6,11.6,4,4,12,5,0,1,239,56
5,General,Urban,A-,2,7,Monsoon,30.0,67.6,5,8,6,2,0,0,117,51
23,General,Semi-Urban,A+,1,4,Summer,35.8,5.9,7,8,3,5,0,0,124,46
8,Clinic,Rural,O+,3,5,Summer,34.6,2.9,2,9,8,6,0,0,37,46
10,General,Urban,B+,3,3,Summer,34.9,13.9,1,10,8,12,0,0,115,56
2,Trauma,Semi-Urban,O+,1,1,Winter,14.6,6.3,2,11,15,5,0,0,221,63
12,General,Urban,B+,6,5,Summer,33.6,10.0,2,10,3,4,0,0,118,41
23,General,Semi-Urban,A+,7,4,Summer,37.3,7.3,13,10,7,1,0,0,119,49
11,General,Semi-Urban,O-,6,11,Summer,31.3,30.3,3,8,3,3,0,1,152,46
17,Trauma,Semi-Urban,O+,4,11,Summer,31.9,4.2,5,5,10,4,0,0,224,55
5,General,Urban,O+,7,6,Monsoon,24.4,81.0,9,17,7,3,0,0,125,64
4,Clinic,Urban,AB+,3,4,Summer,34.5,19.2,2,13,2,6,0,0,42,48
19,Clinic,Rural,B+,3,6,Monsoon,31.2,39.0,3,7,2,5,0,0,39,36
2,Trauma,Semi-Urban,B+,1,8,Monsoon,28.6,81.8,6,15,16,5,0,0,217,71
12,General,Urban,A+,5,5,Summer,27.5,22.6,2,5,5,5,0,0,124,42
8,Clinic,Rural,O+,1,10,Summer,35.9,5.1,1,8,5,4,0,0,34,33
1,Trauma,Rural,B+,5,12,Winter,16.7,5.0,2,8,17,4,0,0,229,62
14,Trauma,Urban,A-,6,5,Summer,35.5,2.0,5,9,11,2,0,0,230,58
25,General,Semi-Urban,B+,2,2,Winter,17.6,2.8,1,9,7,7,0,1,160,44
2,Trauma,Semi-Urban,O+,5,2,Winter,15.4,7.2,2,8,13,5,0,0,218,60
21,General,Urban,B+,3,11,Summer,33.8,18.2,7,13,8,8,0,0,123,58
14,Trauma,Urban,B+,3,5,Summer,32.7,26.4,4,10,14,5,0,0,223,66
19,Clinic,Rural,O+,4,4,Summer,34.9,0.7,2,10,2,2,0,0,52,34
3,Clinic,Urban,A+,2,8,Monsoon,24.3,73.5,7,9,3,1,0,0,32,42
22,Clinic,Urban,B+,6,12,Winter,14.6,1.6,5,15,9,3,0,0,34,45
1,Trauma,Rural,A+,3,6,Monsoon,29.2,76.4,5,15,12,5,0,0,235,63
23,General,Semi-Urban,O+,4,4,Summer,37.3,23.4,7,4,7,5,0,1,157,43
17,Trauma,Semi-Urban,O+,6,11,Summer,35.7,33.0,11,13,19,3,0,0,211,69
9,General,Urban,B+,2,1,Winter,16.1,12.5,2,8,4,2,0,0,126,40
1,Trauma,Rural,A+,4,11,Summer,31.8,7.5,2,8,13,3,0,1,252,56
16,General,Semi-Urban,O+,7,7,Monsoon,25.0,14.3,4,8,4,1,0,0,121,44
3,Clinic,Urban,B+,3,1,Winter,20.7,0.3,7,4,2,3,0,0,35,35
16,General,Semi-Urban,O+,1,3,Summer,31.5,3.3,4,9,9,6,0,0,116,48
20,General,Urban,O+,2,9,Monsoon,29.7,151.6,7,26,6,5,0,0,126,70
7,Trauma,Urban,B+,7,10,Summer,35.9,15.8,4,13,11,1,0,0,244,58
6,General,Urban,B+,6,3,Summer,37.7,16.6,8,18,8,6,0,0,121,63
6,General,Urban,A-,6,8,Monsoon,30.2,75.3,10,13,3,4,0,0,114,54
6,General,Urban,O+,2,12,Winter,19.6,2.1,4,6,7,7,0,0,119,45
3,Clinic,Urban,B+,6,9,Monsoon,22.6,206.2,29,19,6,0,0,0,28,60
7,Trauma,Urban,B+,3,9,Monsoon,28.8,6.1,8,12,14,2,0,0,243,67
17,Trauma,Semi-Urban,A+,6,3,Summer,34.3,3.6,2,9,10,2,0,0,217,55
8,Clinic,Rural,B+,7,8,Monsoon,25.9,131.5,11,17,4,3,0,0,30,56
20,General,Urban,O+,2,9,Monsoon,31.1,60.2,4,11,7,3,0,0,126,55
21,General,Urban,B-,7,2,Winter,17.5,6.0,12,14,9,1,0,1,156,55
20,General,Urban,O+,5,4,Summer,32.4,19.6,3,8,5,2,0,0,123,43
14,Trauma,Urban,B+,6,11,Summer,37.4,18.0,2,6,15,0,0,0,217,57
8,Clinic,Rural,A+,6,12,Winter,16.8,4.9,1,11,4,2,0,0,41,38
24,Trauma,Rural,O+,2,3,Summer,32.3,22.6,6,11,13,4,0,0,226,62
6,General,Urban,A+,6,9,Monsoon,23.6,157.8,1,21,8,2,1,0,114,55
12,General,Urban,B+,2,7,Monsoon,24.5,82.5,8,8,13,3,0,0,112,58
12,General,Urban,B+,2,8,Monsoon,24.8,66.9,3,13,3,4,0,0,115,56
19,Clinic,Rural,A+,1,7,Monsoon,28.9,106.0,15,9,4,4,0,0,38,48
14,Trauma,Urban,A+,2,11,Summer,30.9,27.2,5,8,8,4,0,0,229,58
20,General,Urban,B+,7,6,Monsoon,21.4,42.1,5,15,5,5,0,0,127,56
23,General,Semi-Urban,A+,3,8,Monsoon,27.9,71.2,0,12,8,10,0,0,121,58
10,General,Urban,B+,3,9,Monsoon,25.1,53.3,0,9,4,5,0,0,117,42
22,Clinic,Urban,O+,4,7,Monsoon,27.0,35.5,3,14,6,5,0,0,35,55
5,General,Urban,A+,5,11,Summer,37.8,7.8,5,13,5,7,0,0,116,54
23,General,Semi-Urban,O-,5,3,Summer,34.2,3.1,10,8,8,6,0,0,125,47
5,General,Urban,O+,4,12,Winter,22.5,0.8,2,9,15,3,0,0,109,53
22,Clinic,Urban,O+,6,9,Monsoon,26.8,243.2,6,19,5,1,0,0,29,54
10,General,Urban,O-,4,12,Winter,21.0,1.2,7,11,10,4,0,0,128,50
25,General,Semi-Urban,O+,6,5,Summer,32.4,17.9,1,20,6,5,0,0,122,58
4,Clinic,Urban,O+,7,6,Monsoon,27.3,296.4,5,23,5,3,0,0,26,60
12,General,Urban,B+,5,1,Winter,15.2,7.3,4,12,8,8,0,1,139,50
23,General,Semi-Urban,B+,1,12,Winter,15.6,5.0,2,8,6,6,0,0,121,41
2,Trauma,Semi-Urban,B+,2,10,Summer,33.3,19.7,4,9,12,2,0,1,248,51
7,Trauma,Urban,B+,5,4,Summer,30.0,7.3,3,8,7,3,0,0,223,50
3,Clinic,Urban,O-,4,1,Winter,18.5,7.4,4,8,4,2,0,1,59,42
9,General,Urban,O+,2,9,Monsoon,26.1,258.3,15,16,6,8,0,0,124,69
10,General,Urban,B+,3,9,Monsoon,27.7,62.7,1,14,4,7,0,0,123,54
16,General,Semi-Urban,O-,1,7,Monsoon,23.1,20.4,2,6,5,9,0,0,116,49
7,Trauma,Urban,B+,2,2,Winter,20.1,6.3,4,10,15,5,0,0,244,64
4,Clinic,Urban,B+,6,12,Winter,23.1,15.0,1,16,4,2,0,1,61,48
5,General,Urban,O+,1,6,Monsoon,31.5,35.3,3,12,6,5,0,0,137,53
24,Trauma,Rural,O+,6,9,Monsoon,32.7,5.4,2,6,8,2,0,0,224,50
24,Trauma,Rural,B+,3,11,Summer,34.1,9.9,5,11,13,4,0,0,220,58
6,General,Urban,B+,6,7,Monsoon,25.9,50.8,8,9,9,3,0,0,120,59
5,General,Urban,A-,2,2,Winter,19.5,3.8,1,4,10,8,0,0,113,50
2,Trauma,Semi-Urban,O+,6,11,Summer,33.3,5.9,2,14,15,1,0,0,216,61
24,Trauma,Rural,O+,5,9,Monsoon,21.8,70.0,11,7,17,3,0,1,249,65
18,Trauma,Semi-Urban,O+,6,11,Summer,36.5,4.3,2,15,15,5,0,0,233,70
20,General,Urban,AB+,1,8,Monsoon,26.3,10.7,5,6,7,2,1,0,114,51
8,Clinic,Rural,O+,6,11,Summer,29.6,10.5,4,20,5,4,0,0,28,48
17,Trauma,Semi-Urban,B+,2,11,Summer,32.5,18.8,2,8,10,5,0,0,228,57
2,Trauma,Semi-Urban,B+,3,3,Summer,33.4,3.2,4,7,8,2,0,0,258,49
17,Trauma,Semi-Urban,O+,1,3,Summer,34.0,46.8,1,16,9,7,0,1,250,68
15,Trauma,Urban,O+,7,2,Winter,18.1,4.7,6,9,7,6,0,0,213,51
9,General,Urban,B+,5,10,Summer,38.1,7.3,11,11,13,9,0,0,110,64
18,Trauma,Semi-Urban,B+,7,3,Summer,30.1,29.0,3,9,10,2,0,1,260,51
17,Trauma,Semi-Urban,O-,4,6,Monsoon,26.5,157.7,1,9,19,4,0,0,234,68
11,General,Semi-Urban,A+,2,10,Summer,31.4,18.2,5,9,6,6,0,0,108,50
5,General,Urban,B+,3,6,Monsoon,30.8,92.9,5,15,8,3,1,0,127,56
1,Trauma,Rural,O+,4,1,Winter,16.3,2.1,3,17,15,1,1,0,240,57
24,Trauma,Rural,O+,2,5,Summer,33.0,15.3,5,9,11,4,0,0,207,58
8,Clinic,Rural,O+,7,2,Winter,21.1,3.7,7,8,9,1,0,0,36,34
8,Clinic,Rural,O+,7,5,Summer,38.0,27.9,2,8,4,1,0,0,45,34
18,Trauma,Semi-Urban,O+,4,9,Monsoon,31.4,121.1,10,12,13,2,0,0,217,66
7,Trauma,Urban,AB+,5,7,Monsoon,22.1,64.4,0,9,14,8,0,0,235,61
10,General,Urban,O+,5,9,Monsoon,28.4,63.6,6,6,5,8,0,0,129,50
18,Trauma,Semi-Urban,B+,5,2,Winter,18.8,1.6,4,8,12,9,0,0,234,56
15,Trauma,Urban,A+,1,10,Summer,33.8,13.5,5,11,7,4,0,0,235,58
17,Trauma,Semi-Urban,O+,4,6,Monsoon,27.2,57.7,16,8,10,9,0,0,227,74
1,Trauma,Rural,O+,6,4,Summer,37.9,3.6,1,17,10,2,0,0,216,62
12,General,Urban,B+,6,8,Monsoon,30.1,148.2,5,21,11,7,0,0,118,73
12,General,Urban,A+,5,2,Winter,20.7,2.1,1,10,5,2,0,0,135,47
16,General,Semi-Urban,B+,7,6,Monsoon,27.6,67.4,3,13,9,5,0,0,120,54
4,Clinic,Urban,B+,5,6,Monsoon,33.8,220.3,15,21,5,3,0,0,22,60
4,Clinic,Urban,B+,3,2,Winter,16.8,6.7,9,11,6,2,0,1,58,43
20,General,Urban,O+,4,12,Winter,13.2,4.9,4,10,11,8,0,0,117,53
17,Trauma,Semi-Urban,O-,5,5,Summer,33.2,13.4,3,5,15,3,0,0,243,58
21,General,Urban,O+,7,1,Winter,18.2,10.6,2,7,5,1,0,1,159,39
7,Trauma,Urban,B+,2,6,Monsoon,30.9,69.1,1,5,7,6,0,0,236,52
25,General,Semi-Urban,B+,3,12,Winter,16.5,1.7,2,5,10,1,1,0,127,33
7,Trauma,Urban,B+,5,9,Monsoon,28.5,192.1,5,15,12,6,0,0,247,75
17,Trauma,Semi-Urban,B+,6,8,Monsoon,22.6,120.0,7,13,9,3,0,1,263,64
5,General,Urban,O+,3,11,Summer,37.2,4.8,5,10,7,0,1,0,129,40
23,General,Semi-Urban,B+,5,2,Winter,18.2,4.9,2,5,4,7,0,0,124,37
9,General,Urban,B+,1,7,Monsoon,26.2,20.8,4,5,7,5,0,0,136,52
21,General,Urban,O-,3,4,Summer,40.4,24.0,7,10,8,5,0,0,127,56
9,General,Urban,B+,7,9,Monsoon,30.2,98.7,4,15,10,2,0,0,117,54
20,General,Urban,A+,5,11,Summer,30.9,15.4,9,12,11,0,1,0,114,54
12,General,Urban,O+,7,1,Winter,17.7,4.6,1,10,6,3,0,1,159,41
2,Trauma,Semi-Urban,O+,2,2,Winter,26.2,4.8,6,14,22,4,0,0,234,71
5,General,Urban,O+,3,12,Winter,23.9,3.1,6,5,8,7,0,0,118,47
18,Trauma,Semi-Urban,O+,7,6,Monsoon,29.8,85.6,8,16,15,4,0,0,220,77
5,General,Urban,B+,7,4,Summer,28.5,7.7,8,6,4,2,1,0,134,35
7,Trauma,Urban,B+,7,2,Winter,22.0,3.8,3,7,7,3,0,0,239,50
14,Trauma,Urban,AB-,3,5,Summer,32.1,11.0,6,12,14,3,0,0,206,60
7,Trauma,Urban,B+,6,1,Winter,22.0,3.6,0,10,10,4,0,0,237,56
4,Clinic,Urban,A-,4,3,Summer,31.8,3.3,8,9,4,7,0,0,34,49
16,General,Semi-Urban,B+,6,3,Summer,35.5,6.6,6,11,6,3,0,0,112,49
18,Trauma,Semi-Urban,B+,6,2,Winter,16.1,2.9,3,13,15,3,0,0,233,57
19,Clinic,Rural,B+,4,12,Winter,16.9,1.2,3,11,3,0,0,0,35,33
24,Trauma,Rural,AB+,3,10,Summer,35.9,1.9,5,9,12,3,0,0,255,54
4,Clinic,Urban,B+,7,12,Winter,14.0,3.8,3,16,0,2,0,0,31,41
11,General,Semi-Urban,O+,4,3,Summer,41.1,4.6,2,7,12,4,0,0,129,52
6,General,Urban,B+,4,4,Summer,30.9,6.7,6,4,5,5,0,0,116,44
23,General,Semi-Urban,O+,5,4,Summer,30.8,15.2,7,11,6,6,0,0,126,49
14,Trauma,Urban,B+,7,7,Monsoon,28.9,144.2,5,27,17,2,0,1,232,84
3,Clinic,Urban,B+,1,3,Summer,37.9,8.0,2,9,3,1,0,0,38,35
18,Trauma,Semi-Urban,A+,7,3,Summer,33.0,24.0,11,18,12,2,0,0,216,65
2,Trauma,Semi-Urban,A+,3,12,Winter,14.8,8.1,10,9,14,6,0,0,225,62
7,Trauma,Urban,O+,1,5,Summer,31.2,10.5,3,6,9,3,0,0,229,50
19,Clinic,Rural,B+,3,10,Summer,30.9,10.5,2,5,0,1,0,0,43,26
13,Clinic,Rural,B-,4,3,Summer,34.9,6.3,4,13,4,2,1,0,34,37
20,General,Urban,B+,5,12,Winter,17.8,3.6,7,7,7,7,0,0,116,47
15,Trauma,Urban,O+,4,9,Monsoon,28.3,144.7,6,18,8,2,0,0,211,70
22,Clinic,Urban,O+,1,11,Summer,35.1,27.0,0,9,5,4,0,0,36,43
15,Trauma,Urban,O-,4,7,Monsoon,29.5,36.7,7,9,18,2,0,0,219,68
2,Trauma,Semi-Urban,A+,2,11,Summer,32.8,11.1,5,10,12,9,0,0,240,61
2,Trauma,Semi-Urban,B+,2,5,Summer,31.8,18.1,3,11,13,5,0,0,229,63
20,General,Urban,O+,5,6,Monsoon,27.5,16.2,14,7,6,5,0,1,124,56
1,Trauma,Rural,O+,6,1,Winter,17.8,0.1,1,10,7,5,0,0,232,50
10,General,Urban,O+,2,3,Summer,34.8,10.8,2,5,3,5,0,0,133,42
1,Trauma,Rural,B+,5,10,Summer,31.9,5.0,6,6,11,2,0,0,238,48
8,Clinic,Rural,O+,3,4,Summer,35.9,4.3,3,10,7,0,1,0,32,37
15,Trauma,Urban,B+,3,2,Winter,14.5,1.5,5,4,13,5,0,1,252,53
5,General,Urban,B+,5,4,Summer,32.7,5.3,6,7,11,7,0,0,122,52
12,General,Urban,B+,2,5,Summer,37.4,14.9,3,11,8,7,0,0,132,53
25,General,Semi-Urban,B+,6,9,Monsoon,23.6,8.0,2,8,11,5,0,0,123,51
2,Trauma,Semi-Urban,B-,3,2,Winter,21.2,4.0,1,7,16,4,0,0,228,54
2,Trauma,Semi-Urban,O+,1,1,Winter,13.8,2.4,1,7,10,6,0,1,256,53
7,Trauma,Urban,B+,6,9,Monsoon,22.2,22.8,5,8,7,5,0,0,213,60
21,General,Urban,O+,6,2,Winter,13.5,4.9,0,12,6,6,0,0,129,54
11,General,Semi-Urban,O+,4,6,Monsoon,27.4,104.7,8,19,8,4,0,0,113,67
16,General,Semi-Urban,B+,6,9,Monsoon,29.2,42.8,7,10,5,1,0,1,141,57
1,Trauma,Rural,B+,2,7,Monsoon,30.9,114.8,7,6,10,3,0,0,240,56
19,Clinic,Rural,B+,3,2,Winter,21.6,7.3,3,10,4,1,0,0,30,36
2,Trauma,Semi-Urban,B+,3,9,Monsoon,29.6,9.4,3,3,9,6,0,0,236,57
18,Trauma,Semi-Urban,A+,6,1,Winter,15.5,1.3,6,19,4,0,0,0,200,55
4,Clinic,Urban,B+,3,3,Summer,31.5,19.2,4,5,2,2,0,0,41,28
22,Clinic,Urban,O+,6,2,Winter,20.4,2.7,5,13,2,2,0,1,59,40
8,Clinic,Rural,A+,3,7,Monsoon,31.3,57.0,1,7,1,3,0,0,39,32
5,General,Urban,O+,5,9,Monsoon,23.9,128.7,9,4,3,4,0,0,124,50
9,General,Urban,B+,2,8,Monsoon,30.9,50.0,3,7,8,4,0,0,121,51
1,Trauma,Rural,AB+,4,2,Winter,12.2,5.3,6,3,17,5,0,0,233,60
5,General,Urban,A-,1,5,Summer,35.2,3.6,2,10,10,6,0,0,132,54
15,Trauma,Urban,B-,6,2,Winter,17.7,3.1,4,14,11,4,0,0,221,64
8,Clinic,Rural,A+,1,5,Summer,33.4,21.0,5,7,2,4,0,0,33,34
9,General,Urban,O+,7,3,Summer,34.1,2.3,2,10,6,6,0,0,117,46
21,General,Urban,O+,6,9,Monsoon,24.4,40.1,13,17,10,7,0,0,118,72
4,Clinic,Urban,B+,5,10,Summer,35.3,7.7,2,7,3,3,0,1,61,39
10,General,Urban,O+,7,10,Summer,34.2,34.8,7,12,6,1,0,1,155,50
5,General,Urban,B+,6,3,Summer,36.8,13.6,1,11,6,5,0,0,134,52
13,Clinic,Rural,B-,1,1,Winter,22.8,0.9,4,8,4,3,0,0,41,31
9,General,Urban,A+,6,1,Winter,18.4,11.0,3,9,4,2,0,0,134,45
2,Trauma,Semi-Urban,B+,3,11,Summer,31.5,32.6,4,10,11,0,1,0,220,54
2,Trauma,Semi-Urban,A+,6,11,Summer,30.6,12.8,8,13,10,3,0,0,210,60
22,Clinic,Urban,B+,7,3,Summer,39.1,46.2,10,18,3,1,0,0,30,49
2,Trauma,Semi-Urban,B+,7,11,Summer,38.7,6.3,4,16,10,1,0,0,228,58
20,General,Urban,O+,4,7,Monsoon,29.7,63.2,11,16,4,3,0,0,117,62
23,General,Semi-Urban,O+,2,3,Summer,34.2,4.4,4,14,6,2,0,0,118,48
12,General,Urban,O+,1,4,Summer,36.4,18.4,1,6,6,2,0,0,115,45
8,Clinic,Rural,A+,2,4,Summer,37.9,41.3,8,10,5,4,0,0,32,47
20,General,Urban,O+,7,10,Summer,32.1,23.1,5,10,8,3,0,0,111,53
25,General,Semi-Urban,O+,5,3,Summer,34.1,4.8,4,18,4,4,0,0,115,50
4,Clinic,Urban,B+,3,3,Summer,30.7,6.7,6,8,3,0,0,0,35,37
25,General,Semi-Urban,O+,4,9,Monsoon,26.6,147.6,8,14,11,3,0,0,135,55
24,Trauma,Rural,O+,2,4,Summer,38.6,4.7,2,9,15,2,0,0,228,54
4,Clinic,Urban,O+,4,4,Summer,37.2,10.7,7,4,4,1,0,0,42,31
2,Trauma,Semi-Urban,A+,3,10,Summer,34.4,2.1,3,10,12,3,0,0,250,55
18,Trauma,Semi-Urban,O+,6,12,Winter,9.9,2.4,2,12,14,2,0,0,212,59
2,Trauma,Semi-Urban,O+,1,7,Monsoon,25.0,91.4,8,10,18,8,0,0,241,76
16,General,Semi-Urban,O-,7,10,Summer,34.3,13.2,2,13,7,4,0,0,116,49
2,Trauma,Semi-Urban,A+,1,11,Summer,33.4,16.8,3,13,5,1,1,0,240,47
18,Trauma,Semi-Urban,B+,3,8,Monsoon,27.1,213.6,16,16,14,1,0,0,220,80
6,General,Urban,B+,3,10,Summer,34.7,24.1,4,9,4,10,0,0,138,52
3,Clinic,Urban,O+,6,1,Winter,16.4,6.5,3,11,11,1,0,1,55,42
2,Trauma,Semi-Urban,O+,5,1,Winter,18.0,5.8,1,15,8,0,0,1,259,48
5,General,Urban,B+,2,11,Summer,33.6,13.4,1,7,7,3,0,0,130,44
14,Trauma,Urban,A+,4,2,Winter,15.9,3.1,1,10,10,2,0,0,238,56
2,Trauma,Semi-Urban,A+,4,9,Monsoon,32.5,173.8,4,18,10,3,0,1,253,64
21,General,Urban,O+,4,6,Monsoon,25.6,146.2,11,9,7,3,0,0,125,57
16,General,Semi-Urban,O+,1,10,Summer,27.2,5.9,3,10,9,8,0,0,123,56
8,Clinic,Rural,A+,2,8,Monsoon,32.3,125.9,11,11,2,3,0,0,23,48
25,General,Semi-Urban,A+,4,1,Winter,15.5,3.9,2,7,6,8,0,0,126,47
17,Trauma,Semi-Urban,A+,2,5,Summer,36.7,15.9,2,14,8,3,0,0,238,57
17,Trauma,Semi-Urban,B+,4,9,Monsoon,25.0,190.6,11,16,11,2,0,0,212,71
5,General,Urban,O+,2,12,Winter,19.7,1.8,7,10,6,5,0,0,135,51
18,Trauma,Semi-Urban,O+,6,10,Summer,33.9,5.7,3,7,14,0,0,0,210,53
14,Trauma,Urban,O+,2,11,Summer,37.0,14.5,4,12,10,7,0,0,220,65
25,General,Semi-Urban,A+,5,12,Winter,17.4,2.0,4,10,13,7,0,0,110,54
12,General,Urban,A+,6,11,Summer,32.0,2.6,3,16,11,3,0,0,116,57
17,Trauma,Semi-Urban,B+,3,7,Monsoon,27.8,31.1,1,11,13,3,0,0,227,60
9,General,Urban,B+,1,5,Summer,32.9,46.4,1,13,6,9,0,0,114,54
2,Trauma,Semi-Urban,O+,1,7,Monsoon,21.2,90.8,7,11,10,3,0,0,229,62
4,Clinic,Urban,O+,3,10,Summer,32.2,18.2,2,6,5,5,0,0,43,34
22,Clinic,Urban,A+,1,6,Monsoon,35.6,72.3,8,6,7,1,0,0,36,45
19,Clinic,Rural,A+,7,10,Summer,28.5,25.8,6,11,4,3,0,0,39,34
10,General,Urban,A+,7,9,Monsoon,27.7,8.8,4,17,11,4,0,0,114,67
18,Trauma,Semi-Urban,O+,7,3,Summer,33.3,34.5,5,20,16,0,0,1,254,70
1,Trauma,Rural,B+,7,12,Winter,23.5,3.6,11,5,17,4,0,0,221,54
1,Trauma,Rural,B+,5,11,Summer,30.7,6.8,10,5,5,0,1,0,242,41
13,Clinic,Rural,B+,3,8,Monsoon,27.3,213.9,14,12,5,4,0,0,38,56
16,General,Semi-Urban,A+,4,3,Summer,36.1,17.4,2,9,3,11,0,0,119,48
24,Trauma,Rural,B+,2,3,Summer,33.5,11.0,3,8,9,2,1,0,254,44
19,Clinic,Rural,O+,6,11,Summer,31.7,3.0,10,13,5,0,0,0,42,45
7,Trauma,Urban,B-,4,1,Winter,17.9,3.2,3,10,14,6,0,0,208,65
21,General,Urban,B+,3,6,Monsoon,26.1,97.6,3,16,4,2,0,0,118,52
13,Clinic,Rural,A+,5,8,Monsoon,26.1,107.0,5,10,6,1,0,0,31,44
21,General,Urban,A+,3,3,Summer,36.8,6.0,6,8,8,7,0,0,107,56
5,General,Urban,A+,3,11,Summer,35.2,6.2,3,9,6,4,0,0,131,48
1,Trauma,Rural,O+,2,7,Monsoon,28.7,30.2,0,12,8,6,0,0,222,56
2,Trauma,Semi-Urban,AB+,1,1,Winter,19.0,1.9,4,17,12,5,0,0,238,63
25,General,Semi-Urban,O-,1,4,Summer,36.9,19.7,3,11,7,7,0,0,104,55
3,Clinic,Urban,O+,3,5,Summer,37.9,39.9,3,9,6,1,0,0,33,44
24,Trauma,Rural,AB-,7,3,Summer,33.1,9.7,4,11,11,2,0,0,234,60
19,Clinic,Rural,B+,2,12,Winter,20.5,4.4,9,7,6,6,0,0,25,45
4,Clinic,Urban,O+,5,5,Summer,30.1,3.7,3,11,4,2,0,0,38,48
22,Clinic,Urban,O+,3,7,Monsoon,20.2,29.5,5,4,4,5,0,0,36,37
4,Clinic,Urban,B+,3,7,Monsoon,32.5,171.4,3,7,3,3,0,0,41,38
4,Clinic,Urban,A+,2,3,Summer,33.0,0.7,3,6,2,2,0,0,47,33
15,Trauma,Urban,A+,4,7,Monsoon,27.8,123.6,3,9,11,3,0,0,214,59
8,Clinic,Rural,A+,5,5,Summer,30.3,18.1,2,8,3,1,0,0,37,32
8,Clinic,Rural,O+,3,1,Winter,14.2,7.2,5,8,6,2,0,1,71,37
5,General,Urban,A+,4,5,Summer,31.9,16.1,4,6,11,3,0,0,116,52
16,General,Semi-Urban,B-,4,8,Monsoon,28.9,22.1,7,9,10,6,0,0,121,54
1,Trauma,Rural,AB+,2,2,Winter,16.5,8.4,4,6,12,2,0,0,223,49
7,Trauma,Urban,O+,5,10,Summer,33.0,7.7,4,13,15,6,0,0,235,63
14,Trauma,Urban,B-,4,8,Monsoon,24.8,191.7,16,13,10,3,0,0,205,76
13,Clinic,Rural,B+,1,4,Summer,37.5,23.6,4,10,3,3,0,0,40,40
18,Trauma,Semi-Urban,B+,4,8,Monsoon,29.6,110.9,4,8,9,6,0,1,228,61
6,General,Urban,B+,3,4,Summer,32.5,23.8,2,13,8,2,0,0,116,49
17,Trauma,Semi-Urban,A+,6,8,Monsoon,29.1,220.1,10,23,13,2,0,0,223,81
19,Clinic,Rural,AB+,3,2,Winter,17.3,5.0,1,6,3,6,0,0,39,29
10,General,Urban,O-,7,8,Monsoon,26.0,152.6,8,16,6,5,0,1,138,61
7,Trauma,Urban,B+,5,1,Winter,17.9,1.5,3,10,11,3,0,1,235,54
14,Trauma,Urban,B+,1,1,Winter,19.9,5.9,3,12,9,3,0,0,235,59
15,Trauma,Urban,B+,3,4,Summer,31.3,5.2,3,7,7,3,0,0,227,50
3,Clinic,Urban,A+,7,3,Summer,35.5,14.4,3,11,5,1,0,0,36,41
15,Trauma,Urban,A+,2,6,Monsoon,34.5,51.0,6,10,12,1,0,0,241,60
4,Clinic,Urban,O+,5,2,Winter,18.5,2.4,3,9,4,3,1,0,35,34
15,Trauma,Urban,A+,6,3,Summer,34.1,35.0,3,13,8,0,1,0,254,56
24,Trauma,Rural,B+,5,2,Winter,17.7,3.5,2,3,14,2,0,0,233,48
14,Trauma,Urban,O+,1,11,Summer,35.4,14.3,0,3,9,1,1,1,277,46
20,General,Urban,O+,3,9,Monsoon,22.2,149.2,5,15,8,8,0,0,110,64
8,Clinic,Rural,O-,3,3,Summer,39.1,13.6,5,10,5,4,0,0,32,42
24,Trauma,Rural,AB+,3,2,Winter,20.9,5.8,3,5,11,2,0,0,224,46
21,General,Urban,O+,7,11,Summer,32.1,21.8,1,11,6,3,1,0,114,43
23,General,Semi-Urban,A+,1,9,Monsoon,27.1,57.8,9,10,4,6,0,1,141,53
19,Clinic,Rural,O+,4,11,Summer,32.3,4.4,5,9,6,5,0,1,68,42
17,Trauma,Semi-Urban,O+,7,3,Summer,34.9,13.4,4,17,12,7,0,0,237,68
14,Trauma,Urban,O+,7,5,Summer,34.2,8.4,3,11,10,1,0,0,223,55
24,Trauma,Rural,O+,5,2,Winter,18.7,6.6,8,8,7,3,0,0,223,49
22,Clinic,Urban,B+,7,6,Monsoon,23.9,63.3,5,16,5,1,1,0,26,48
11,General,Semi-Urban,A+,3,2,Winter,16.6,9.1,2,5,6,7,0,0,129,45
3,Clinic,Urban,B+,5,1,Winter,21.4,9.4,9,11,5,6,0,0,34,45
1,Trauma,Rural,B+,4,7,Monsoon,25.4,206.5,6,16,12,7,0,0,218,69
6,General,Urban,B+,1,12,Winter,10.1,5.5,2,6,12,2,0,0,123,49
2,Trauma,Semi-Urban,A-,1,8,Monsoon,26.5,52.5,11,10,11,3,0,0,207,69
6,General,Urban,O+,7,10,Summer,41.2,9.6,4,16,9,2,1,0,129,55
3,Clinic,Urban,AB+,2,10,Summer,36.5,18.9,5,10,5,4,0,0,32,44
25,General,Semi-Urban,O+,3,12,Winter,16.2,3.2,1,6,6,6,0,0,119,41
3,Clinic,Urban,O+,5,2,Winter,17.8,3.0,5,11,3,2,0,1,65,39
16,General,Semi-Urban,B+,5,4,Summer,36.0,31.0,3,7,3,8,0,0,128,49
9,General,Urban,B+,4,8,Monsoon,21.7,27.6,3,9,10,9,0,1,141,60
5,General,Urban,B+,7,10,Summer,31.4,19.8,8,11,6,5,0,0,122,48
18,Trauma,Semi-Urban,B+,6,10,Summer,35.2,18.0,9,8,13,0,1,0,241,49
25,General,Semi-Urban,O+,7,9,Monsoon,31.8,100.7,0,19,7,6,0,0,112,61
20,General,Urban,B-,5,4,Summer,32.7,5.0,2,10,4,6,0,0,111,48
25,General,Semi-Urban,O+,7,5,Summer,38.7,9.7,4,9,4,3,0,1,160,42
15,Trauma,Urban,A+,5,1,Winter,15.7,4.0,5,3,15,3,0,0,230,54
17,Trauma,Semi-Urban,B+,4,4,Summer,23.8,4.5,2,7,7,3,0,0,222,46
4,Clinic,Urban,O-,6,2,Winter,20.2,7.7,5,15,4,4,0,0,39,46
22,Clinic,Urban,A+,7,12,Winter,19.6,3.7,5,11,3,2,0,0,46,35
19,Clinic,Rural,A+,1,2,Winter,20.2,3.4,3,6,3,4,0,0,38,31
7,Trauma,Urban,O+,7,5,Summer,36.1,20.6,5,18,11,2,0,0,234,66
9,General,Urban,A+,5,11,Summer,34.6,35.6,1,13,9,5,0,0,127,56
16,General,Semi-Urban,B+,7,12,Winter,17.2,2.7,2,11,12,6,0,0,127,53
1,Trauma,Rural,B+,6,5,Summer,33.3,4.0,5,12,13,7,0,0,231,61
21,General,Urban,A+,7,6,Monsoon,25.6,262.4,11,18,8,5,0,1,151,65
8,Clinic,Rural,O+,2,7,Monsoon,25.8,107.2,6,13,7,3,0,0,32,50
2,Trauma,Semi-Urban,A+,2,10,Summer,28.6,48.7,7,12,9,5,0,0,231,62
9,General,Urban,O+,2,10,Summer,30.4,32.3,12,6,4,7,0,0,114,49
21,General,Urban,B+,2,7,Monsoon,26.5,47.7,6,7,4,7,0,1,147,52
7,Trauma,Urban,O+,2,5,Summer,27.3,10.9,0,8,6,6,0,0,257,53
14,Trauma,Urban,B+,4,5,Summer,28.0,0.7,1,9,8,2,0,0,233,50
21,General,Urban,O+,2,8,Monsoon,26.0,52.3,3,6,4,7,0,0,117,52
1,Trauma,Rural,A+,2,11,Summer,33.6,3.4,3,8,10,0,1,0,231,43
19,Clinic,Rural,B+,4,1,Winter,17.1,2.2,1,8,4,3,0,0,35,32
8,Clinic,Rural,O+,6,10,Summer,26.9,2.2,2,13,0,1,0,0,32,36
18,Trauma,Semi-Urban,B+,1,6,Monsoon,31.7,44.1,3,8,8,4,0,0,229,55
5,General,Urban,B+,4,2,Winter,13.7,2.1,4,8,6,7,0,1,123,51
4,Clinic,Urban,O+,5,2,Winter,15.5,3.4,1,9,2,2,0,0,32,32
20,General,Urban,A+,5,5,Summer,30.2,2.9,4,8,4,2,0,0,120,37
21,General,Urban,O-,1,3,Summer,37.9,27.8,9,7,2,9,0,0,110,49
25,General,Semi-Urban,A+,6,2,Winter,19.3,2.0,0,7,4,5,0,0,128,35
17,Trauma,Semi-Urban,O+,1,4,Summer,32.6,15.7,6,7,18,4,0,0,234,64
12,General,Urban,B+,2,11,Summer,32.4,6.9,4,7,7,7,0,0,119,50
5,General,Urban,O+,3,9,Monsoon,27.5,90.5,4,16,11,4,1,0,123,59
8,Clinic,Rural,O+,6,3,Summer,30.3,11.7,10,12,4,0,1,0,34,38
17,Trauma,Semi-Urban,B+,2,9,Monsoon,28.1,197.6,5,16,24,8,0,0,217,86
9,General,Urban,O+,6,6,Monsoon,25.4,73.9,2,12,5,5,0,0,112,54
13,Clinic,Rural,A+,7,9,Monsoon,28.6,77.2,5,12,5,1,0,0,33,46
5,General,Urban,O+,7,3,Summer,35.5,4.7,3,11,6,0,0,0,122,45
11,General,Semi-Urban,AB+,3,1,Winter,16.2,0.6,6,7,3,3,0,0,133,40
6,General,Urban,B+,1,4,Summer,27.8,15.0,0,7,5,11,0,0,120,43
3,Clinic,Urban,A+,2,12,Winter,17.3,4.4,3,7,6,2,1,0,37,29
4,Clinic,Urban,O+,6,7,Monsoon,22.7,99.6,6,13,6,1,0,0,29,53
13,Clinic,Rural,O+,2,1,Winter,18.2,6.8,2,10,2,2,0,0,49,31
10,General,Urban,AB+,5,12,Winter,17.2,3.4,2,14,7,5,0,0,114,52
3,Clinic,Urban,A+,3,10,Summer,32.2,8.6,4,8,4,2,1,0,38,34
13,Clinic,Rural,A+,6,7,Monsoon,23.1,97.9,8,16,5,1,0,0,32,53
5,General,Urban,B+,5,9,Monsoon,30.6,75.5,4,8,6,7,0,0,126,57
1,Trauma,Rural,B+,5,3,Summer,32.6,3.2,1,12,8,6,0,0,241,52
4,Clinic,Urban,B-,6,8,Monsoon,34.1,177.0,7,20,8,3,0,0,25,58
12,General,Urban,A+,7,11,Summer,34.1,6.9,2,13,7,2,0,0,127,51
24,Trauma,Rural,A+,3,6,Monsoon,28.1,79.3,1,14,11,4,0,0,229,59
7,Trauma,Urban,B+,4,1,Winter,18.1,2.1,6,4,7,5,0,0,233,51
8,Clinic,Rural,A+,5,10,Summer,35.0,28.5,3,8,2,1,0,0,44,35
7,Trauma,Urban,B+,6,9,Monsoon,30.3,57.0,5,12,16,4,0,0,237,67
9,General,Urban,O-,4,9,Monsoon,30.3,216.8,9,16,8,5,0,0,117,67
18,Trauma,Semi-Urban,A+,3,8,Monsoon,21.7,47.4,7,6,12,3,0,0,243,58
9,General,Urban,O+,6,2,Winter,20.6,5.7,1,14,6,2,0,0,120,51
17,Trauma,Semi-Urban,A+,7,2,Winter,19.5,3.0,7,12,7,4,0,0,221,53
23,General,Semi-Urban,B+,4,10,Summer,34.1,2.7,3,15,8,3,0,0,123,53
24,Trauma,Rural,A+,1,11,Summer,39.1,30.8,5,9,15,4,0,0,238,60
15,Trauma,Urban,O-,3,1,Winter,23.3,1.7,2,8,10,3,0,0,231,53
18,Trauma,Semi-Urban,O+,4,7,Monsoon,29.7,65.1,4,13,7,2,0,1,267,56
23,General,Semi-Urban,O+,5,7,Monsoon,25.4,105.1,8,15,12,4,0,1,146,64
20,General,Urban,A+,5,5,Summer,30.4,4.1,2,5,13,8,0,1,153,50
8,Clinic,Rural,O+,6,8,Monsoon,29.3,50.2,12,12,9,3,0,0,23,52
4,Clinic,Urban,O-,1,11,Summer,38.1,10.0,11,7,7,2,0,1,53,43
3,Clinic,Urban,O-,4,10,Summer,27.9,2.5,3,11,3,1,1,0,31,35
23,General,Semi-Urban,O+,5,2,Winter,21.3,3.9,3,5,5,7,0,1,147,40
14,Trauma,Urban,A+,7,6,Monsoon,26.2,28.7,3,13,7,4,0,0,241,55
8,Clinic,Rural,B+,1,12,Winter,12.6,5.6,7,15,2,1,0,0,38,38
9,General,Urban,B-,7,3,Summer,35.4,25.8,1,15,6,1,0,0,129,46
8,Clinic,Rural,O+,1,11,Summer,36.7,20.4,2,6,3,1,0,0,41,31
21,General,Urban,O+,2,6,Monsoon,25.9,156.0,8,13,4,5,0,0,118,61
16,General,Semi-Urban,B+,6,7,Monsoon,23.8,69.9,7,10,5,3,0,0,125,47
22,Clinic,Urban,O+,6,4,Summer,39.1,3.3,10,10,7,1,0,0,37,43
8,Clinic,Rural,B+,7,12,Winter,16.0,7.1,0,8,7,1,0,0,45,33
12,General,Urban,B+,5,7,Monsoon,30.5,51.1,4,15,8,8,0,1,145,66
4,Clinic,Urban,O+,5,7,Monsoon,22.5,82.1,5,7,7,2,0,0,38,44
25,General,Semi-Urban,A+,4,6,Monsoon,28.2,39.6,4,14,12,2,0,0,99,59
13,Clinic,Rural,O+,4,2,Winter,19.2,1.3,7,9,6,4,0,0,39,42
14,Trauma,Urban,B+,4,10,Summer,36.6,14.5,6,5,16,5,0,0,227,61
11,General,Semi-Urban,O+,3,4,Summer,38.5,12.5,7,7,7,5,0,0,119,48
7,Trauma,Urban,A+,6,3,Summer,31.6,2.5,3,5,8,1,0,0,228,49
24,Trauma,Rural,A+,3,10,Summer,35.6,7.2,4,7,11,7,0,0,220,58
13,Clinic,Rural,O-,5,3,Summer,29.9,39.1,1,9,4,2,0,0,44,37
17,Trauma,Semi-Urban,O+,5,9,Monsoon,22.9,125.8,2,13,15,4,0,0,230,65
1,Trauma,Rural,AB+,4,6,Monsoon,25.3,48.6,2,10,15,2,0,0,249,59
7,Trauma,Urban,O+,5,10,Summer,35.2,8.6,5,11,12,6,0,0,225,58
21,General,Urban,A+,1,1,Winter,23.0,3.5,1,7,7,4,0,0,127,41
3,Clinic,Urban,O+,3,10,Summer,39.6,8.7,6,5,4,4,0,0,34,38
3,Clinic,Urban,B+,4,3,Summer,32.9,29.5,4,8,1,3,0,0,44,36
21,General,Urban,B+,3,11,Summer,34.9,17.1,3,9,6,7,0,0,118,46
8,Clinic,Rural,O+,7,5,Summer,36.8,20.4,3,12,4,2,0,0,38,41
7,Trauma,Urban,O+,7,1,Winter,20.3,6.3,3,9,10,5,0,0,227,57
15,Trauma,Urban,B+,5,6,Monsoon,26.5,120.1,16,8,13,3,0,0,221,74
5,General,Urban,O+,3,1,Winter,18.2,5.4,7,15,8,10,0,0,105,58
2,Trauma,Semi-Urban,A+,1,4,Summer,33.7,28.6,1,5,11,4,0,1,237,53
1,Trauma,Rural,A+,6,9,Monsoon,26.4,136.4,11,18,18,1,0,0,213,81
2,Trauma,Semi-Urban,A+,7,7,Monsoon,26.0,32.7,5,12,8,2,0,0,243,60
4,Clinic,Urban,A+,4,9,Monsoon,26.6,244.6,22,29,6,4,0,0,22,60
18,Trauma,Semi-Urban,A+,6,11,Summer,32.8,1.9,2,13,12,2,0,0,228,57
8,Clinic,Rural,AB+,7,6,Monsoon,23.6,117.0,4,23,7,1,0,0,27,55
2,Trauma,Semi-Urban,O+,4,7,Monsoon,29.6,94.7,2,17,7,3,0,0,229,61
1,Trauma,Rural,O+,2,1,Winter,19.5,2.3,2,9,14,5,0,0,200,60
12,General,Urban,O+,1,4,Summer,39.6,22.0,3,11,7,9,0,0,119,56
22,Clinic,Urban,O+,6,9,Monsoon,28.1,76.8,5,17,3,4,0,0,46,50
9,General,Urban,O+,4,1,Winter,16.7,4.9,4,13,7,4,0,0,125,53
2,Trauma,Semi-Urban,O+,2,5,Summer,32.1,3.8,2,7,11,3,0,1,255,52
6,General,Urban,A+,1,2,Winter,18.1,7.1,3,8,5,8,0,0,122,52
13,Clinic,Rural,O+,7,11,Summer,35.7,23.3,7,9,4,1,0,0,38,38
5,General,Urban,O+,3,7,Monsoon,26.3,86.6,4,11,7,5,0,0,115,56
25,General,Semi-Urban,O-,3,8,Monsoon,22.6,41.1,5,8,13,2,1,0,120,53
20,General,Urban,AB+,5,9,Monsoon,24.8,180.4,14,14,15,4,0,0,110,72
9,General,Urban,O+,3,3,Summer,34.1,2.0,2,11,10,11,0,0,125,62
24,Trauma,Rural,A+,7,1,Winter,20.2,3.6,9,10,11,2,0,0,236,52
9,General,Urban,B+,5,5,Summer,29.5,9.5,7,8,8,8,0,0,122,56
4,Clinic,Urban,AB+,3,3,Summer,34.8,16.2,8,9,6,0,0,0,40,40
24,Trauma,Rural,AB+,2,4,Summer,34.7,9.3,8,7,13,5,0,0,233,58
24,Trauma,Rural,B+,7,4,Summer,32.6,22.5,6,11,7,2,0,0,238,47
8,Clinic,Rural,B+,5,10,Summer,32.2,4.2,6,11,1,1,0,0,41,32
15,Trauma,Urban,A+,7,4,Summer,31.8,26.2,2,8,8,5,0,0,211,56
5,General,Urban,B+,3,2,Winter,18.4,3.1,6,11,10,4,0,0,121,57
17,Trauma,Semi-Urban,A+,1,12,Winter,21.4,2.2,6,4,6,2,1,0,233,42
18,Trauma,Semi-Urban,A+,7,1,Winter,21.6,4.5,1,13,12,2,0,0,210,54
18,Trauma,Semi-Urban,O+,2,3,Summer,30.6,21.6,2,11,11,3,0,0,250,55
15,Trauma,Urban,B+,6,5,Summer,33.4,10.1,13,8,11,2,0,0,217,59
18,Trauma,Semi-Urban,O+,5,1,Winter,11.4,3.1,3,11,12,4,0,0,238,55
14,Trauma,Urban,O-,2,11,Summer,34.3,6.1,7,10,8,5,0,1,251,57
21,General,Urban,A+,6,5,Summer,35.8,1.9,4,8,11,2,0,0,125,48
5,General,Urban,O+,1,10,Summer,38.7,7.4,2,7,7,4,0,0,132,47
13,Clinic,Rural,O+,3,2,Winter,12.6,3.5,0,2,2,5,0,0,36,32
11,General,Semi-Urban,O+,3,7,Monsoon,23.7,65.2,4,6,4,8,0,0,122,50
14,Trauma,Urban,O+,5,2,Winter,18.4,2.6,2,8,18,2,0,0,224,61
4,Clinic,Urban,B+,4,3,Summer,29.1,4.2,7,5,6,3,0,0,41,39
9,General,Urban,A+,5,5,Summer,34.5,4.9,3,9,7,7,0,0,118,49
24,Trauma,Rural,A-,4,11,Summer,35.9,4.1,2,9,8,4,0,0,243,53
3,Clinic,Urban,O+,6,4,Summer,30.2,12.4,1,9,7,4,0,0,34,43
16,General,Semi-Urban,A+,2,10,Summer,34.4,16.4,6,11,7,4,0,0,129,48
17,Trauma,Semi-Urban,B+,6,2,Winter,14.4,3.7,5,7,13,1,0,0,223,52
12,General,Urban,B+,1,4,Summer,38.1,17.0,1,5,8,3,0,0,132,41
1,Trauma,Rural,B+,1,8,Monsoon,27.6,36.6,4,9,10,3,0,0,233,58
1,Trauma,Rural,O+,6,6,Monsoon,25.1,83.9,7,13,9,1,0,0,240,62
7,Trauma,Urban,A+,2,7,Monsoon,23.3,58.0,9,10,12,8,0,0,200,70
3,Clinic,Urban,O+,6,9,Monsoon,28.2,74.5,6,12,5,1,0,0,39,47
3,Clinic,Urban,A+,1,1,Winter,22.1,0.8,9,9,2,6,0,0,25,42
5,General,Urban,B+,2,9,Monsoon,24.7,30.8,8,10,10,6,0,0,120,57
5,General,Urban,AB+,7,11,Summer,32.7,12.1,1,8,3,5,0,0,132,49
21,General,Urban,O+,2,10,Summer,31.7,6.0,4,9,5,3,0,0,129,44
16,General,Semi-Urban,B+,7,4,Summer,38.7,6.4,14,11,10,1,1,0,104,49
1,Trauma,Rural,B+,3,5,Summer,28.3,9.6,3,2,9,1,0,0,224,42
16,General,Semi-Urban,B+,6,12,Winter,21.9,4.7,2,9,5,6,0,0,132,46
4,Clinic,Urban,B+,7,10,Summer,32.9,21.2,1,7,6,0,1,0,38,33
11,General,Semi-Urban,A+,1,12,Winter,17.8,0.6,2,9,7,3,0,0,127,44
1,Trauma,Rural,B+,3,11,Summer,33.0,7.6,4,10,11,2,0,0,227,57
3,Clinic,Urban,B+,5,6,Monsoon,27.7,95.3,7,12,4,2,0,0,38,48
4,Clinic,Urban,B+,7,2,Winter,15.8,4.6,0,10,4,3,0,0,39,39
11,General,Semi-Urban,B+,2,3,Summer,37.2,19.9,8,8,5,5,0,0,125,45
12,General,Urban,A+,2,4,Summer,37.3,14.9,2,6,4,4,0,0,127,45
9,General,Urban,O+,3,11,Summer,31.0,6.6,3,2,10,6,0,0,121,49
16,General,Semi-Urban,O+,2,4,Summer,36.0,13.1,4,10,3,8,0,0,114,49
19,Clinic,Rural,B+,2,5,Summer,32.9,11.9,5,5,5,5,0,0,37,38
19,Clinic,Rural,O-,1,11,Summer,34.2,3.8,2,8,3,2,0,1,64,34
15,Trauma,Urban,B+,6,2,Winter,22.6,1.7,7,10,12,3,0,0,227,59
14,Trauma,Urban,O+,6,8,Monsoon,25.0,101.2,10,21,15,3,0,0,227,80
13,Clinic,Rural,A-,2,7,Monsoon,29.8,140.0,5,11,5,1,0,0,36,39
6,General,Urban,B+,4,12,Winter,19.4,2.1,9,5,6,2,0,0,108,43
13,Clinic,Rural,A+,5,6,Monsoon,26.4,266.3,19,18,6,3,0,0,30,60
1,Trauma,Rural,O+,5,7,Monsoon,28.1,5.6,6,10,17,3,0,0,252,65
25,General,Semi-Urban,B+,7,11,Summer,34.7,11.1,3,10,7,9,0,0,133,51
10,General,Urban,B+,5,12,Winter,14.5,3.5,5,9,8,12,0,0,126,59
19,Clinic,Rural,B+,5,9,Monsoon,25.2,158.3,6,14,4,3,0,0,31,54
24,Trauma,Rural,A+,1,9,Monsoon,23.9,47.9,3,13,10,7,0,1,248,69
13,Clinic,Rural,O+,1,11,Summer,33.2,7.4,5,16,2,4,0,0,42,43
22,Clinic,Urban,O+,5,12,Winter,22.0,2.1,5,5,7,3,0,0,34,40
12,General,Urban,AB-,7,9,Monsoon,28.7,153.0,2,12,8,2,0,1,157,55
4,Clinic,Urban,O+,3,4,Summer,29.7,24.8,1,14,4,2,0,0,40,39
1,Trauma,Rural,O+,5,8,Monsoon,26.2,62.2,7,12,13,4,0,0,215,70
4,Clinic,Urban,A+,2,3,Summer,34.7,5.2,7,8,4,1,0,1,58,38
24,Trauma,Rural,B-,4,7,Monsoon,29.2,40.7,10,6,8,4,0,0,230,57
12,General,Urban,A+,6,6,Monsoon,25.0,25.3,9,15,4,7,0,0,121,61
8,Clinic,Rural,O+,5,12,Winter,14.3,7.6,1,9,1,4,0,0,42,31
12,General,Urban,O+,1,7,Monsoon,26.8,81.5,11,15,4,8,0,1,149,67
7,Trauma,Urban,B+,7,12,Winter,19.7,6.0,19,16,11,1,1,0,233,68
22,Clinic,Urban,A-,7,10,Summer,34.7,9.2,2,12,1,0,0,0,36,35
25,General,Semi-Urban,A+,4,11,Summer,31.3,43.1,2,11,7,5,0,1,138,49
3,Clinic,Urban,A+,3,3,Summer,39.3,18.8,12,9,2,1,0,0,44,39
18,Trauma,Semi-Urban,O+,4,10,Summer,33.7,14.4,1,7,14,3,0,0,242,58
9,General,Urban,O+,6,4,Summer,34.6,16.5,7,8,9,3,0,0,130,48
2,Trauma,Semi-Urban,A-,4,7,Monsoon,25.0,37.6,3,7,10,3,0,1,264,56
24,Trauma,Rural,O+,1,6,Monsoon,30.3,56.3,7,11,17,9,0,0,225,70
2,Trauma,Semi-Urban,O+,1,4,Summer,35.7,20.9,4,7,7,6,0,1,263,52
6,General,Urban,B+,6,12,Winter,18.9,3.3,2,10,6,3,0,1,157,47
1,Trauma,Rural,B+,6,11,Summer,30.5,17.3,3,16,16,1,0,0,226,61
12,General,Urban,O+,6,7,Monsoon,30.3,65.7,8,17,10,3,0,0,130,66
15,Trauma,Urban,O+,1,1,Winter,20.3,3.0,3,9,11,3,0,0,238,56
9,General,Urban,B-,2,3,Summer,37.0,25.2,6,14,7,5,0,0,120,54
2,Trauma,Semi-Urban,A+,3,3,Summer,34.1,13.0,3,9,10,8,0,0,238,63
3,Clinic,Urban,O+,2,12,Winter,17.8,3.8,1,6,2,2,0,0,47,30
24,Trauma,Rural,A+,3,5,Summer,33.5,10.8,1,8,12,7,0,0,228,56
21,General,Urban,A+,4,1,Winter,24.8,2.4,2,7,9,8,0,0,131,50
24,Trauma,Rural,O+,2,8,Monsoon,25.4,68.8,12,8,11,2,0,0,218,70
14,Trauma,Urban,AB+,1,12,Winter,14.4,3.3,5,7,9,4,0,0,229,58
14,Trauma,Urban,A+,3,7,Monsoon,25.9,180.8,21,17,15,4,0,0,239,89
20,General,Urban,O+,6,6,Monsoon,25.4,84.4,7,17,7,4,0,0,119,59
16,General,Semi-Urban,O+,5,3,Summer,37.8,22.8,2,13,8,5,0,0,125,52
11,General,Semi-Urban,O+,3,11,Summer,29.9,5.4,5,12,9,2,1,1,155,46
8,Clinic,Rural,AB+,3,2,Winter,16.3,4.5,1,8,4,6,0,0,34,38
13,Clinic,Rural,B+,5,12,Winter,18.6,0.5,3,13,5,1,1,0,39,36
2,Trauma,Semi-Urban,O+,2,3,Summer,37.8,6.2,9,8,16,0,1,0,223,59
5,General,Urban,B+,6,2,Winter,20.1,1.8,6,9,4,5,0,0,114,45
19,Clinic,Rural,A+,7,5,Summer,38.9,7.7,2,7,3,3,0,0,36,35
22,Clinic,Urban,B+,1,1,Winter,19.0,6.5,2,10,0,2,0,0,41,34
3,Clinic,Urban,A+,7,1,Winter,17.4,0.6,1,11,4,5,0,0,41,42
3,Clinic,Urban,O+,1,3,Summer,36.6,24.8,1,6,2,3,0,0,37,29
3,Clinic,Urban,B+,4,9,Monsoon,22.9,14.6,5,13,5,6,0,0,40,53
20,General,Urban,O+,5,10,Summer,28.9,8.6,10,6,8,5,0,0,126,47
8,Clinic,Rural,B+,3,3,Summer,36.9,9.0,5,9,4,1,0,0,38,37
9,General,Urban,O+,2,8,Monsoon,27.6,209.0,12,12,8,7,0,0,110,68
1,Trauma,Rural,O+,1,5,Summer,36.9,18.2,10,8,16,5,0,0,221,65
25,General,Semi-Urban,O+,6,6,Monsoon,24.4,254.3,19,24,5,3,0,0,123,75
11,General,Semi-Urban,O+,1,5,Summer,37.9,41.1,12,9,11,4,0,0,114,55
20,General,Urban,A+,4,11,Summer,36.0,22.7,4,11,8,8,0,0,144,53
18,Trauma,Semi-Urban,A+,3,7,Monsoon,26.9,45.2,4,5,13,3,0,1,247,53
4,Clinic,Urban,A+,7,7,Monsoon,27.6,108.2,1,12,4,1,0,0,32,41
21,General,Urban,A+,7,11,Summer,35.0,12.3,2,13,5,1,1,0,132,44
14,Trauma,Urban,A+,6,8,Monsoon,24.4,53.2,1,14,14,5,0,0,229,72
16,General,Semi-Urban,AB+,6,2,Winter,16.8,6.2,3,13,11,7,0,0,110,58
6,General,Urban,O+,4,3,Summer,35.0,3.2,2,7,10,6,0,1,141,48
22,Clinic,Urban,A+,3,5,Summer,32.7,5.3,7,6,4,6,0,0,32,36
24,Trauma,Rural,B+,2,2,Winter,13.6,0.6,5,9,15,5,0,1,229,60
11,General,Semi-Urban,O+,7,9,Monsoon,27.9,36.3,5,10,6,2,0,0,114,48
3,Clinic,Urban,B+,3,6,Monsoon,29.5,43.3,8,16,2,1,0,0,38,48
22,Clinic,Urban,O+,4,1,Winter,21.2,2.9,0,5,6,1,0,0,41,36
23,General,Semi-Urban,A+,1,5,Summer,35.6,23.0,0,8,7,7,0,0,126,48
13,Clinic,Rural,A+,2,10,Summer,36.5,7.5,8,16,7,5,0,0,41,53
15,Trauma,Urban,O+,5,11,Summer,37.0,23.3,1,7,15,1,1,0,231,58
6,General,Urban,B+,3,12,Winter,18.2,11.6,4,10,7,11,0,0,126,56
2,Trauma,Semi-Urban,B+,5,12,Winter,11.6,7.3,3,16,11,4,0,0,233,67
24,Trauma,Rural,A+,2,8,Monsoon,30.5,38.4,8,8,12,3,0,0,207,58
13,Clinic,Rural,B+,1,12,Winter,15.3,1.9,9,8,4,6,0,0,37,39
7,Trauma,Urban,O+,7,12,Winter,14.6,6.7,10,7,6,3,0,0,253,51
18,Trauma,Semi-Urban,B-,4,8,Monsoon,23.7,47.9,4,10,15,2,1,0,216,66
1,Trauma,Rural,B+,3,5,Summer,41.5,12.1,0,15,14,2,0,0,239,63
2,Trauma,Semi-Urban,B+,3,12,Winter,19.3,4.6,4,5,10,5,0,0,242,54
7,Trauma,Urban,O+,5,5,Summer,30.9,19.1,2,10,8,4,0,0,223,54
12,General,Urban,B+,4,2,Winter,15.9,3.8,1,3,6,5,0,0,119,41
10,General,Urban,A+,3,2,Winter,18.0,1.1,2,16,9,4,0,0,110,54
5,General,Urban,B+,7,7,Monsoon,28.6,60.8,12,13,10,4,0,0,127,64
9,General,Urban,B+,7,1,Winter,18.8,7.3,2,13,11,5,0,0,119,55
9,General,Urban,O-,2,2,Winter,15.2,3.3,5,6,10,7,0,0,133,47
14,Trauma,Urban,O+,5,3,Summer,35.0,34.8,9,8,8,6,0,0,226,57
15,Trauma,Urban,O+,7,7,Monsoon,25.2,99.5,10,15,17,3,0,0,220,77
23,General,Semi-Urban,B+,4,6,Monsoon,30.1,42.1,3,13,8,4,1,0,116,56
21,General,Urban,O+,1,7,Monsoon,27.2,122.7,7,17,6,10,0,0,120,69
8,Clinic,Rural,O+,1,7,Monsoon,24.7,183.1,2,8,4,3,0,0,44,34
23,General,Semi-Urban,B-,5,12,Winter,20.1,3.6,6,10,5,4,0,0,131,45
14,Trauma,Urban,O+,7,3,Summer,35.1,12.8,5,15,10,5,0,0,228,59
5,General,Urban,O+,1,6,Monsoon,25.6,107.7,7,13,10,8,0,0,102,67
9,General,Urban,AB+,4,8,Monsoon,29.2,116.2,21,15,4,10,0,0,103,72
19,Clinic,Rural,O+,4,4,Summer,35.9,6.7,2,8,3,3,0,0,34,33
21,General,Urban,O+,2,3,Summer,37.6,2.1,6,10,6,6,0,0,129,55
10,General,Urban,O+,5,1,Winter,20.1,5.2,5,6,4,6,0,0,122,42
4,Clinic,Urban,O-,7,4,Summer,33.4,11.5,1,12,4,1,0,0,34,39
5,General,Urban,O+,2,4,Summer,28.9,15.3,5,10,8,11,0,0,132,56
3,Clinic,Urban,O+,1,3,Summer,34.6,9.9,7,5,2,2,0,0,24,35
18,Trauma,Semi-Urban,O+,3,4,Summer,35.0,15.5,4,4,12,5,0,0,238,54
13,Clinic,Rural,O+,3,9,Monsoon,27.2,39.1,3,10,2,1,0,0,30,37
12,General,Urban,B+,6,10,Summer,25.0,8.5,6,9,6,5,0,0,113,48
17,Trauma,Semi-Urban,AB+,4,7,Monsoon,29.0,37.7,5,12,18,4,0,1,281,69
21,General,Urban,B+,1,1,Winter,15.3,2.5,7,7,7,7,0,1,148,48
20,General,Urban,O+,3,9,Monsoon,29.1,26.5,2,9,4,14,0,0,113,53
4,Clinic,Urban,O+,6,2,Winter,23.1,5.5,4,8,4,1,0,0,35,35
15,Trauma,Urban,O+,4,1,Winter,17.2,8.5,3,7,12,3,0,0,223,54
23,General,Semi-Urban,O+,4,7,Monsoon,28.3,28.0,2,7,10,4,0,0,126,52
20,General,Urban,O+,2,6,Monsoon,27.1,83.5,5,9,10,8,0,0,130,61
9,General,Urban,A+,3,4,Summer,35.6,9.9,2,7,5,9,0,0,122,49
10,General,Urban,B+,1,12,Winter,18.3,8.7,2,5,4,3,1,0,130,38
23,General,Semi-Urban,A+,1,2,Winter,16.4,3.5,1,11,5,4,0,0,126,43
1,Trauma,Rural,A+,1,1,Winter,15.3,7.1,6,11,10,5,0,0,243,60
14,Trauma,Urban,B+,5,8,Monsoon,31.8,129.7,10,15,11,3,0,0,232,70
3,Clinic,Urban,AB-,2,6,Monsoon,28.3,101.0,6,16,1,1,0,0,36,42
23,General,Semi-Urban,B+,5,10,Summer,36.5,7.3,3,8,3,4,0,1,151,45
1,Trauma,Rural,O+,7,1,Winter,19.2,4.1,10,11,9,2,0,0,248,53
1,Trauma,Rural,B+,5,6,Monsoon,29.9,37.1,7,7,10,3,0,0,221,62
9,General,Urban,B+,5,2,Winter,15.3,2.4,4,7,8,5,0,0,120,46
6,General,Urban,A+,1,1,Winter,18.2,0.5,6,9,2,6,0,0,127,43
13,Clinic,Rural,B+,4,6,Monsoon,28.5,190.2,18,22,5,1,0,0,28,60
8,Clinic,Rural,B+,7,9,Monsoon,30.9,92.8,15,12,5,2,0,0,24,57
9,General,Urban,O+,3,2,Winter,26.0,7.7,4,7,5,8,0,0,124,43
15,Trauma,Urban,B+,6,11,Summer,35.2,12.5,2,10,8,3,0,0,217,54
15,Trauma,Urban,O-,5,7,Monsoon,25.0,95.0,14,11,7,7,0,0,231,69
24,Trauma,Rural,B+,2,6,Monsoon,23.4,124.6,9,12,13,3,0,0,218,68
13,Clinic,Rural,B+,1,12,Winter,15.3,3.1,7,8,5,3,0,0,33,37
15,Trauma,Urban,AB-,1,4,Summer,31.7,9.9,9,8,13,1,0,0,228,58
17,Trauma,Semi-Urban,B+,2,3,Summer,25.3,8.8,1,9,13,1,1,0,235,51
5,General,Urban,B+,3,10,Summer,32.0,5.2,6,4,4,3,0,0,130,43
17,Trauma,Semi-Urban,O+,5,2,Winter,20.2,2.5,3,5,7,3,0,0,239,42
22,Clinic,Urban,A+,5,11,Summer,34.2,23.1,1,6,5,3,0,0,39,41
8,Clinic,Rural,O+,4,10,Summer,33.2,8.2,4,15,3,4,0,0,25,45
5,General,Urban,O+,6,12,Winter,13.1,11.3,1,8,7,3,0,0,132,45
9,General,Urban,B+,6,6,Monsoon,30.2,16.4,7,9,7,5,0,0,111,62
7,Trauma,Urban,O+,5,8,Monsoon,28.5,165.6,8,10,15,1,1,0,223,66
15,Trauma,Urban,O+,7,11,Summer,34.0,9.6,4,13,9,1,0,0,231,53
22,Clinic,Urban,O+,3,2,Winter,11.4,4.6,13,11,6,2,0,0,36,44
15,Trauma,Urban,B+,6,4,Summer,32.5,5.5,2,13,12,1,0,0,222,58
4,Clinic,Urban,O+,3,6,Monsoon,28.3,20.4,4,14,2,2,0,0,32,47
8,Clinic,Rural,O+,2,8,Monsoon,26.9,144.8,9,19,2,5,0,0,39,53
18,Trauma,Semi-Urban,A+,2,9,Monsoon,27.6,186.6,11,15,19,5,0,0,233,83
9,General,Urban,O+,1,12,Winter,20.1,3.4,2,12,6,3,1,0,99,44
15,Trauma,Urban,O+,7,6,Monsoon,27.5,60.6,5,13,16,2,0,1,254,73
18,Trauma,Semi-Urban,B+,2,3,Summer,35.9,11.1,9,6,8,5,0,1,242,50
9,General,Urban,A+,6,3,Summer,31.5,11.1,7,10,6,5,0,0,120,48
17,Trauma,Semi-Urban,B+,6,10,Summer,30.3,9.4,8,12,13,4,0,0,211,60
10,General,Urban,B+,4,6,Monsoon,28.4,91.3,7,16,5,6,0,0,126,61
4,Clinic,Urban,B+,7,8,Monsoon,29.0,119.1,7,24,5,0,0,0,41,58
10,General,Urban,B+,7,7,Monsoon,28.6,112.2,6,19,13,5,0,0,112,73
12,General,Urban,B+,7,10,Summer,34.4,7.0,7,10,8,5,0,0,116,53
1,Trauma,Rural,O+,4,3,Summer,33.0,9.6,1,11,15,6,0,0,219,59
23,General,Semi-Urban,A+,3,3,Summer,34.6,4.6,4,8,6,7,0,1,141,45
14,Trauma,Urban,O+,1,9,Monsoon,28.1,110.0,13,14,7,3,0,0,212,70
1,Trauma,Rural,O+,6,6,Monsoon,28.3,44.4,6,11,19,2,0,0,228,70
22,Clinic,Urban,O-,7,10,Summer,41.8,1.0,5,10,9,1,0,0,37,45
22,Clinic,Urban,O+,4,2,Winter,15.2,2.2,0,6,3,4,0,0,34,36
1,Trauma,Rural,O+,1,4,Summer,42.0,16.1,4,9,13,5,0,0,233,62
5,General,Urban,O+,6,12,Winter,14.2,4.8,0,13,3,3,0,0,115,42
10,General,Urban,B+,3,11,Summer,35.2,23.5,4,8,3,4,0,0,120,46
13,Clinic,Rural,B+,4,1,Winter,14.4,12.5,1,6,3,1,0,0,48,31
19,Clinic,Rural,O+,5,10,Summer,34.9,11.4,0,5,6,4,0,0,29,35
11,General,Semi-Urban,B+,2,1,Winter,20.9,2.8,0,8,4,4,0,0,117,42
16,General,Semi-Urban,O-,1,2,Winter,18.1,3.6,11,10,8,2,0,0,121,45
1,Trauma,Rural,AB+,1,11,Summer,36.9,8.5,5,9,14,3,0,0,219,61
17,Trauma,Semi-Urban,B+,7,2,Winter,16.7,1.2,3,14,15,3,0,0,250,65
23,General,Semi-Urban,O+,7,4,Summer,27.9,3.9,2,6,4,2,0,0,139,36
14,Trauma,Urban,O+,3,2,Winter,19.9,3.0,0,10,13,3,0,0,221,63
12,General,Urban,B+,3,8,Monsoon,27.1,197.6,9,12,4,6,0,0,106,61
8,Clinic,Rural,B+,3,1,Winter,16.6,2.3,2,6,1,3,0,0,40,26
24,Trauma,Rural,A+,3,4,Summer,32.8,18.8,5,9,18,3,0,1,223,60
1,Trauma,Rural,A-,4,4,Summer,35.2,25.2,3,12,8,5,0,0,237,57
8,Clinic,Rural,B-,3,8,Monsoon,24.6,130.6,7,20,5,2,0,0,37,54
4,Clinic,Urban,B+,5,6,Monsoon,28.1,140.4,12,13,4,1,0,0,33,56
22,Clinic,Urban,B+,3,3,Summer,37.6,4.2,4,9,7,3,0,1,59,41
13,Clinic,Rural,O+,5,6,Monsoon,33.2,68.2,2,16,3,5,0,0,34,46
24,Trauma,Rural,AB-,7,6,Monsoon,31.2,22.6,2,8,14,0,0,0,236,55
17,Trauma,Semi-Urban,B+,2,5,Summer,34.5,6.9,3,10,10,5,0,0,238,57
14,Trauma,Urban,O+,1,7,Monsoon,27.8,29.5,2,12,12,2,0,0,231,62
13,Clinic,Rural,B+,4,4,Summer,32.8,16.2,7,7,3,6,0,0,35,37
6,General,Urban,AB+,1,5,Summer,32.6,3.8,2,10,6,8,0,0,132,53
15,Trauma,Urban,A+,2,10,Summer,36.6,3.9,4,2,12,3,0,0,236,52
18,Trauma,Semi-Urban,AB-,6,4,Summer,33.1,10.9,7,7,15,3,0,0,253,55
25,General,Semi-Urban,O+,3,4,Summer,35.1,1.9,3,6,11,8,0,0,126,47
14,Trauma,Urban,B+,4,2,Winter,15.1,11.8,1,10,9,4,0,0,240,52
24,Trauma,Rural,B+,6,9,Monsoon,31.1,67.1,13,16,15,3,0,0,235,75
24,Trauma,Rural,O-,1,9,Monsoon,26.0,172.2,11,11,18,3,0,1,255,71
14,Trauma,Urban,B+,4,9,Monsoon,30.3,31.3,8,9,9,6,0,0,213,66
11,General,Semi-Urban,A+,1,3,Summer,31.9,14.4,5,10,5,2,1,0,125,37
4,Clinic,Urban,O+,4,6,Monsoon,24.7,117.3,5,19,10,2,0,0,35,58
7,Trauma,Urban,B+,2,4,Summer,38.0,4.9,7,7,9,3,0,0,227,59
22,Clinic,Urban,AB+,7,10,Summer,32.1,19.5,5,10,4,0,0,0,26,47
4,Clinic,Urban,A-,2,5,Summer,29.3,6.7,5,7,5,3,0,0,42,38
10,General,Urban,O+,2,5,Summer,30.9,8.0,8,12,5,1,0,0,127,50
18,Trauma,Semi-Urban,B+,1,6,Monsoon,29.6,37.1,14,10,18,0,1,0,229,70
7,Trauma,Urban,B+,1,10,Summer,36.3,20.2,4,12,9,5,0,0,227,59
25,General,Semi-Urban,O+,2,9,Monsoon,24.7,100.9,5,8,11,6,0,0,118,56
17,Trauma,Semi-Urban,B+,2,10,Summer,32.1,13.5,5,7,12,3,0,0,234,57
1,Trauma,Rural,O+,6,6,Monsoon,29.0,94.5,11,13,15,2,0,0,248,70
7,Trauma,Urban,A-,7,10,Summer,37.9,13.8,3,14,11,0,0,0,213,61
19,Clinic,Rural,B+,6,11,Summer,33.8,6.5,6,11,3,1,0,0,38,32
22,Clinic,Urban,O-,7,7,Monsoon,28.7,129.6,20,17,4,3,0,0,21,60
24,Trauma,Rural,O+,7,9,Monsoon,29.6,42.5,6,15,10,2,0,0,224,66
22,Clinic,Urban,O+,4,11,Summer,40.5,13.4,5,6,3,5,0,0,37,39
2,Trauma,Semi-Urban,B+,3,11,Summer,30.5,10.2,3,6,10,4,0,0,243,51
19,Clinic,Rural,A+,5,4,Summer,32.0,7.6,10,13,5,6,0,0,30,46
3,Clinic,Urban,B+,3,9,Monsoon,25.5,75.3,4,17,4,3,1,0,26,49
2,Trauma,Semi-Urban,O+,5,6,Monsoon,29.5,96.3,3,12,12,4,0,0,230,62
18,Trauma,Semi-Urban,O+,7,2,Winter,17.2,5.3,3,9,9,3,0,1,235,56
12,General,Urban,O+,2,5,Summer,34.9,11.9,9,8,6,4,0,0,116,46
17,Trauma,Semi-Urban,O+,6,12,Winter,18.4,6.2,3,8,6,2,0,0,239,46
22,Clinic,Urban,O+,7,12,Winter,18.0,1.9,7,11,6,2,0,0,33,41
2,Trauma,Semi-Urban,B+,4,10,Summer,34.3,9.2,6,7,13,4,0,0,252,56
14,Trauma,Urban,O+,3,12,Winter,21.1,4.7,11,10,12,2,0,0,233,62
21,General,Urban,A+,2,7,Monsoon,24.1,31.4,5,7,5,2,1,0,130,43
12,General,Urban,O+,2,10,Summer,33.6,19.9,5,5,4,6,0,0,130,40
14,Trauma,Urban,B+,3,2,Winter,14.4,1.2,1,6,11,3,0,0,243,50
13,Clinic,Rural,B+,6,4,Summer,34.7,34.8,6,11,4,2,0,0,35,39
23,General,Semi-Urban,B-,4,3,Summer,33.4,6.9,2,9,5,4,0,0,121,40
2,Trauma,Semi-Urban,O+,2,12,Winter,21.2,9.4,6,4,11,1,0,0,227,49
22,Clinic,Urban,O+,4,8,Monsoon,27.0,132.8,13,12,4,3,0,0,36,55
21,General,Urban,O-,6,12,Winter,16.7,1.0,9,17,7,1,0,1,140,58
21,General,Urban,AB+,1,5,Summer,33.3,5.4,5,10,7,5,0,0,113,49
11,General,Semi-Urban,B+,1,5,Summer,39.2,3.8,3,9,12,4,0,0,118,47
13,Clinic,Rural,O-,7,9,Monsoon,22.3,66.1,22,17,5,1,0,0,22,60
10,General,Urban,B+,6,7,Monsoon,25.1,151.0,7,12,6,2,0,0,124,52
7,Trauma,Urban,O+,5,5,Summer,34.1,30.0,7,7,13,3,0,0,222,57
22,Clinic,Urban,B+,7,4,Summer,32.1,4.8,7,9,4,0,0,0,38,41
13,Clinic,Rural,O+,5,7,Monsoon,28.5,32.6,7,3,2,2,0,0,37,34
19,Clinic,Rural,O+,4,1,Winter,17.8,4.3,7,9,2,1,0,0,35,33
3,Clinic,Urban,A+,2,3,Summer,34.8,3.4,6,5,3,4,0,0,39,37
20,General,Urban,B+,6,1,Winter,18.4,6.1,5,13,12,2,1,0,123,53
17,Trauma,Semi-Urban,O+,6,2,Winter,17.7,5.1,3,10,10,1,0,0,245,52
25,General,Semi-Urban,O+,3,3,Summer,30.1,12.0,4,5,5,4,0,0,127,38
4,Clinic,Urban,O+,6,1,Winter,18.5,5.9,4,13,3,2,0,0,34,39
14,Trauma,Urban,O+,6,1,Winter,12.7,5.8,3,10,13,4,0,0,217,61
13,Clinic,Rural,O+,1,10,Summer,32.0,5.4,0,7,1,1,1,0,39,28
14,Trauma,Urban,B+,2,3,Summer,35.5,4.1,5,5,19,4,0,0,234,63
2,Trauma,Semi-Urban,O+,5,7,Monsoon,30.6,79.2,6,10,13,3,0,0,243,64
12,General,Urban,AB+,5,2,Winter,25.0,6.0,9,5,7,8,0,0,125,49
8,Clinic,Rural,A+,5,12,Winter,16.7,1.5,0,6,7,0,1,0,42,21
16,General,Semi-Urban,B+,3,3,Summer,31.4,4.4,2,7,6,5,0,1,146,40
6,General,Urban,B+,6,9,Monsoon,28.6,35.0,2,15,10,5,0,1,159,61
11,General,Semi-Urban,O+,4,8,Monsoon,32.6,59.9,12,11,7,5,0,0,119,58
16,General,Semi-Urban,AB+,2,10,Summer,38.6,0.6,5,10,7,7,0,0,135,50
2,Trauma,Semi-Urban,B+,1,8,Monsoon,23.9,43.6,3,6,20,10,0,0,225,67
20,General,Urban,B-,7,7,Monsoon,26.6,112.1,1,22,11,4,0,0,110,68
18,Trauma,Semi-Urban,A+,5,10,Summer,36.6,21.1,9,11,6,4,0,0,236,51
2,Trauma,Semi-Urban,B+,4,10,Summer,36.8,41.5,5,14,12,2,0,0,232,59
2,Trauma,Semi-Urban,O+,2,5,Summer,35.8,10.6,4,10,8,4,0,0,222,52
22,Clinic,Urban,A+,1,12,Winter,16.7,2.1,3,8,2,5,0,0,33,41
8,Clinic,Rural,A-,2,12,Winter,19.7,10.2,1,6,2,2,0,0,43,30
22,Clinic,Urban,A+,1,9,Monsoon,29.8,83.5,4,9,4,5,0,1,58,49
13,Clinic,Rural,O+,4,12,Winter,15.2,3.4,4,0,0,1,0,0,44,17
9,General,Urban,O+,2,2,Winter,22.0,7.5,5,8,8,7,0,0,123,48
7,Trauma,Urban,O+,1,7,Monsoon,30.0,20.8,3,6,17,6,0,1,237,68
17,Trauma,Semi-Urban,B+,2,8,Monsoon,24.8,88.2,11,8,3,5,0,0,218,58
3,Clinic,Urban,O+,5,12,Winter,20.8,1.1,0,7,2,0,0,0,39,32
11,General,Semi-Urban,O+,4,2,Winter,20.4,0.5,4,4,9,5,0,0,120,47
9,General,Urban,B-,2,10,Summer,36.6,5.4,6,10,8,9,0,0,122,57
4,Clinic,Urban,O+,6,1,Winter,22.7,9.0,5,10,6,0,1,0,39,33
9,General,Urban,B+,4,5,Summer,34.0,2.6,5,9,5,7,0,0,119,49
14,Trauma,Urban,B-,2,9,Monsoon,28.0,59.7,13,4,7,2,0,0,226,62
17,Trauma,Semi-Urban,O-,5,4,Summer,26.1,19.8,4,5,12,4,0,0,230,51
3,Clinic,Urban,O+,7,11,Summer,37.3,5.7,3,10,2,0,0,0,39,35
22,Clinic,Urban,B+,4,12,Winter,21.1,11.7,7,7,3,2,0,0,35,36
22,Clinic,Urban,A+,2,2,Winter,22.1,3.2,4,7,3,2,0,0,44,36
18,Trauma,Semi-Urban,B+,3,4,Summer,31.2,2.4,4,9,14,4,0,1,258,60
24,Trauma,Rural,O-,5,1,Winter,20.9,1.5,2,10,7,3,0,0,226,53
11,General,Semi-Urban,B+,7,9,Monsoon,30.1,20.4,7,7,3,4,0,1,160,52
21,General,Urban,O-,7,11,Summer,32.0,5.9,2,9,5,1,1,0,117,39
19,Clinic,Rural,O+,7,8,Monsoon,30.2,66.0,1,12,5,0,0,0,30,40
15,Trauma,Urban,O+,6,2,Winter,19.4,5.7,1,14,16,1,0,0,232,62
5,General,Urban,A+,5,3,Summer,28.9,46.6,3,8,5,7,0,1,144,49
14,Trauma,Urban,O+,5,1,Winter,19.8,2.7,6,7,15,3,0,0,221,61
23,General,Semi-Urban,AB+,6,6,Monsoon,24.7,125.8,2,14,5,5,0,0,126,50
25,General,Semi-Urban,B+,6,9,Monsoon,22.0,75.0,12,14,7,3,0,0,116,63
12,General,Urban,B+,5,2,Winter,19.1,1.4,2,6,11,6,0,0,132,48
7,Trauma,Urban,B-,1,11,Summer,33.8,6.6,4,8,10,9,0,0,248,59
19,Clinic,Rural,A+,7,4,Summer,38.2,29.6,4,12,5,2,0,0,31,41
2,Trauma,Semi-Urban,O+,1,7,Monsoon,27.5,57.2,5,11,12,5,0,0,241,64
4,Clinic,Urban,AB+,3,9,Monsoon,29.3,228.7,5,18,2,2,0,0,28,54
15,Trauma,Urban,B+,4,7,Monsoon,28.5,86.4,3,9,13,7,0,0,208,66
25,General,Semi-Urban,A+,7,6,Monsoon,30.1,91.9,12,12,14,6,0,0,113,68
9,General,Urban,B+,1,5,Summer,31.3,25.6,6,14,12,2,0,0,129,58
12,General,Urban,B+,4,6,Monsoon,27.6,96.6,9,13,5,6,0,0,116,58
9,General,Urban,A+,3,3,Summer,33.6,0.5,1,9,6,8,0,0,124,50
12,General,Urban,A+,1,4,Summer,36.0,6.0,1,8,5,6,0,0,127,50
1,Trauma,Rural,B-,2,10,Summer,34.8,12.7,12,7,5,5,0,0,241,48
15,Trauma,Urban,A+,3,11,Summer,32.2,13.9,4,14,7,1,1,0,216,56
15,Trauma,Urban,O+,7,11,Summer,33.0,13.6,9,11,10,3,0,0,232,58
8,Clinic,Rural,A+,3,4,Summer,38.9,10.6,5,8,5,3,0,0,39,40
7,Trauma,Urban,O-,7,4,Summer,28.9,12.4,4,10,13,3,0,0,236,55
20,General,Urban,B+,6,1,Winter,20.1,7.8,2,11,6,3,0,0,106,45
5,General,Urban,AB+,6,4,Summer,37.7,8.4,7,10,5,2,0,0,117,50
2,Trauma,Semi-Urban,AB+,6,8,Monsoon,28.7,77.1,1,9,18,0,0,0,235,62
2,Trauma,Semi-Urban,B-,5,4,Summer,39.9,21.8,6,5,6,1,0,0,224,46
23,General,Semi-Urban,A+,6,9,Monsoon,29.8,156.0,1,15,3,1,0,0,119,48
10,General,Urban,O+,2,1,Winter,19.2,1.2,4,11,5,5,0,0,121,48
3,Clinic,Urban,A+,6,5,Summer,32.6,1.5,5,8,1,4,0,0,41,34
22,Clinic,Urban,O+,1,4,Summer,35.2,19.2,9,8,9,4,0,1,41,44
4,Clinic,Urban,O+,6,6,Monsoon,29.0,109.4,7,20,7,3,0,0,40,59
9,General,Urban,O+,5,1,Winter,18.0,3.3,7,10,8,3,0,0,136,45
1,Trauma,Rural,O-,6,6,Monsoon,24.8,143.1,3,12,10,6,0,0,215,61
17,Trauma,Semi-Urban,O+,5,10,Summer,30.4,9.6,8,9,11,2,0,0,232,51
18,Trauma,Semi-Urban,B+,3,11,Summer,34.6,14.9,6,4,15,3,0,0,245,53
19,Clinic,Rural,A+,3,4,Summer,29.6,7.8,5,10,4,2,0,0,36,36
7,Trauma,Urban,O+,5,6,Monsoon,25.6,44.3,9,7,13,4,0,0,226,69
9,General,Urban,O+,4,9,Monsoon,19.7,68.7,4,7,9,5,0,0,110,54
24,Trauma,Rural,B+,3,6,Monsoon,29.5,21.6,4,10,11,8,0,0,207,67
21,General,Urban,O+,4,7,Monsoon,30.5,41.4,1,10,6,5,0,0,113,50
1,Trauma,Rural,A+,4,5,Summer,34.2,11.1,4,5,14,3,0,0,216,53
18,Trauma,Semi-Urban,O-,2,11,Summer,39.5,15.3,6,7,11,6,0,0,235,57
21,General,Urban,O+,5,8,Monsoon,31.0,175.1,3,9,6,3,0,0,118,48
14,Trauma,Urban,B+,3,12,Winter,19.4,3.0,0,6,12,3,0,0,241,50
16,General,Semi-Urban,O+,2,10,Summer,33.7,5.8,3,14,6,7,0,0,120,49
1,Trauma,Rural,O+,3,5,Summer,33.0,3.8,5,5,11,2,0,0,242,47
1,Trauma,Rural,O+,1,4,Summer,35.7,24.0,3,12,14,7,0,0,198,62
1,Trauma,Rural,O+,5,2,Winter,17.6,3.7,8,9,11,2,0,0,250,51
4,Clinic,Urban,O+,6,8,Monsoon,28.6,74.3,5,19,5,0,0,0,29,52
25,General,Semi-Urban,AB+,7,9,Monsoon,28.9,93.9,10,14,9,2,0,1,129,64
16,General,Semi-Urban,B+,2,5,Summer,33.3,20.6,8,12,3,8,0,0,119,47
20,General,Urban,O+,4,1,Winter,21.3,8.7,10,8,9,11,0,1,137,60
8,Clinic,Rural,B+,4,10,Summer,33.3,3.2,0,14,4,2,0,0,37,36
24,Trauma,Rural,O+,6,3,Summer,34.1,9.6,9,5,7,0,1,0,236,41
5,General,Urban,A-,5,7,Monsoon,24.1,135.8,8,21,7,3,0,1,150,65
23,General,Semi-Urban,AB+,6,1,Winter,17.2,1.0,9,14,10,3,0,1,144,54
1,Trauma,Rural,A+,6,1,Winter,24.5,10.9,5,9,12,2,0,0,233,54
1,Trauma,Rural,O+,1,11,Summer,31.3,9.5,6,7,8,6,0,1,258,53
2,Trauma,Semi-Urban,AB-,3,9,Monsoon,28.3,283.8,10,16,12,5,0,0,221,75
20,General,Urban,B+,5,1,Winter,16.6,0.9,4,11,9,7,0,1,147,53
7,Trauma,Urban,A+,4,2,Winter,11.4,6.7,5,13,15,2,0,0,208,62
12,General,Urban,O+,4,6,Monsoon,28.7,49.1,4,12,10,5,0,0,111,57
12,General,Urban,O-,2,9,Monsoon,25.3,84.0,4,10,10,7,0,0,121,55
20,General,Urban,O+,5,6,Monsoon,28.0,126.0,17,15,4,6,0,0,121,70
9,General,Urban,O+,6,11,Summer,37.0,22.0,4,9,4,3,0,1,147,47
1,Trauma,Rural,A+,1,8,Monsoon,27.7,112.6,12,15,14,6,0,0,223,76
10,General,Urban,A+,5,8,Monsoon,28.0,81.0,7,12,6,5,0,1,142,50
8,Clinic,Rural,A+,7,4,Summer,31.4,12.9,0,11,7,1,0,0,35,35
19,Clinic,Rural,B+,5,9,Monsoon,29.1,320.0,10,21,7,0,0,0,32,56
19,Clinic,Rural,B+,7,11,Summer,33.4,24.6,3,10,4,6,0,1,55,40
3,Clinic,Urban,AB+,3,1,Winter,12.0,1.4,5,7,4,2,0,0,43,38
20,General,Urban,B+,1,9,Monsoon,29.5,91.2,1,14,11,6,0,1,156,62
2,Trauma,Semi-Urban,O+,5,11,Summer,37.4,16.6,3,7,9,2,1,0,227,43
16,General,Semi-Urban,A+,2,6,Monsoon,31.4,7.9,2,6,6,5,0,0,116,46
10,General,Urban,B+,1,10,Summer,40.5,26.7,2,10,8,7,0,0,118,57
8,Clinic,Rural,A+,2,5,Summer,36.3,5.5,10,7,3,3,0,0,41,32
13,Clinic,Rural,O+,7,3,Summer,35.5,7.1,2,10,3,1,0,0,44,35
8,Clinic,Rural,AB-,6,10,Summer,37.3,4.1,3,8,7,3,0,0,36,40
20,General,Urban,O+,2,4,Summer,31.3,23.5,6,4,6,7,0,0,125,45
25,General,Semi-Urban,AB+,5,10,Summer,29.0,18.5,3,6,8,8,0,0,116,49
21,General,Urban,O+,3,4,Summer,32.6,24.4,4,12,7,5,0,0,115,52
11,General,Semi-Urban,O+,2,5,Summer,37.8,32.1,3,12,13,8,0,0,132,62
13,Clinic,Rural,AB+,7,9,Monsoon,25.0,99.9,6,15,2,1,0,0,35,48
12,General,Urban,O+,6,5,Summer,35.4,7.9,5,14,11,5,0,1,136,59
20,General,Urban,AB+,3,10,Summer,35.7,14.2,3,3,8,3,0,0,115,40
14,Trauma,Urban,A+,3,1,Winter,18.7,2.0,2,12,13,3,0,1,258,61
12,General,Urban,A+,6,1,Winter,14.2,5.0,3,11,5,4,0,0,129,46
11,General,Semi-Urban,O+,4,1,Winter,19.0,7.8,1,9,8,5,0,1,141,44
10,General,Urban,O-,3,4,Summer,32.7,5.8,2,8,5,3,0,0,129,45
14,Trauma,Urban,AB+,3,1,Winter,23.1,4.1,7,8,8,2,0,1,233,50
18,Trauma,Semi-Urban,A-,4,5,Summer,37.4,11.0,4,9,12,4,0,0,226,59
11,General,Semi-Urban,B-,4,1,Winter,16.8,3.3,2,5,11,6,0,0,123,45
21,General,Urban,AB+,1,10,Summer,39.3,23.2,23,8,6,3,1,0,112,54
21,General,Urban,O-,4,2,Winter,19.0,4.8,1,6,5,11,0,0,115,50
11,General,Semi-Urban,A+,4,12,Winter,13.0,2.8,4,4,14,6,0,0,121,43
23,General,Semi-Urban,B+,2,11,Summer,33.8,10.6,5,8,5,3,0,0,107,41
5,General,Urban,B+,3,9,Monsoon,31.9,92.1,11,10,7,7,0,0,122,64
24,Trauma,Rural,O+,3,10,Summer,31.5,12.3,10,3,11,1,0,0,220,45
8,Clinic,Rural,B+,3,10,Summer,33.8,12.8,2,13,2,5,0,0,25,39
15,Trauma,Urban,AB+,7,11,Summer,29.9,20.5,5,17,12,1,0,0,231,66
8,Clinic,Rural,O+,4,7,Monsoon,23.4,31.1,4,10,2,2,1,1,59,36
12,General,Urban,O+,4,8,Monsoon,24.5,119.5,16,16,3,12,0,0,104,75
9,General,Urban,B+,2,6,Monsoon,23.3,128.5,6,16,5,10,0,0,123,67
18,Trauma,Semi-Urban,O+,7,8,Monsoon,25.1,273.3,23,30,11,3,0,0,210,98
3,Clinic,Urban,O+,1,5,Summer,39.2,11.2,7,8,3,5,0,0,31,43
21,General,Urban,O+,4,2,Winter,17.9,4.8,3,7,9,6,0,0,124,43
23,General,Semi-Urban,A+,2,12,Winter,20.4,6.6,3,11,13,6,0,0,126,53
15,Trauma,Urban,B+,6,9,Monsoon,30.3,116.5,10,28,16,1,0,0,241,88
14,Trauma,Urban,A+,3,9,Monsoon,23.7,14.0,5,7,18,2,0,0,234,68
18,Trauma,Semi-Urban,B+,3,4,Summer,31.5,1.9,5,6,8,2,0,0,232,52
5,General,Urban,O+,1,10,Summer,36.3,10.4,0,4,6,1,0,0,130,37
19,Clinic,Rural,A-,6,7,Monsoon,25.1,86.9,2,26,4,4,0,0,30,57
6,General,Urban,O+,3,1,Winter,20.1,4.4,5,12,9,6,0,1,133,54
17,Trauma,Semi-Urban,B+,2,12,Winter,23.0,1.1,0,11,16,4,0,0,214,64
8,Clinic,Rural,B+,6,12,Winter,13.6,5.3,7,13,4,6,0,0,42,48
19,Clinic,Rural,O+,1,11,Summer,32.9,3.8,1,10,5,2,0,1,56,35
20,General,Urban,O+,4,6,Monsoon,26.4,115.4,5,18,5,7,0,0,115,61
6,General,Urban,O+,2,3,Summer,32.4,5.0,4,4,4,7,0,0,120,39
16,General,Semi-Urban,O+,1,1,Winter,16.2,5.1,3,9,4,5,0,0,126,42
13,Clinic,Rural,B+,1,9,Monsoon,25.5,161.1,13,8,9,3,0,0,44,52
8,Clinic,Rural,A+,2,11,Summer,34.0,6.2,10,10,3,2,0,0,42,36
15,Trauma,Urban,A+,7,2,Winter,18.5,4.6,2,11,13,2,0,0,215,61
25,General,Semi-Urban,O+,4,9,Monsoon,29.9,97.4,15,16,12,7,0,0,109,75
1,Trauma,Rural,B-,7,1,Winter,17.9,1.7,4,11,13,3,0,0,229,55
24,Trauma,Rural,A+,2,10,Summer,37.4,3.6,0,10,10,0,0,0,237,55
22,Clinic,Urban,O+,6,1,Winter,16.2,5.4,1,14,1,2,0,0,39,37
14,Trauma,Urban,A+,1,12,Winter,14.4,10.4,2,12,10,7,0,1,250,61
16,General,Semi-Urban,A+,1,3,Summer,33.1,9.6,1,8,5,9,0,0,130,48
10,General,Urban,O-,1,5,Summer,35.4,1.7,6,5,3,7,0,0,132,43
4,Clinic,Urban,O+,7,9,Monsoon,29.6,7.9,6,16,4,1,0,0,32,52
15,Trauma,Urban,O-,5,11,Summer,38.4,12.8,5,5,13,5,0,1,267,58
21,General,Urban,O+,6,5,Summer,34.9,2.7,4,8,2,3,0,0,121,45
6,General,Urban,B+,7,12,Winter,20.3,0.6,2,6,3,1,0,1,150,36
18,Trauma,Semi-Urban,O-,3,1,Winter,22.1,1.7,3,12,13,7,0,0,249,61
19,Clinic,Rural,O+,6,6,Monsoon,24.7,130.7,8,21,5,2,0,0,25,54
19,Clinic,Rural,A+,4,12,Winter,17.4,5.0,1,13,1,3,1,0,42,35
9,General,Urban,B+,4,4,Summer,42.0,19.4,6,15,4,3,0,0,133,55
10,General,Urban,B+,5,7,Monsoon,29.6,57.3,7,13,5,8,0,0,127,61
11,General,Semi-Urban,B-,4,6,Monsoon,28.5,60.6,14,7,6,3,0,0,110,56
22,Clinic,Urban,O+,1,5,Summer,36.7,24.2,3,10,5,5,1,0,27,41
23,General,Semi-Urban,B+,1,10,Summer,30.0,9.2,2,11,7,2,0,0,122,44
11,General,Semi-Urban,O-,4,7,Monsoon,25.1,27.4,5,6,7,6,0,1,137,50
25,General,Semi-Urban,B+,4,9,Monsoon,24.0,45.7,8,10,7,4,0,0,128,50
15,Trauma,Urban,A+,6,7,Monsoon,28.3,137.7,1,19,8,1,0,0,228,63
10,General,Urban,B+,5,12,Winter,16.9,4.5,4,7,5,1,0,0,120,45
1,Trauma,Rural,O+,2,6,Monsoon,27.3,74.6,4,7,12,2,0,0,238,53
16,General,Semi-Urban,O+,3,10,Summer,33.1,2.5,2,8,5,6,0,0,114,44
17,Trauma,Semi-Urban,A+,4,8,Monsoon,22.1,111.9,5,10,9,4,0,0,238,64
25,General,Semi-Urban,O+,7,10,Summer,36.7,8.8,5,13,9,5,0,0,126,52
18,Trauma,Semi-Urban,A+,4,11,Summer,28.7,3.5,3,8,8,4,0,0,225,51
1,Trauma,Rural,B-,5,3,Summer,31.8,19.3,8,10,11,3,0,0,232,50
15,Trauma,Urban,B+,6,4,Summer,30.1,9.2,4,13,6,2,0,1,272,50
19,Clinic,Rural,B+,3,4,Summer,31.4,12.3,3,6,4,1,0,0,34,28
13,Clinic,Rural,O-,7,6,Monsoon,27.6,185.2,23,18,8,2,0,0,20,60
11,General,Semi-Urban,O+,5,6,Monsoon,30.7,104.8,1,13,9,5,0,0,123,53
21,General,Urban,AB+,6,1,Winter,13.3,5.2,2,14,5,0,0,0,111,46
16,General,Semi-Urban,O+,6,11,Summer,32.3,11.7,3,10,2,2,0,1,152,43
18,Trauma,Semi-Urban,B+,5,11,Summer,28.8,21.0,0,15,12,2,0,0,246,58
12,General,Urban,O+,1,8,Monsoon,25.2,32.8,9,12,6,4,0,0,133,62
7,Trauma,Urban,B-,5,4,Summer,34.2,2.5,8,12,14,5,0,1,262,66
13,Clinic,Rural,O+,1,10,Summer,36.3,3.8,4,4,4,4,0,0,38,37
24,Trauma,Rural,O+,5,4,Summer,27.6,8.3,2,11,9,4,0,0,240,59
16,General,Semi-Urban,A+,5,4,Summer,35.7,18.3,4,9,4,6,0,0,123,48
18,Trauma,Semi-Urban,O+,4,12,Winter,15.1,2.1,5,5,15,4,0,1,266,53
4,Clinic,Urban,A+,3,12,Winter,14.4,5.1,2,8,1,1,1,0,51,32
25,General,Semi-Urban,B+,1,8,Monsoon,27.2,91.7,4,11,7,1,1,0,129,44
7,Trauma,Urban,A+,5,3,Summer,35.9,40.7,2,15,8,5,0,0,201,66
25,General,Semi-Urban,B+,5,2,Winter,17.7,3.7,7,5,7,4,0,0,131,42
12,General,Urban,O+,4,12,Winter,14.7,1.9,1,10,10,2,1,0,129,51
23,General,Semi-Urban,A+,6,4,Summer,33.7,16.6,5,8,8,4,0,0,126,44
23,General,Semi-Urban,O+,6,9,Monsoon,24.8,87.0,6,10,5,2,0,0,119,50
19,Clinic,Rural,O+,4,5,Summer,35.8,4.3,9,7,2,2,0,0,42,34
23,General,Semi-Urban,O-,1,6,Monsoon,30.2,73.8,3,10,2,4,0,1,141,48
16,General,Semi-Urban,AB+,7,12,Winter,21.0,2.9,1,11,9,7,0,0,124,48
22,Clinic,Urban,B+,4,8,Monsoon,26.9,75.8,11,13,4,2,0,0,33,50
5,General,Urban,B+,5,6,Monsoon,30.4,34.8,4,11,5,2,0,0,114,49
2,Trauma,Semi-Urban,A-,7,5,Summer,30.9,36.9,2,7,15,2,0,0,236,60
14,Trauma,Urban,A+,3,3,Summer,39.3,2.8,3,8,9,1,0,0,224,55
21,General,Urban,AB+,5,7,Monsoon,23.9,187.4,7,11,4,2,0,1,152,50
20,General,Urban,A+,1,7,Monsoon,20.9,81.4,12,18,9,4,0,1,155,65
14,Trauma,Urban,B-,7,2,Winter,22.1,1.5,1,14,10,9,0,0,221,66
14,Trauma,Urban,A+,1,5,Summer,31.9,33.0,10,10,12,3,0,0,227,61
16,General,Semi-Urban,O+,4,8,Monsoon,27.4,4.8,8,7,4,0,1,0,122,39
22,Clinic,Urban,A+,3,1,Winter,14.9,1.5,3,7,4,2,0,0,32,36
22,Clinic,Urban,B+,1,12,Winter,25.1,2.8,1,11,2,4,0,0,38,35
3,Clinic,Urban,A+,4,11,Summer,39.5,5.9,1,8,3,2,0,0,35,39
15,Trauma,Urban,B+,7,8,Monsoon,31.6,76.5,8,12,20,1,0,0,210,77
10,General,Urban,O+,2,1,Winter,18.3,4.9,5,7,5,9,0,0,115,46
20,General,Urban,A+,3,7,Monsoon,29.9,27.8,6,9,3,6,0,0,118,54
13,Clinic,Rural,O+,2,11,Summer,33.8,13.6,5,10,6,0,0,0,29,35
25,General,Semi-Urban,AB+,1,1,Winter,21.4,5.3,7,12,9,2,1,0,130,41
11,General,Semi-Urban,O+,2,10,Summer,32.8,4.0,3,9,8,5,0,0,134,47
17,Trauma,Semi-Urban,B+,5,11,Summer,38.8,12.8,1,4,14,0,1,0,229,49
3,Clinic,Urban,A+,6,1,Winter,16.6,2.8,1,11,2,2,0,0,33,35
24,Trauma,Rural,B+,5,3,Summer,33.0,4.8,4,7,7,7,0,0,215,49
4,Clinic,Urban,O+,6,9,Monsoon,25.6,39.2,7,12,4,3,0,0,38,50
10,General,Urban,AB+,6,11,Summer,34.6,5.2,5,11,10,3,0,1,151,53
21,General,Urban,B+,3,10,Summer,32.8,7.7,3,5,7,5,0,0,125,43
25,General,Semi-Urban,B+,7,7,Monsoon,28.5,57.4,0,16,7,1,0,0,114,56
13,Clinic,Rural,AB+,2,8,Monsoon,25.6,191.9,13,21,4,2,0,0,23,60
13,Clinic,Rural,O+,5,7,Monsoon,29.4,102.0,7,11,3,4,0,0,37,44
2,Trauma,Semi-Urban,O+,1,7,Monsoon,31.6,104.1,3,17,13,6,0,0,220,79
25,General,Semi-Urban,B+,6,10,Summer,34.2,12.3,0,15,13,6,0,0,123,59
1,Trauma,Rural,O+,1,1,Winter,24.7,3.7,2,8,6,3,0,0,223,50
1,Trauma,Rural,O+,2,3,Summer,37.4,15.4,4,14,9,1,0,0,211,57
12,General,Urban,B+,3,1,Winter,24.4,1.2,1,9,6,7,0,0,120,47
1,Trauma,Rural,O+,5,10,Summer,33.8,10.3,3,7,9,2,0,0,218,48
5,General,Urban,B+,1,9,Monsoon,22.0,40.5,0,6,10,3,0,0,119,46
16,General,Semi-Urban,A+,2,1,Winter,15.9,6.2,3,10,5,6,0,0,105,49
18,Trauma,Semi-Urban,B+,3,2,Winter,16.2,2.0,7,7,9,4,0,0,226,51
8,Clinic,Rural,AB+,6,4,Summer,31.1,15.5,1,11,4,1,1,0,43,34
20,General,Urban,B+,7,3,Summer,27.4,17.5,4,7,7,4,0,0,115,46
16,General,Semi-Urban,B+,5,7,Monsoon,30.1,97.9,11,11,11,5,0,0,112,62
6,General,Urban,A+,4,6,Monsoon,21.4,90.8,7,12,9,7,0,1,145,62
18,Trauma,Semi-Urban,B+,3,5,Summer,36.8,11.2,3,6,10,3,0,1,252,51
15,Trauma,Urban,A+,6,2,Winter,24.6,5.2,3,7,10,3,0,0,210,54
21,General,Urban,B+,1,8,Monsoon,24.7,43.1,5,6,8,2,0,1,134,47
4,Clinic,Urban,B+,1,10,Summer,35.2,14.5,4,3,2,3,0,0,39,33
6,General,Urban,O+,2,8,Monsoon,25.8,16.6,8,12,7,6,0,0,127,58
8,Clinic,Rural,A+,2,10,Summer,36.5,6.8,7,14,3,1,1,0,33,35
9,General,Urban,O+,4,11,Summer,30.4,7.6,2,10,10,7,0,0,122,53
23,General,Semi-Urban,A+,7,11,Summer,33.6,3.1,2,9,9,2,0,0,131,46
19,Clinic,Rural,O-,5,8,Monsoon,30.4,90.9,3,10,2,0,0,0,36,36
14,Trauma,Urban,B+,3,1,Winter,17.9,1.7,1,15,9,4,0,1,264,59
14,Trauma,Urban,B+,2,5,Summer,29.1,24.8,7,8,9,2,0,0,241,60
23,General,Semi-Urban,O+,5,6,Monsoon,30.7,67.7,6,10,7,8,0,0,141,57
12,General,Urban,B+,2,9,Monsoon,23.1,121.7,10,17,11,5,0,0,105,71
6,General,Urban,AB+,7,11,Summer,34.2,22.1,8,10,8,5,0,1,154,55
4,Clinic,Urban,AB+,4,8,Monsoon,28.7,111.8,5,15,6,1,0,1,57,46
9,General,Urban,O+,4,5,Summer,34.4,8.3,7,5,11,7,0,0,117,51
17,Trauma,Semi-Urban,B+,7,10,Summer,41.6,11.2,0,10,8,6,0,0,240,57
12,General,Urban,A+,3,9,Monsoon,29.2,24.6,3,11,5,4,0,0,131,54
11,General,Semi-Urban,A+,4,10,Summer,33.4,17.4,0,9,11,8,0,0,115,53
13,Clinic,Rural,O-,4,8,Monsoon,28.8,284.2,11,18,10,3,0,0,20,60
25,General,Semi-Urban,O+,2,8,Monsoon,27.6,146.1,6,15,9,7,0,0,126,63
25,General,Semi-Urban,B+,1,5,Summer,34.1,8.0,4,12,12,2,0,1,151,48
5,General,Urban,B+,2,5,Summer,34.7,8.6,6,6,8,0,1,0,127,41
3,Clinic,Urban,O+,1,4,Summer,32.7,21.5,2,6,3,5,0,0,40,35
7,Trauma,Urban,O+,5,4,Summer,34.6,3.6,5,6,7,4,0,0,231,51
22,Clinic,Urban,B+,1,8,Monsoon,25.5,47.3,3,14,4,3,0,0,38,48
12,General,Urban,A+,3,5,Summer,28.3,6.8,0,14,7,8,0,0,112,60
22,Clinic,Urban,O-,7,2,Winter,21.4,0.5,4,8,0,3,0,0,49,36
17,Trauma,Semi-Urban,O+,4,1,Winter,16.3,4.3,2,8,8,6,0,0,258,50
14,Trauma,Urban,O-,5,11,Summer,34.4,8.1,6,9,14,5,0,0,244,65
8,Clinic,Rural,O+,5,6,Monsoon,24.7,59.7,4,12,7,1,0,0,32,45
9,General,Urban,B+,3,7,Monsoon,24.8,88.0,9,18,9,8,0,1,137,73
4,Clinic,Urban,A+,5,11,Summer,30.9,2.6,2,8,2,2,0,0,39,40
13,Clinic,Rural,O+,2,2,Winter,20.8,3.0,2,8,2,5,0,0,33,38
8,Clinic,Rural,A+,5,12,Winter,21.6,0.7,2,11,1,3,0,0,43,33
8,Clinic,Rural,O+,5,9,Monsoon,27.1,106.7,9,7,5,3,0,0,37,46
1,Trauma,Rural,AB+,7,8,Monsoon,25.4,163.3,8,16,13,1,0,0,235,67
20,General,Urban,O+,7,6,Monsoon,21.9,122.6,5,15,10,3,0,0,125,55
24,Trauma,Rural,O-,1,9,Monsoon,29.4,51.2,1,9,6,5,0,0,234,54
13,Clinic,Rural,A+,3,3,Summer,32.0,16.1,11,12,5,2,0,0,34,44
14,Trauma,Urban,A+,4,4,Summer,30.6,9.0,3,8,9,2,0,0,230,51
24,Trauma,Rural,B-,3,12,Winter,18.1,3.4,3,6,5,3,0,0,254,42
13,Clinic,Rural,A+,5,4,Summer,33.0,15.4,4,6,3,3,0,0,39,30
16,General,Semi-Urban,B+,6,9,Monsoon,22.4,4.0,4,19,2,2,1,0,120,47
11,General,Semi-Urban,B+,2,12,Winter,13.9,0.6,5,9,7,6,0,1,142,50
13,Clinic,Rural,B+,7,8,Monsoon,28.0,69.6,8,17,7,4,0,0,31,58
14,Trauma,Urban,O+,7,4,Summer,32.0,5.6,5,7,13,2,0,0,235,50
18,Trauma,Semi-Urban,A+,7,11,Summer,35.5,10.7,2,12,11,1,0,0,199,58
16,General,Semi-Urban,AB+,1,10,Summer,34.4,12.1,3,10,5,6,0,0,127,47
13,Clinic,Rural,B+,3,7,Monsoon,30.1,51.5,3,7,6,2,0,1,68,37
2,Trauma,Semi-Urban,A+,1,2,Winter,15.5,2.4,5,11,14,0,0,0,248,56
23,General,Semi-Urban,B+,1,6,Monsoon,27.7,34.9,3,11,7,6,0,1,151,49
23,General,Semi-Urban,AB+,1,6,Monsoon,28.9,94.2,6,9,5,5,0,0,124,51
5,General,Urban,B+,4,3,Summer,32.1,18.9,3,10,3,5,0,0,122,49
8,Clinic,Rural,A+,1,5,Summer,37.4,2.7,5,7,3,6,0,0,37,38
25,General,Semi-Urban,AB+,3,2,Winter,13.0,5.2,5,10,8,10,0,0,100,56
9,General,Urban,A+,7,9,Monsoon,24.5,102.8,2,16,11,6,0,0,126,66
21,General,Urban,AB+,7,6,Monsoon,21.9,121.9,12,13,5,1,0,0,120,58
20,General,Urban,B-,7,9,Monsoon,24.8,165.8,14,13,7,5,0,0,112,65
22,Clinic,Urban,B+,1,6,Monsoon,26.5,51.6,8,12,2,8,0,1,48,52
1,Trauma,Rural,B+,5,9,Monsoon,29.5,150.0,15,12,15,4,0,0,237,76
13,Clinic,Rural,A+,5,9,Monsoon,26.5,167.5,12,11,4,1,0,0,29,47
15,Trauma,Urban,AB+,1,2,Winter,16.2,0.9,8,9,7,4,0,0,239,54
21,General,Urban,A+,7,6,Monsoon,22.4,86.9,2,23,8,5,0,0,93,66
6,General,Urban,A-,3,9,Monsoon,23.4,84.5,9,16,9,5,0,0,132,64
8,Clinic,Rural,A+,7,8,Monsoon,27.9,174.2,20,15,5,2,0,0,20,60
5,General,Urban,B+,1,3,Summer,36.6,49.3,3,6,6,7,1,1,154,38
20,General,Urban,O+,5,10,Summer,32.7,17.4,7,6,4,8,0,0,137,44
25,General,Semi-Urban,O+,1,3,Summer,37.6,37.4,1,12,11,6,0,0,128,53
4,Clinic,Urban,O+,7,12,Winter,15.2,1.7,4,10,4,3,0,0,44,42
6,General,Urban,AB+,5,9,Monsoon,25.8,115.3,5,16,10,7,0,0,113,69
8,Clinic,Rural,O+,1,4,Summer,33.1,10.5,1,7,6,3,0,0,40,34
23,General,Semi-Urban,A+,2,3,Summer,38.6,15.2,12,9,5,6,0,0,121,56
12,General,Urban,O+,3,11,Summer,34.4,17.6,13,17,7,2,1,0,112,52
8,Clinic,Rural,B+,1,7,Monsoon,21.6,138.5,8,9,3,8,0,0,30,49
9,General,Urban,B+,1,10,Summer,36.9,8.5,2,9,2,8,0,0,125,48
15,Trauma,Urban,O+,7,10,Summer,39.5,9.8,0,4,13,2,0,0,194,57
10,General,Urban,O+,7,1,Winter,17.3,5.3,6,5,5,1,0,0,122,40
4,Clinic,Urban,O+,4,9,Monsoon,24.3,98.1,13,6,3,2,0,0,27,45
21,General,Urban,A+,7,5,Summer,36.6,6.4,5,7,14,3,0,1,140,53
11,General,Semi-Urban,B+,5,11,Summer,39.9,10.0,3,4,6,11,0,0,121,47
7,Trauma,Urban,O+,1,3,Summer,36.5,22.5,3,7,15,6,0,0,219,62
19,Clinic,Rural,B+,6,1,Winter,13.1,1.4,5,8,5,1,0,0,39,38
19,Clinic,Rural,O+,1,8,Monsoon,29.3,78.1,3,9,4,6,0,0,41,40
4,Clinic,Urban,B+,6,7,Monsoon,28.2,27.4,3,7,1,3,0,0,39,35
2,Trauma,Semi-Urban,O+,3,7,Monsoon,24.1,166.2,13,11,11,3,0,0,220,70
2,Trauma,Semi-Urban,O+,1,4,Summer,37.9,50.9,3,9,8,7,0,0,236,54
20,General,Urban,A+,2,6,Monsoon,28.3,195.2,17,19,9,7,0,0,110,75
16,General,Semi-Urban,O+,5,12,Winter,21.9,2.1,4,8,10,1,0,0,135,45
20,General,Urban,O+,6,10,Summer,30.8,7.3,5,12,7,3,0,0,113,49
16,General,Semi-Urban,O+,4,12,Winter,19.2,6.6,3,9,6,6,0,0,125,46
11,General,Semi-Urban,B+,2,4,Summer,31.3,21.1,2,3,3,3,1,0,123,32
15,Trauma,Urban,A-,7,11,Summer,34.7,31.0,4,13,8,1,0,1,236,57
19,Clinic,Rural,O+,6,5,Summer,38.4,11.2,6,15,6,2,0,0,34,46
10,General,Urban,O+,3,12,Winter,13.7,1.2,5,9,11,5,0,0,112,51
23,General,Semi-Urban,O+,4,11,Summer,29.9,11.4,7,8,9,2,0,0,116,47
23,General,Semi-Urban,A+,7,2,Winter,20.9,2.9,5,13,4,4,0,0,128,45
21,General,Urban,A+,3,12,Winter,18.0,12.6,5,6,11,9,0,0,123,49
25,General,Semi-Urban,B-,1,8,Monsoon,30.5,125.4,9,12,5,6,0,0,125,60
10,General,Urban,B+,2,10,Summer,31.6,2.1,0,15,9,7,0,0,133,58
3,Clinic,Urban,B+,5,7,Monsoon,27.2,128.6,15,15,5,1,0,0,24,60
13,Clinic,Rural,O+,7,3,Summer,36.1,24.1,5,8,4,5,0,0,33,37
19,Clinic,Rural,O+,6,12,Winter,18.6,6.2,2,10,3,2,0,0,41,32
20,General,Urban,O+,5,2,Winter,12.6,5.9,7,11,8,8,0,1,156,53
10,General,Urban,A+,3,10,Summer,42.0,13.6,2,7,11,5,0,0,127,57
8,Clinic,Rural,B+,4,3,Summer,34.6,9.8,1,7,4,4,0,0,46,33
12,General,Urban,B+,1,10,Summer,30.0,4.1,3,9,9,1,1,0,122,44
21,General,Urban,A+,3,6,Monsoon,27.9,222.6,4,12,4,10,0,1,154,57
2,Trauma,Semi-Urban,AB-,5,3,Summer,35.3,16.7,4,8,12,1,0,1,267,53
9,General,Urban,A+,7,3,Summer,37.0,7.5,2,15,4,2,0,0,119,48
6,General,Urban,A+,7,4,Summer,36.8,12.5,4,10,5,0,0,0,141,44
21,General,Urban,O+,6,11,Summer,33.4,4.1,5,8,7,1,0,0,128,39
12,General,Urban,AB+,1,10,Summer,28.8,12.4,5,10,6,4,0,0,115,51
3,Clinic,Urban,O-,6,9,Monsoon,28.4,183.0,13,24,7,1,0,0,28,60
7,Trauma,Urban,A+,2,8,Monsoon,22.1,129.0,3,15,9,6,0,0,230,68
2,Trauma,Semi-Urban,O+,5,6,Monsoon,30.6,163.5,3,11,9,3,0,0,246,55
12,General,Urban,O+,7,11,Summer,31.8,22.3,6,5,8,2,0,0,133,41
25,General,Semi-Urban,O+,7,4,Summer,35.9,15.7,3,8,6,4,0,0,133,39
15,Trauma,Urban,B+,5,12,Winter,16.0,2.9,6,1,16,5,0,0,234,52
22,Clinic,Urban,O+,3,5,Summer,32.5,8.6,4,7,5,0,0,1,56,34
19,Clinic,Rural,O+,4,5,Summer,31.6,30.9,3,7,5,3,0,0,39,34
23,General,Semi-Urban,A+,5,6,Monsoon,29.1,120.7,7,13,7,6,0,0,111,63
8,Clinic,Rural,O+,4,9,Monsoon,25.1,114.7,3,13,4,0,0,0,39,41
24,Trauma,Rural,O+,3,9,Monsoon,29.3,120.2,7,10,17,5,0,0,219,65
6,General,Urban,A+,3,10,Summer,32.2,9.4,4,7,1,14,0,0,97,49
11,General,Semi-Urban,A+,5,2,Winter,17.3,4.4,7,11,10,8,0,0,133,59
18,Trauma,Semi-Urban,O+,1,2,Winter,18.1,2.0,4,9,11,9,0,0,198,66
8,Clinic,Rural,O-,7,11,Summer,34.5,8.0,2,13,4,0,0,0,40,39
7,Trauma,Urban,AB+,1,12,Winter,15.2,5.4,1,7,8,5,0,0,244,49
4,Clinic,Urban,B+,7,2,Winter,20.1,4.8,3,16,3,1,0,0,40,40
1,Trauma,Rural,B+,1,11,Summer,33.2,19.3,7,8,10,3,0,0,230,48
13,Clinic,Rural,O+,4,4,Summer,35.6,21.2,3,9,9,0,0,0,41,37
25,General,Semi-Urban,B+,3,12,Winter,18.0,2.7,2,11,2,8,0,0,129,44
6,General,Urban,B+,5,12,Winter,19.8,3.4,2,8,8,4,0,0,132,45
12,General,Urban,O+,4,8,Monsoon,25.8,128.7,4,16,9,10,0,0,116,64
24,Trauma,Rural,O+,7,3,Summer,31.6,6.2,4,11,16,2,0,0,242,60
20,General,Urban,O+,1,10,Summer,35.3,0.5,7,6,2,7,0,0,129,43
1,Trauma,Rural,A+,7,2,Winter,16.5,0.8,5,10,12,5,0,0,205,57
13,Clinic,Rural,A+,5,5,Summer,38.4,7.8,8,6,4,2,0,0,34,35
4,Clinic,Urban,A+,6,8,Monsoon,27.2,69.5,5,10,2,3,0,0,34,44
7,Trauma,Urban,O+,1,1,Winter,13.9,4.3,1,15,11,6,0,0,245,60
7,Trauma,Urban,B+,1,5,Summer,32.2,24.3,7,11,16,4,0,0,216,67
16,General,Semi-Urban,B+,3,10,Summer,31.0,10.0,3,7,10,7,0,0,127,46
5,General,Urban,B+,3,2,Winter,21.2,2.1,5,9,8,4,0,0,134,46
7,Trauma,Urban,O+,6,5,Summer,36.3,4.1,7,5,9,4,0,0,248,51
6,General,Urban,O+,7,1,Winter,17.8,1.9,5,8,5,1,0,0,126,35
9,General,Urban,A+,3,8,Monsoon,27.9,48.8,2,7,6,5,0,0,117,51
17,Trauma,Semi-Urban,O+,6,1,Winter,17.7,3.7,2,7,14,0,0,0,249,50
10,General,Urban,A+,1,4,Summer,36.6,6.6,4,10,12,5,0,0,123,56
9,General,Urban,O+,6,7,Monsoon,28.6,67.0,10,10,6,3,0,0,125,58
13,Clinic,Rural,B+,1,3,Summer,36.1,8.4,3,9,6,1,0,0,38,35
16,General,Semi-Urban,O+,5,3,Summer,33.4,12.0,5,10,10,4,0,0,122,46
1,Trauma,Rural,O+,3,11,Summer,32.1,17.6,8,9,14,6,0,0,210,61
23,General,Semi-Urban,O+,3,10,Summer,36.0,15.5,2,11,4,4,0,0,127,45
23,General,Semi-Urban,B+,2,1,Winter,22.7,1.6,4,7,12,11,0,0,110,56
16,General,Semi-Urban,O+,3,11,Summer,37.3,7.6,2,7,9,10,0,0,130,51
15,Trauma,Urban,B+,7,6,Monsoon,31.7,140.1,1,17,19,3,0,0,239,74
18,Trauma,Semi-Urban,A-,6,2,Winter,18.5,6.7,8,6,13,6,0,0,235,59
12,General,Urban,B+,3,11,Summer,31.1,3.6,5,6,8,5,0,0,131,51
10,General,Urban,B+,3,5,Summer,31.4,3.1,3,13,9,2,0,0,118,54
9,General,Urban,O+,4,4,Summer,38.1,31.6,5,11,8,7,0,0,122,56
4,Clinic,Urban,B+,5,2,Winter,12.4,1.2,3,10,2,5,0,0,29,41
22,Clinic,Urban,O+,2,11,Summer,38.5,6.1,6,9,6,4,0,0,38,42
9,General,Urban,A+,6,4,Summer,31.6,9.4,7,16,9,6,0,0,121,59
8,Clinic,Rural,B+,7,8,Monsoon,32.8,44.6,3,16,5,2,0,0,22,50
25,General,Semi-Urban,O+,6,3,Summer,33.8,6.2,7,7,9,4,0,1,131,48
13,Clinic,Rural,O+,4,11,Summer,36.2,6.3,1,8,2,5,0,0,44,34
16,General,Semi-Urban,A+,3,10,Summer,41.2,12.9,8,13,11,7,0,0,109,64
7,Trauma,Urban,O+,3,7,Monsoon,26.0,20.4,12,6,11,7,0,0,228,71
7,Trauma,Urban,O+,6,5,Summer,33.0,20.0,5,11,14,3,0,0,192,64
19,Clinic,Rural,O+,4,8,Monsoon,24.9,24.8,11,6,4,2,0,0,44,40
12,General,Urban,O+,1,6,Monsoon,24.0,201.6,15,28,10,10,0,0,96,88
4,Clinic,Urban,B+,5,12,Winter,17.0,2.3,6,12,4,2,0,0,38,50
21,General,Urban,O+,1,9,Monsoon,25.3,54.2,1,19,8,4,0,0,110,62
11,General,Semi-Urban,A+,7,1,Winter,14.2,0.6,8,7,9,1,1,0,129,37
17,Trauma,Semi-Urban,A+,3,10,Summer,33.4,1.8,2,7,13,0,0,0,246,51
9,General,Urban,B+,3,3,Summer,35.3,11.0,3,10,6,11,0,0,119,49
15,Trauma,Urban,B+,1,4,Summer,31.3,2.0,6,10,21,1,0,0,214,66
20,General,Urban,O-,2,6,Monsoon,26.5,45.3,0,15,5,9,0,0,117,58
23,General,Semi-Urban,A+,7,3,Summer,38.2,17.0,6,12,5,4,0,1,152,54
6,General,Urban,O+,4,12,Winter,13.7,3.6,9,12,5,6,0,0,123,57
17,Trauma,Semi-Urban,O+,7,12,Winter,23.8,2.5,7,8,7,4,0,0,230,46
23,General,Semi-Urban,B+,7,2,Winter,16.0,3.4,4,15,8,3,0,0,130,52
17,Trauma,Semi-Urban,AB+,1,4,Summer,34.6,17.3,0,8,8,9,0,0,237,54
4,Clinic,Urban,A+,3,5,Summer,37.8,7.7,11,7,4,7,0,1,48,43
5,General,Urban,A+,6,9,Monsoon,31.8,137.5,8,9,11,0,0,0,128,57
6,General,Urban,O+,4,8,Monsoon,28.4,79.2,7,11,8,6,0,0,111,62
3,Clinic,Urban,A+,4,9,Monsoon,24.9,158.0,11,19,2,2,0,0,31,58
19,Clinic,Rural,B+,4,1,Winter,15.7,3.3,2,13,4,4,0,0,33,41
25,General,Semi-Urban,O+,5,7,Monsoon,25.3,24.9,15,8,8,3,1,0,119,56
13,Clinic,Rural,O+,7,3,Summer,39.7,5.9,6,8,6,5,0,1,60,41
15,Trauma,Urban,O+,7,3,Summer,32.9,10.6,1,6,11,6,0,0,210,54
20,General,Urban,O+,5,10,Summer,35.0,49.4,4,16,9,5,0,0,114,53
11,General,Semi-Urban,A+,5,2,Winter,14.9,1.6,3,5,13,7,0,0,109,45
12,General,Urban,B+,3,1,Winter,14.5,11.9,4,7,3,5,0,0,124,40
15,Trauma,Urban,B+,1,6,Monsoon,27.1,146.6,3,18,12,5,0,0,225,74
8,Clinic,Rural,O-,5,9,Monsoon,26.0,151.0,4,10,2,3,0,0,34,34
2,Trauma,Semi-Urban,O+,1,7,Monsoon,26.2,122.2,16,14,14,8,0,0,231,81
15,Trauma,Urban,A+,5,2,Winter,13.6,11.3,3,4,7,6,0,0,227,51
21,General,Urban,O+,4,10,Summer,33.8,6.4,5,4,5,5,0,0,127,41
2,Trauma,Semi-Urban,A+,6,5,Summer,38.6,20.5,7,11,12,4,0,0,246,59
6,General,Urban,A+,7,9,Monsoon,24.4,29.2,6,12,5,4,0,0,125,55
7,Trauma,Urban,A+,4,3,Summer,36.7,6.4,6,10,10,6,0,0,244,59
21,General,Urban,O+,5,11,Summer,23.6,18.2,11,10,5,1,1,0,126,44
13,Clinic,Rural,B+,4,4,Summer,31.6,22.0,4,10,4,1,0,0,30,41
14,Trauma,Urban,O+,3,12,Winter,12.3,4.3,3,13,10,3,0,0,225,60
17,Trauma,Semi-Urban,B+,1,5,Summer,37.7,1.6,8,8,9,1,0,0,231,52
7,Trauma,Urban,B+,1,9,Monsoon,29.6,40.9,14,6,8,4,0,1,240,68
18,Trauma,Semi-Urban,O+,6,7,Monsoon,23.9,24.9,9,11,11,2,0,1,263,61
1,Trauma,Rural,O+,7,1,Winter,18.9,2.9,1,7,13,3,0,0,233,56
3,Clinic,Urban,O+,1,2,Winter,21.6,0.9,1,7,6,3,0,1,69,37
21,General,Urban,B+,3,5,Summer,38.1,6.6,2,9,9,4,0,1,147,50
17,Trauma,Semi-Urban,O+,5,3,Summer,32.8,6.5,11,6,18,10,0,0,238,65
5,General,Urban,O+,5,8,Monsoon,20.4,178.2,7,14,4,6,0,0,117,55
11,General,Semi-Urban,B+,6,2,Winter,15.3,2.0,0,13,10,1,1,0,115,45
2,Trauma,Semi-Urban,O+,5,8,Monsoon,29.3,278.4,7,13,17,5,0,1,231,74
17,Trauma,Semi-Urban,O+,1,3,Summer,40.3,7.9,5,8,9,5,0,0,229,56
19,Clinic,Rural,O+,2,3,Summer,33.8,16.5,10,12,3,2,0,0,35,43
7,Trauma,Urban,B+,4,5,Summer,32.2,13.4,2,17,4,2,0,0,233,63
9,General,Urban,A+,1,7,Monsoon,34.2,86.0,4,15,2,7,0,0,116,58
6,General,Urban,O+,3,5,Summer,35.2,20.7,2,9,10,5,0,0,134,50
10,General,Urban,O+,3,5,Summer,30.3,10.7,6,12,2,4,0,0,114,49
7,Trauma,Urban,O+,7,5,Summer,33.6,6.6,6,11,10,4,0,0,246,64
7,Trauma,Urban,O+,3,5,Summer,37.0,18.4,4,8,8,0,1,0,226,48
11,General,Semi-Urban,AB+,7,5,Summer,33.8,4.6,3,7,6,1,0,1,148,38
22,Clinic,Urban,B+,5,11,Summer,36.4,8.2,3,7,6,1,0,0,38,36
20,General,Urban,B+,5,7,Monsoon,22.2,144.5,9,15,6,7,0,1,156,64
8,Clinic,Rural,A-,6,6,Monsoon,22.7,71.9,5,12,5,0,0,0,34,44
24,Trauma,Rural,A+,6,9,Monsoon,24.8,109.6,5,17,18,4,0,0,243,76
6,General,Urban,B+,2,7,Monsoon,26.2,97.5,7,8,8,7,0,0,128,52
23,General,Semi-Urban,A-,3,12,Winter,19.0,2.0,4,10,9,6,0,1,168,47
8,Clinic,Rural,A+,4,7,Monsoon,28.9,73.9,2,8,5,3,0,0,30,36
14,Trauma,Urban,B+,7,3,Summer,41.4,4.4,6,13,10,2,0,0,218,61
6,General,Urban,B+,1,7,Monsoon,24.8,160.7,9,22,11,5,0,0,126,70
20,General,Urban,B+,4,10,Summer,33.1,8.5,2,4,7,4,0,0,130,40
8,Clinic,Rural,B+,2,3,Summer,31.9,24.3,0,13,3,5,0,0,39,35
22,Clinic,Urban,A+,2,3,Summer,37.2,9.5,3,13,2,1,0,0,29,47
3,Clinic,Urban,B+,6,8,Monsoon,30.4,115.2,3,22,4,1,1,0,27,50
13,Clinic,Rural,B+,2,11,Summer,32.7,4.4,5,4,1,1,1,0,46,19
4,Clinic,Urban,O+,6,5,Summer,40.2,21.8,3,4,4,2,0,0,32,38
23,General,Semi-Urban,O+,7,7,Monsoon,24.9,71.5,1,18,6,5,0,1,141,55
11,General,Semi-Urban,O+,6,8,Monsoon,30.1,55.1,5,15,8,2,0,0,127,55
17,Trauma,Semi-Urban,B+,2,8,Monsoon,31.4,30.6,3,6,13,5,0,1,219,65
22,Clinic,Urban,O-,1,2,Winter,13.9,16.0,3,9,3,1,1,0,40,29
14,Trauma,Urban,O+,4,5,Summer,35.7,3.3,4,6,9,1,1,0,234,50
2,Trauma,Semi-Urban,B+,4,12,Winter,9.8,11.5,8,8,12,3,0,0,222,58
6,General,Urban,O+,6,11,Summer,36.5,32.1,10,11,6,5,0,0,128,53
6,General,Urban,O-,3,10,Summer,30.7,3.1,1,14,7,10,0,0,126,52
23,General,Semi-Urban,O+,2,1,Winter,19.7,3.0,0,4,7,6,0,0,135,42
23,General,Semi-Urban,O+,7,6,Monsoon,29.3,71.5,7,8,7,2,0,0,124,50
12,General,Urban,O+,7,1,Winter,21.4,3.1,4,9,4,4,0,0,131,47
23,General,Semi-Urban,B+,5,4,Summer,36.7,13.6,3,6,9,9,0,0,115,50
7,Trauma,Urban,B+,5,11,Summer,34.2,24.6,5,14,13,5,0,0,213,65
17,Trauma,Semi-Urban,B+,7,5,Summer,32.9,3.8,1,11,16,6,0,0,230,66
10,General,Urban,O+,4,3,Summer,33.8,9.9,2,7,8,8,0,0,110,51
7,Trauma,Urban,O+,2,9,Monsoon,23.7,55.5,6,16,6,6,0,0,237,64
7,Trauma,Urban,O+,5,10,Summer,33.4,6.8,7,10,14,1,0,0,252,58
11,General,Semi-Urban,B+,4,8,Monsoon,26.1,80.8,2,13,4,6,0,0,123,47
9,General,Urban,B+,6,10,Summer,31.6,9.1,8,12,1,4,1,0,124,43
6,General,Urban,AB+,6,9,Monsoon,21.8,7.3,9,16,6,8,0,0,123,64
9,General,Urban,B+,4,8,Monsoon,23.2,98.3,9,14,5,10,0,0,122,69
4,Clinic,Urban,B+,3,11,Summer,24.5,1.6,2,11,4,0,1,0,44,31
25,General,Semi-Urban,A+,3,4,Summer,33.1,22.7,8,12,6,6,0,1,135,50
10,General,Urban,B+,5,6,Monsoon,28.1,87.2,10,17,3,4,0,1,137,59
3,Clinic,Urban,O-,5,7,Monsoon,19.0,62.5,5,8,4,1,0,0,35,38
15,Trauma,Urban,B+,4,9,Monsoon,27.7,23.4,9,11,9,5,0,0,236,67
23,General,Semi-Urban,O+,4,6,Monsoon,26.6,100.4,12,11,6,9,0,0,115,61
9,General,Urban,O+,7,6,Monsoon,23.5,76.7,3,12,3,2,0,1,139,49
22,Clinic,Urban,B+,2,2,Winter,16.7,3.2,6,8,5,1,0,0,31,42
16,General,Semi-Urban,B+,2,8,Monsoon,30.2,89.1,15,14,7,5,0,0,122,66
19,Clinic,Rural,B+,6,2,Winter,15.1,4.9,5,13,1,1,0,0,34,42
8,Clinic,Rural,A+,7,6,Monsoon,27.2,98.1,5,12,2,3,0,0,31,42
1,Trauma,Rural,O+,5,5,Summer,35.0,30.5,18,10,17,9,0,0,218,70
9,General,Urban,AB+,3,10,Summer,31.5,17.2,1,6,8,7,0,0,113,57
24,Trauma,Rural,B+,3,6,Monsoon,30.0,96.4,1,12,10,2,0,0,239,58
20,General,Urban,O+,4,1,Winter,19.2,3.3,5,8,7,5,0,0,112,41
20,General,Urban,O+,1,7,Monsoon,26.2,37.4,2,6,6,4,0,0,118,49
22,Clinic,Urban,O+,4,3,Summer,41.1,2.5,1,9,0,4,0,0,47,37
10,General,Urban,A+,2,5,Summer,37.0,0.6,5,16,10,5,0,0,118,57
9,General,Urban,A+,2,4,Summer,28.9,16.6,3,15,5,7,0,0,119,59
24,Trauma,Rural,B+,4,2,Winter,16.8,3.1,8,9,10,5,0,0,225,53
15,Trauma,Urban,B+,7,12,Winter,25.4,5.0,6,12,5,3,0,0,222,53
8,Clinic,Rural,B+,2,4,Summer,31.1,29.1,9,15,7,1,0,0,30,45
7,Trauma,Urban,B+,7,7,Monsoon,27.2,72.3,2,18,10,2,0,0,234,62
22,Clinic,Urban,A+,4,10,Summer,37.7,3.2,0,7,6,1,0,1,56,33
2,Trauma,Semi-Urban,O+,7,5,Summer,36.0,21.4,0,17,13,1,0,0,233,63
2,Trauma,Semi-Urban,O+,3,12,Winter,20.4,2.6,2,4,12,2,0,0,225,47
19,Clinic,Rural,AB+,7,5,Summer,36.2,6.6,5,13,7,2,0,0,28,43
1,Trauma,Rural,O+,5,12,Winter,18.1,1.8,1,7,8,4,0,0,241,47
5,General,Urban,B+,5,6,Monsoon,24.6,116.2,2,13,7,4,0,1,142,58
25,General,Semi-Urban,O+,4,1,Winter,19.3,4.6,6,10,8,6,0,1,149,48
11,General,Semi-Urban,B+,4,11,Summer,32.8,25.0,17,12,6,6,0,0,118,56
19,Clinic,Rural,O+,4,11,Summer,32.6,4.1,0,4,2,1,0,0,46,25
13,Clinic,Rural,B+,6,12,Winter,22.4,1.2,6,15,2,2,1,0,40,40
3,Clinic,Urban,O+,6,2,Winter,16.9,3.6,7,12,3,1,0,0,37,39
5,General,Urban,O+,1,11,Summer,39.1,13.7,1,8,8,3,1,0,116,48
20,General,Urban,O+,5,5,Summer,34.8,22.7,8,8,6,4,0,0,123,46
3,Clinic,Urban,O+,6,11,Summer,33.5,23.8,9,16,2,4,0,0,29,43
15,Trauma,Urban,B-,6,12,Winter,12.5,3.5,7,16,19,5,0,0,237,71
9,General,Urban,B+,4,3,Summer,40.4,24.9,3,21,3,7,0,0,115,62
10,General,Urban,O+,3,5,Summer,34.0,10.4,1,3,8,7,0,0,131,42
24,Trauma,Rural,O-,5,4,Summer,27.2,10.5,1,9,10,5,0,0,227,54
16,General,Semi-Urban,A+,5,4,Summer,37.0,9.0,5,8,7,5,0,0,118,46
16,General,Semi-Urban,O+,3,8,Monsoon,26.8,29.9,3,13,3,5,0,1,153,52
9,General,Urban,A+,3,5,Summer,31.2,2.4,7,13,4,4,0,0,123,52
10,General,Urban,A+,3,8,Monsoon,29.8,89.0,11,18,9,8,0,0,121,72
18,Trauma,Semi-Urban,O+,1,9,Monsoon,19.4,151.1,5,18,17,5,0,0,218,74
1,Trauma,Rural,B+,1,3,Summer,31.9,6.3,8,15,12,8,0,0,242,66
6,General,Urban,O+,1,1,Winter,17.1,6.7,2,10,12,3,0,1,127,50
16,General,Semi-Urban,AB+,3,9,Monsoon,29.6,195.1,8,12,5,7,0,0,115,57
16,General,Semi-Urban,O+,4,3,Summer,40.7,8.2,1,9,1,1,0,0,136,44
3,Clinic,Urban,B+,3,3,Summer,33.3,1.8,1,11,2,3,0,0,44,38
20,General,Urban,AB+,7,8,Monsoon,28.4,65.6,9,16,10,2,0,0,111,67
14,Trauma,Urban,O+,2,4,Summer,42.0,4.4,4,8,13,5,0,0,208,60
6,General,Urban,A+,3,3,Summer,34.0,21.7,0,11,6,4,0,0,124,48
19,Clinic,Rural,B+,2,4,Summer,35.4,12.9,5,8,7,3,0,0,36,39
25,General,Semi-Urban,A+,3,7,Monsoon,23.3,14.7,4,8,2,7,0,0,129,49
11,General,Semi-Urban,O+,5,11,Summer,39.9,15.5,2,10,7,6,0,0,123,50
8,Clinic,Rural,B+,3,12,Winter,15.9,6.5,4,6,8,3,0,0,34,32
8,Clinic,Rural,O+,3,9,Monsoon,27.8,84.1,7,13,5,1,1,0,39,45
15,Trauma,Urban,O+,5,11,Summer,34.7,7.6,7,10,6,6,0,0,246,57
2,Trauma,Semi-Urban,B+,6,7,Monsoon,27.3,104.1,6,18,13,3,0,0,221,69
13,Clinic,Rural,AB+,2,5,Summer,32.7,32.6,6,12,4,4,0,0,35,45
1,Trauma,Rural,A+,1,10,Summer,34.7,25.4,6,6,17,1,1,0,232,51
1,Trauma,Rural,A+,2,4,Summer,39.3,3.4,3,7,16,3,0,0,244,59
11,General,Semi-Urban,B+,5,10,Summer,40.8,12.7,3,13,8,2,1,0,125,49
19,Clinic,Rural,O+,7,12,Winter,17.5,1.3,8,11,3,6,0,0,29,45
23,General,Semi-Urban,O+,2,5,Summer,32.7,7.4,5,5,10,7,0,1,138,54
3,Clinic,Urban,B+,1,8,Monsoon,24.6,184.6,12,18,6,2,0,0,27,59
7,Trauma,Urban,O+,4,10,Summer,42.0,12.7,7,4,8,5,0,0,240,54
11,General,Semi-Urban,B+,7,10,Summer,34.4,4.9,7,8,10,1,0,1,149,45
15,Trauma,Urban,B-,4,3,Summer,37.3,8.8,2,7,12,2,0,0,238,58
25,General,Semi-Urban,A+,7,12,Winter,20.1,5.4,8,5,7,2,1,0,127,38
18,Trauma,Semi-Urban,B+,5,7,Monsoon,33.6,52.2,2,12,11,4,0,0,241,61
14,Trauma,Urban,O+,1,1,Winter,17.3,3.8,5,6,14,2,0,0,228,57
2,Trauma,Semi-Urban,O+,3,2,Winter,14.7,2.1,5,10,13,3,0,0,224,55
3,Clinic,Urban,O+,6,9,Monsoon,32.6,60.0,5,13,5,2,0,0,39,47
4,Clinic,Urban,O+,4,6,Monsoon,29.7,196.8,15,18,5,5,0,0,26,60
17,Trauma,Semi-Urban,A+,2,2,Winter,19.4,3.5,3,10,14,3,0,0,230,57
9,General,Urban,A+,2,7,Monsoon,31.6,116.9,19,9,6,5,0,0,115,69
7,Trauma,Urban,A+,5,8,Monsoon,28.5,87.7,2,14,14,5,0,0,226,66
17,Trauma,Semi-Urban,B+,4,1,Winter,22.7,0.8,10,4,8,5,0,0,233,45
21,General,Urban,B+,5,5,Summer,34.7,4.2,0,5,3,6,0,0,118,42
11,General,Semi-Urban,B+,3,6,Monsoon,29.7,196.1,11,9,8,4,0,0,122,54
23,General,Semi-Urban,O+,3,10,Summer,35.6,26.4,5,9,5,5,0,0,136,50
19,Clinic,Rural,B+,5,8,Monsoon,26.0,85.6,2,6,5,5,0,0,43,33
18,Trauma,Semi-Urban,O-,1,2,Winter,17.4,1.6,8,8,8,1,0,0,246,52
22,Clinic,Urban,O+,4,8,Monsoon,25.8,18.0,6,6,3,6,0,0,33,47
5,General,Urban,O+,3,11,Summer,34.8,43.6,4,12,8,1,1,0,135,44
19,Clinic,Rural,O-,6,1,Winter,16.6,1.1,1,10,3,2,0,0,43,34
24,Trauma,Rural,A+,6,12,Winter,19.3,1.7,4,10,12,1,0,0,224,54
25,General,Semi-Urban,O+,3,2,Winter,19.2,2.0,11,9,8,4,0,0,113,53
15,Trauma,Urban,B+,2,8,Monsoon,27.6,41.8,8,16,15,6,0,0,234,79
19,Clinic,Rural,O+,2,5,Summer,34.7,11.1,6,15,3,1,0,0,36,40
23,General,Semi-Urban,O+,2,9,Monsoon,25.3,274.1,11,22,4,6,0,0,108,67
22,Clinic,Urban,O+,2,11,Summer,33.2,9.9,1,9,2,3,0,0,43,36
23,General,Semi-Urban,B+,6,11,Summer,29.0,14.0,7,17,2,5,0,0,127,52
21,General,Urban,A+,1,11,Summer,33.6,17.4,7,7,3,4,0,0,123,44
10,General,Urban,O+,1,10,Summer,31.0,20.5,5,7,4,6,0,0,116,49
19,Clinic,Rural,O+,4,4,Summer,34.3,11.9,0,11,3,4,0,0,31,41
11,General,Semi-Urban,O+,2,6,Monsoon,24.9,38.8,5,12,5,5,0,0,126,52
21,General,Urban,O+,6,9,Monsoon,20.8,123.7,8,18,6,5,0,0,122,62
21,General,Urban,B+,6,3,Summer,40.8,32.5,6,16,7,3,0,0,127,59
24,Trauma,Rural,O+,6,7,Monsoon,26.3,49.7,9,15,14,2,0,0,221,64
15,Trauma,Urban,B+,4,7,Monsoon,31.3,103.5,14,18,20,8,0,0,208,95
12,General,Urban,A+,4,12,Winter,16.4,5.2,3,4,4,1,1,0,134,36
5,General,Urban,O+,3,1,Winter,23.1,2.3,9,8,8,9,0,0,128,55
16,General,Semi-Urban,AB+,2,2,Winter,14.5,5.8,3,4,5,7,0,0,121,47
15,Trauma,Urban,A+,4,1,Winter,18.5,7.1,3,9,12,2,0,0,235,50
13,Clinic,Rural,B+,7,7,Monsoon,23.7,103.5,6,17,7,0,0,0,23,51
17,Trauma,Semi-Urban,A+,2,7,Monsoon,34.8,138.9,4,14,10,4,0,0,223,67
22,Clinic,Urban,O+,1,8,Monsoon,26.3,71.9,12,9,7,2,0,0,21,53
4,Clinic,Urban,B+,4,3,Summer,36.5,3.7,1,6,4,2,0,0,27,39
11,General,Semi-Urban,A+,3,4,Summer,35.4,5.0,9,12,10,4,0,0,116,58
19,Clinic,Rural,O+,6,6,Monsoon,26.9,250.9,12,20,6,0,0,0,39,60
21,General,Urban,B+,6,1,Winter,19.6,7.2,1,16,4,3,0,0,116,50
20,General,Urban,AB+,7,10,Summer,38.1,4.7,1,16,11,3,0,0,116,60
20,General,Urban,AB+,3,1,Winter,20.0,1.2,0,7,10,5,0,1,132,47
22,Clinic,Urban,O+,7,9,Monsoon,27.5,125.6,9,15,9,0,0,0,32,59
25,General,Semi-Urban,O+,1,6,Monsoon,28.6,320.0,11,24,6,4,0,1,142,71
16,General,Semi-Urban,O+,3,12,Winter,23.7,3.5,8,5,9,3,0,0,131,43
7,Trauma,Urban,O+,2,9,Monsoon,25.7,43.6,1,9,15,4,0,0,227,64
15,Trauma,Urban,B+,7,6,Monsoon,21.4,148.0,7,16,14,2,0,0,206,73
18,Trauma,Semi-Urban,B+,5,9,Monsoon,23.7,191.0,20,17,13,4,0,0,227,84
3,Clinic,Urban,O+,3,2,Winter,14.9,5.1,3,7,5,2,0,0,46,36
19,Clinic,Rural,B+,2,3,Summer,31.4,16.0,8,15,5,5,0,0,38,42
14,Trauma,Urban,AB+,6,6,Monsoon,24.5,35.0,6,17,8,0,0,0,222,64
24,Trauma,Rural,A+,5,11,Summer,33.9,21.5,2,9,17,3,0,0,219,58
6,General,Urban,A+,6,10,Summer,34.7,18.1,1,13,6,2,0,0,126,50
23,General,Semi-Urban,O+,4,5,Summer,34.7,8.7,5,12,4,11,0,0,131,56
12,General,Urban,O+,2,4,Summer,31.8,3.4,5,8,11,5,0,1,147,49
15,Trauma,Urban,A+,3,12,Winter,21.0,2.3,2,5,11,4,0,0,245,52
17,Trauma,Semi-Urban,A+,5,7,Monsoon,28.6,83.0,9,9,19,5,0,0,233,74
15,Trauma,Urban,A+,2,2,Winter,22.7,5.4,8,9,16,6,0,0,211,67
23,General,Semi-Urban,B+,1,3,Summer,36.5,21.4,10,11,3,7,0,1,142,49
5,General,Urban,B-,6,11,Summer,33.0,10.6,11,9,5,5,0,0,117,47
19,Clinic,Rural,B+,4,11,Summer,37.9,10.0,2,9,3,0,0,0,38,32
25,General,Semi-Urban,O+,3,11,Summer,34.8,24.0,6,10,5,8,0,0,133,52
6,General,Urban,O+,4,1,Winter,20.4,4.3,3,10,7,7,0,0,126,48
7,Trauma,Urban,O+,6,10,Summer,36.2,17.9,8,18,19,0,0,1,257,71
12,General,Urban,B+,1,2,Winter,17.6,2.5,0,12,8,5,0,0,114,51
19,Clinic,Rural,B+,4,10,Summer,34.3,23.7,6,7,4,0,1,0,35,29
24,Trauma,Rural,AB+,2,11,Summer,33.6,7.0,9,10,15,2,0,0,218,58
20,General,Urban,B+,1,5,Summer,31.4,40.1,4,9,12,4,0,0,124,48
20,General,Urban,A-,1,3,Summer,27.6,4.1,9,6,6,2,0,0,130,39
12,General,Urban,AB+,4,9,Monsoon,24.9,87.3,21,11,6,13,0,0,114,78
17,Trauma,Semi-Urban,O+,4,1,Winter,18.6,1.1,4,9,9,1,0,0,228,54
6,General,Urban,A+,4,7,Monsoon,30.3,120.3,14,8,9,6,0,0,119,59
12,General,Urban,A+,6,4,Summer,36.4,25.8,4,5,2,0,1,0,129,31
5,General,Urban,O+,4,6,Monsoon,26.2,126.7,18,11,7,4,0,0,121,63
1,Trauma,Rural,A+,5,10,Summer,32.0,8.4,4,5,13,1,0,0,233,50
22,Clinic,Urban,O+,6,12,Winter,17.5,1.1,5,7,4,3,0,0,28,38
21,General,Urban,O+,5,5,Summer,31.1,8.3,3,5,5,7,0,0,128,43
13,Clinic,Rural,O+,7,4,Summer,27.7,18.3,4,8,7,2,0,0,45,33
1,Trauma,Rural,A+,2,11,Summer,29.4,5.0,4,9,5,3,0,0,229,52
3,Clinic,Urban,A+,6,5,Summer,38.1,2.6,3,14,4,3,0,0,40,46
3,Clinic,Urban,B-,5,3,Summer,39.6,9.8,8,6,3,6,0,0,38,38
18,Trauma,Semi-Urban,O+,5,11,Summer,36.3,3.9,4,9,11,2,0,0,234,52
6,General,Urban,A+,1,12,Winter,17.8,4.1,7,9,9,8,0,0,120,57
7,Trauma,Urban,B+,4,4,Summer,29.8,10.7,8,15,9,2,0,0,233,58
22,Clinic,Urban,B+,7,2,Winter,17.5,2.7,12,12,6,3,0,0,35,51
22,Clinic,Urban,AB+,5,2,Winter,19.8,12.4,3,6,5,4,0,0,30,36
20,General,Urban,O+,1,8,Monsoon,29.5,113.4,0,18,11,9,0,0,125,62
8,Clinic,Rural,A+,3,4,Summer,36.1,0.8,4,13,2,5,0,0,36,40
15,Trauma,Urban,A+,4,8,Monsoon,30.6,269.4,4,25,9,2,0,0,248,74
6,General,Urban,O+,6,10,Summer,39.8,12.1,3,8,10,4,0,0,114,52
22,Clinic,Urban,AB+,4,1,Winter,16.8,2.5,2,3,1,2,0,0,40,29
3,Clinic,Urban,O+,6,11,Summer,42.0,13.7,4,11,0,1,0,0,37,40
19,Clinic,Rural,AB+,6,1,Winter,11.9,1.2,2,13,5,1,0,0,37,36
13,Clinic,Rural,O+,2,2,Winter,15.7,3.0,3,9,5,4,0,0,43,40
19,Clinic,Rural,O+,2,9,Monsoon,27.6,161.6,20,17,9,3,0,0,33,60
12,General,Urban,A-,7,8,Monsoon,28.6,67.1,15,17,10,3,0,0,121,74
4,Clinic,Urban,A+,5,12,Winter,17.5,2.1,4,10,8,0,1,0,36,38
19,Clinic,Rural,B+,6,7,Monsoon,25.5,46.7,2,14,5,0,0,0,39,42
16,General,Semi-Urban,B+,7,6,Monsoon,33.6,145.6,10,15,8,2,0,0,109,61
12,General,Urban,O+,3,9,Monsoon,25.4,104.4,4,9,6,7,0,0,128,55
10,General,Urban,A+,1,10,Summer,30.9,39.6,6,9,5,9,0,0,120,52
9,General,Urban,B+,7,9,Monsoon,32.1,243.4,9,20,13,0,0,1,145,73
13,Clinic,Rural,A+,5,5,Summer,36.5,9.7,4,7,6,3,0,0,39,35
7,Trauma,Urban,A-,1,12,Winter,21.3,5.0,6,8,7,6,0,0,234,50
8,Clinic,Rural,B+,4,4,Summer,34.6,8.5,3,12,1,1,0,0,39,32
7,Trauma,Urban,B+,1,5,Summer,29.9,7.5,8,11,15,4,0,0,226,64
1,Trauma,Rural,O+,3,4,Summer,34.3,7.1,3,6,13,3,0,0,225,58
24,Trauma,Rural,B+,3,4,Summer,29.5,6.4,4,8,12,1,0,0,239,53
6,General,Urban,B+,4,3,Summer,34.7,23.3,1,7,7,12,0,0,118,52
5,General,Urban,A+,4,7,Monsoon,29.0,54.6,9,7,8,5,0,0,110,53
4,Clinic,Urban,A+,6,9,Monsoon,30.2,63.4,10,16,3,1,0,0,29,52
25,General,Semi-Urban,B+,3,6,Monsoon,26.7,103.2,8,12,10,3,0,0,114,54
12,General,Urban,O-,6,12,Winter,20.2,3.9,5,13,9,3,0,0,128,56
9,General,Urban,A+,7,6,Monsoon,24.3,90.5,10,13,10,3,0,0,117,60
11,General,Semi-Urban,A+,6,6,Monsoon,29.9,181.0,13,29,10,5,0,1,136,88
3,Clinic,Urban,A+,2,1,Winter,20.0,2.1,0,4,2,1,0,0,39,31
8,Clinic,Rural,O+,5,11,Summer,31.6,6.4,4,10,3,3,0,0,35,37
7,Trauma,Urban,B+,2,2,Winter,19.6,0.1,2,15,17,3,0,0,205,66
21,General,Urban,O+,4,2,Winter,21.3,5.1,5,10,6,7,0,0,120,50
2,Trauma,Semi-Urban,O+,5,12,Winter,18.2,5.0,9,4,16,2,0,0,238,55
11,General,Semi-Urban,O+,3,7,Monsoon,24.5,170.2,10,12,6,4,0,0,130,55
20,General,Urban,A-,1,1,Winter,18.5,2.7,7,4,7,7,0,0,139,45
21,General,Urban,B+,6,6,Monsoon,28.7,78.5,2,16,5,0,0,0,120,48
13,Clinic,Rural,AB+,6,8,Monsoon,24.5,157.9,5,22,7,1,0,0,35,57
6,General,Urban,A-,1,1,Winter,15.0,2.4,1,9,6,5,0,0,118,43
9,General,Urban,O+,3,10,Summer,35.6,11.9,3,4,5,7,0,0,124,43
6,General,Urban,A+,2,9,Monsoon,29.5,178.9,23,21,7,4,0,0,108,82
17,Trauma,Semi-Urban,O+,7,1,Winter,24.4,4.9,4,17,11,0,0,0,231,59
8,Clinic,Rural,B+,7,8,Monsoon,29.0,68.1,5,12,3,4,0,0,31,45
16,General,Semi-Urban,B+,5,3,Summer,30.4,22.3,1,3,9,6,0,0,129,40
17,Trauma,Semi-Urban,B+,4,9,Monsoon,33.1,80.2,6,6,14,9,0,0,208,62
24,Trauma,Rural,O+,1,5,Summer,37.2,22.7,5,10,17,2,0,0,209,61
10,General,Urban,A+,2,3,Summer,28.0,14.7,5,6,8,13,0,0,118,55
25,General,Semi-Urban,B-,1,7,Monsoon,23.9,58.7,10,6,4,9,0,0,119,53
11,General,Semi-Urban,B+,6,6,Monsoon,25.5,35.2,3,12,7,4,0,0,116,52
18,Trauma,Semi-Urban,O+,1,5,Summer,36.5,20.1,2,10,14,1,0,0,226,54
17,Trauma,Semi-Urban,A-,5,11,Summer,26.9,21.4,3,10,9,3,0,0,239,52
21,General,Urban,B-,7,8,Monsoon,26.6,194.7,14,13,11,6,0,1,131,69
12,General,Urban,O+,3,6,Monsoon,29.3,128.8,10,16,6,7,0,0,119,68
20,General,Urban,O+,5,3,Summer,25.5,10.3,5,7,5,7,0,0,112,43
9,General,Urban,O+,7,7,Monsoon,29.2,101.5,9,20,5,5,0,0,122,65
13,Clinic,Rural,B+,3,1,Winter,20.6,3.6,8,5,4,6,0,0,33,35
13,Clinic,Rural,A+,4,11,Summer,31.5,10.0,6,6,4,2,0,0,39,36
18,Trauma,Semi-Urban,B+,2,1,Winter,14.5,1.2,3,7,8,4,0,0,227,49
16,General,Semi-Urban,A+,3,9,Monsoon,24.4,35.9,4,4,5,3,0,0,125,37
2,Trauma,Semi-Urban,B+,7,5,Summer,26.0,20.5,2,14,11,1,0,0,225,53
21,General,Urban,B+,5,9,Monsoon,26.0,46.1,4,13,6,2,0,0,121,53
19,Clinic,Rural,O+,2,5,Summer,34.7,9.6,1,5,5,5,0,0,36,36
3,Clinic,Urban,A+,4,1,Winter,14.3,0.8,1,5,6,2,1,0,40,31
25,General,Semi-Urban,O+,5,12,Winter,20.9,0.8,1,9,4,13,0,0,135,52
17,Trauma,Semi-Urban,O+,1,10,Summer,34.3,6.3,3,4,19,2,0,0,235,54
3,Clinic,Urban,B+,6,1,Winter,18.8,5.7,4,10,1,4,0,0,32,36
13,Clinic,Rural,O+,2,1,Winter,16.8,6.0,1,0,5,7,0,0,44,28
21,General,Urban,O+,3,7,Monsoon,29.2,97.6,7,12,8,9,0,0,128,62
7,Trauma,Urban,O+,3,12,Winter,21.9,2.0,1,7,12,2,1,0,237,55
24,Trauma,Rural,B+,4,7,Monsoon,25.8,207.3,15,17,16,3,0,0,220,84
11,General,Semi-Urban,O+,7,1,Winter,20.3,2.7,4,7,6,3,0,0,121,42
6,General,Urban,AB-,2,9,Monsoon,29.3,219.6,14,15,8,8,0,0,127,73
9,General,Urban,O+,2,6,Monsoon,28.3,112.0,7,14,14,8,0,0,107,71
14,Trauma,Urban,O+,3,8,Monsoon,32.0,162.8,12,14,13,5,0,0,225,76
18,Trauma,Semi-Urban,B+,7,5,Summer,31.8,23.5,4,13,19,2,0,0,216,72
24,Trauma,Rural,O+,7,1,Winter,16.7,0.6,4,9,11,1,0,0,218,52
5,General,Urban,B+,4,1,Winter,15.7,1.3,5,12,3,4,0,1,135,45
25,General,Semi-Urban,O+,5,8,Monsoon,29.2,65.2,3,15,8,4,0,1,141,57
14,Trauma,Urban,O+,7,8,Monsoon,26.2,46.8,4,10,6,1,0,0,231,52
4,Clinic,Urban,B+,6,4,Summer,31.9,16.5,1,13,6,1,0,0,37,45
24,Trauma,Rural,O+,5,1,Winter,23.0,5.0,3,9,10,3,0,0,219,49
9,General,Urban,O+,4,10,Summer,39.4,8.3,1,2,5,2,0,0,134,40
16,General,Semi-Urban,A+,7,2,Winter,17.0,2.2,0,10,2,5,0,0,123,41
18,Trauma,Semi-Urban,B+,2,3,Summer,29.9,22.2,5,12,11,4,0,0,233,59
1,Trauma,Rural,O+,3,6,Monsoon,32.6,56.6,0,14,4,4,0,0,237,55
6,General,Urban,B+,5,9,Monsoon,28.4,173.8,10,15,11,4,0,0,123,69
18,Trauma,Semi-Urban,O+,1,12,Winter,19.3,4.0,15,7,16,2,1,0,211,56
9,General,Urban,B+,4,8,Monsoon,27.3,99.7,5,13,5,6,0,0,128,57
1,Trauma,Rural,A+,6,12,Winter,15.6,1.5,2,14,22,3,0,0,215,72
1,Trauma,Rural,AB+,2,8,Monsoon,25.8,134.5,6,18,10,0,0,0,222,58
21,General,Urban,AB+,6,11,Summer,36.0,4.5,2,4,9,2,0,0,130,46
4,Clinic,Urban,B+,3,3,Summer,32.7,19.1,9,5,3,4,0,0,41,38
3,Clinic,Urban,A+,7,1,Winter,19.3,5.0,2,10,9,1,0,0,31,46
15,Trauma,Urban,B+,5,9,Monsoon,27.0,124.7,11,10,11,1,0,0,238,65
3,Clinic,Urban,B+,2,12,Winter,14.8,5.0,8,10,7,5,0,0,39,44
17,Trauma,Semi-Urban,A+,6,9,Monsoon,31.9,154.7,2,17,12,4,0,1,247,63
14,Trauma,Urban,AB+,1,5,Summer,35.8,16.1,1,11,12,3,0,0,226,61
17,Trauma,Semi-Urban,O+,2,6,Monsoon,28.0,16.7,2,8,8,1,0,0,237,48
13,Clinic,Rural,A+,7,2,Winter,19.7,4.3,4,8,7,3,0,0,44,40
20,General,Urban,AB+,7,5,Summer,28.6,5.8,2,8,5,4,0,0,128,41
17,Trauma,Semi-Urban,O+,1,9,Monsoon,25.5,26.5,7,9,11,2,0,0,227,63
11,General,Semi-Urban,A-,3,2,Winter,13.4,1.4,6,10,8,5,0,0,122,49
1,Trauma,Rural,O+,1,6,Monsoon,27.4,52.4,1,6,9,0,1,0,230,45
7,Trauma,Urban,B+,2,4,Summer,35.0,18.0,6,7,13,4,0,0,253,60
4,Clinic,Urban,A+,7,6,Monsoon,27.4,69.6,15,12,7,3,0,0,40,53
1,Trauma,Rural,O+,2,10,Summer,37.5,21.9,4,8,9,0,1,0,226,47
7,Trauma,Urban,B+,5,11,Summer,29.5,6.6,1,14,14,0,1,0,241,59
6,General,Urban,B+,6,5,Summer,31.6,9.8,5,18,9,3,0,0,132,59
2,Trauma,Semi-Urban,A+,7,10,Summer,35.2,6.8,5,10,10,1,1,0,216,51
8,Clinic,Rural,A+,3,9,Monsoon,27.8,11.9,12,13,8,2,0,0,36,50
13,Clinic,Rural,B+,5,12,Winter,14.1,3.5,5,7,5,1,1,0,38,29
5,General,Urban,O-,4,9,Monsoon,30.6,320.0,16,16,6,7,0,1,140,70
7,Trauma,Urban,A+,1,7,Monsoon,31.6,27.3,5,8,14,4,0,0,218,70
1,Trauma,Rural,O+,2,9,Monsoon,28.3,135.1,4,15,13,4,0,1,253,65
2,Trauma,Semi-Urban,A+,6,4,Summer,29.5,22.3,7,16,14,1,0,0,218,63
4,Clinic,Urban,B+,5,9,Monsoon,27.5,90.0,4,13,0,3,0,1,50,46
12,General,Urban,B+,4,9,Monsoon,28.0,30.2,4,10,5,9,0,0,125,53
17,Trauma,Semi-Urban,B+,6,8,Monsoon,26.2,289.6,10,24,8,3,0,0,238,76
20,General,Urban,O+,5,2,Winter,22.0,4.9,3,7,10,6,0,0,117,50
16,General,Semi-Urban,B-,3,7,Monsoon,26.7,219.3,22,21,5,3,0,1,154,75
16,General,Semi-Urban,B+,3,9,Monsoon,33.3,19.8,1,12,13,6,0,0,120,56
24,Trauma,Rural,B+,7,3,Summer,36.3,7.3,5,16,11,1,0,0,227,58
7,Trauma,Urban,O+,7,10,Summer,34.8,3.6,6,10,14,2,0,0,227,62
20,General,Urban,B+,1,11,Summer,36.8,23.9,4,8,6,9,0,0,119,55
24,Trauma,Rural,B+,6,7,Monsoon,31.6,19.8,2,17,17,1,0,1,259,69
15,Trauma,Urban,A+,1,12,Winter,20.7,3.0,7,6,10,5,0,0,233,58
22,Clinic,Urban,O+,7,11,Summer,33.8,9.7,5,10,6,3,0,0,44,38
4,Clinic,Urban,O-,5,6,Monsoon,25.0,14.7,7,6,3,3,0,0,35,45
22,Clinic,Urban,O+,5,11,Summer,30.6,18.3,3,12,6,2,0,0,37,44
15,Trauma,Urban,B-,5,12,Winter,10.7,4.6,6,7,13,6,0,0,247,58
6,General,Urban,B-,5,2,Winter,18.5,2.0,3,11,6,1,0,0,120,46
2,Trauma,Semi-Urban,O+,2,12,Winter,16.8,9.1,5,10,10,2,0,0,219,57
18,Trauma,Semi-Urban,O+,6,1,Winter,17.0,0.6,0,10,16,2,0,0,233,61
11,General,Semi-Urban,B+,4,6,Monsoon,30.1,10.0,6,8,7,2,0,0,126,47
8,Clinic,Rural,O+,4,12,Winter,17.7,3.7,3,7,3,2,0,0,38,32
10,General,Urban,A+,3,9,Monsoon,32.7,38.5,3,7,7,5,0,0,106,54
25,General,Semi-Urban,B+,1,4,Summer,32.3,10.9,6,9,2,2,1,0,106,39
11,General,Semi-Urban,B+,4,8,Monsoon,24.1,181.9,14,13,15,3,0,0,120,68
2,Trauma,Semi-Urban,O+,3,3,Summer,30.2,3.3,12,6,16,3,0,0,227,58
7,Trauma,Urban,AB-,5,3,Summer,36.2,24.1,6,9,14,2,0,0,238,55
4,Clinic,Urban,A+,3,11,Summer,37.5,3.6,5,6,3,6,0,0,37,38
18,Trauma,Semi-Urban,O+,7,1,Winter,16.2,2.3,1,7,7,0,0,0,233,42
21,General,Urban,B-,5,12,Winter,14.8,7.9,5,8,7,2,0,0,123,42
22,Clinic,Urban,O+,4,6,Monsoon,31.6,130.6,6,7,1,1,0,0,31,40
16,General,Semi-Urban,A+,5,1,Winter,13.6,1.5,1,16,5,6,0,0,128,51
20,General,Urban,B+,5,10,Summer,37.0,14.8,5,10,9,6,0,1,145,53
11,General,Semi-Urban,A+,5,1,Winter,16.3,2.2,3,7,6,3,0,0,118,41
16,General,Semi-Urban,O+,5,4,Summer,35.2,8.5,4,9,6,8,0,0,111,54
3,Clinic,Urban,O+,7,3,Summer,37.2,9.8,2,12,2,2,0,0,34,39
14,Trauma,Urban,A+,3,10,Summer,35.4,16.7,5,11,14,5,0,0,217,62
14,Trauma,Urban,B+,4,5,Summer,33.1,12.4,0,12,5,4,0,0,215,55
1,Trauma,Rural,B+,2,8,Monsoon,31.2,72.6,10,12,10,5,0,0,215,67
14,Trauma,Urban,A+,4,1,Winter,18.9,2.9,1,6,13,1,0,1,265,53
19,Clinic,Rural,B+,7,9,Monsoon,38.0,97.7,2,12,3,1,0,0,36,44
10,General,Urban,O+,5,9,Monsoon,21.9,85.7,1,16,8,9,0,0,110,62
14,Trauma,Urban,B+,2,4,Summer,28.8,7.4,3,16,14,4,0,0,247,72
8,Clinic,Rural,O+,7,11,Summer,37.0,14.0,6,8,4,1,0,0,44,35
7,Trauma,Urban,B+,6,6,Monsoon,26.9,112.3,13,7,13,4,0,0,241,70
4,Clinic,Urban,O+,4,9,Monsoon,29.4,101.6,11,15,6,2,0,1,46,60
9,General,Urban,O+,2,3,Summer,30.7,21.9,2,11,8,2,0,0,127,49
21,General,Urban,B+,3,12,Winter,18.2,2.0,1,5,8,9,0,0,121,51
24,Trauma,Rural,A+,6,3,Summer,35.4,6.6,3,9,15,3,0,0,222,58
16,General,Semi-Urban,O+,5,8,Monsoon,25.4,201.5,19,16,11,4,0,0,114,73
16,General,Semi-Urban,O+,2,2,Winter,18.7,1.6,5,9,7,5,0,0,117,46
16,General,Semi-Urban,AB+,2,1,Winter,13.9,2.6,15,11,6,5,0,0,119,54
12,General,Urban,O+,7,2,Winter,19.2,0.4,3,10,9,8,0,0,105,52
11,General,Semi-Urban,O+,4,12,Winter,22.3,1.0,5,9,13,5,0,0,101,54
16,General,Semi-Urban,A+,5,3,Summer,30.3,8.2,3,4,3,3,0,0,131,37
20,General,Urban,O+,3,11,Summer,30.1,7.8,0,6,7,8,0,0,134,47
11,General,Semi-Urban,B+,1,7,Monsoon,30.6,69.4,9,8,2,6,0,0,118,48
15,Trauma,Urban,A+,3,2,Winter,14.1,9.7,5,11,13,1,1,0,234,55
12,General,Urban,A-,5,6,Monsoon,29.5,16.0,8,8,5,9,0,0,121,56
8,Clinic,Rural,B+,3,6,Monsoon,27.2,81.6,10,13,4,3,0,0,32,54
8,Clinic,Rural,B+,5,4,Summer,32.7,10.3,5,10,4,4,0,0,36,40
2,Trauma,Semi-Urban,O+,4,8,Monsoon,31.4,258.5,10,27,5,2,0,0,213,78
11,General,Semi-Urban,B+,3,11,Summer,36.8,20.5,13,7,2,11,0,0,120,48
18,Trauma,Semi-Urban,B+,2,11,Summer,34.8,7.7,5,7,12,6,0,0,230,56
18,Trauma,Semi-Urban,B+,2,7,Monsoon,20.5,198.2,7,16,10,8,0,0,229,72
25,General,Semi-Urban,A-,2,11,Summer,36.1,7.2,2,10,3,4,0,0,123,43
1,Trauma,Rural,A+,6,12,Winter,14.8,6.2,1,12,11,5,0,0,235,56
20,General,Urban,O+,3,2,Winter,17.3,9.1,3,9,5,14,0,0,121,53
20,General,Urban,O+,6,8,Monsoon,27.0,89.0,10,13,5,4,0,0,124,61
11,General,Semi-Urban,O+,3,10,Summer,39.7,4.4,1,5,7,0,0,0,126,38
8,Clinic,Rural,A+,3,1,Winter,17.2,0.5,4,11,2,4,0,0,40,41
9,General,Urban,O+,7,8,Monsoon,22.7,91.4,6,9,11,5,0,0,131,59
18,Trauma,Semi-Urban,B+,7,11,Summer,38.4,21.1,0,8,11,0,0,0,249,54
22,Clinic,Urban,O+,3,4,Summer,36.2,59.7,2,7,4,2,0,0,37,34
17,Trauma,Semi-Urban,B+,2,11,Summer,36.3,26.7,1,5,8,2,0,1,266,44
13,Clinic,Rural,B+,6,12,Winter,22.5,3.3,1,11,6,2,0,1,62,39
17,Trauma,Semi-Urban,O+,1,8,Monsoon,32.2,32.5,3,6,10,5,0,0,241,57
2,Trauma,Semi-Urban,O+,4,8,Monsoon,24.3,74.2,17,8,6,1,1,0,206,60
16,General,Semi-Urban,B+,5,7,Monsoon,22.8,231.5,10,15,9,7,0,0,126,65
2,Trauma,Semi-Urban,B+,5,5,Summer,36.5,42.6,9,10,7,1,0,0,228,49
24,Trauma,Rural,O+,1,6,Monsoon,26.2,52.7,8,4,13,3,0,0,240,57
23,General,Semi-Urban,A+,1,7,Monsoon,26.5,69.0,6,9,9,11,0,0,122,60
13,Clinic,Rural,O+,2,6,Monsoon,23.6,207.1,9,16,5,1,1,0,35,50
10,General,Urban,AB+,1,10,Summer,35.8,28.9,5,9,6,12,0,0,129,55
19,Clinic,Rural,O+,4,10,Summer,35.2,7.4,2,3,4,3,0,0,41,29
16,General,Semi-Urban,B+,7,5,Summer,33.5,19.2,13,13,10,5,0,0,144,58
18,Trauma,Semi-Urban,O+,3,7,Monsoon,22.8,57.3,4,12,16,5,0,0,239,69
13,Clinic,Rural,A+,4,3,Summer,37.6,24.9,3,9,2,5,0,0,32,43
6,General,Urban,B+,2,3,Summer,34.8,11.6,3,8,8,6,0,0,124,46
2,Trauma,Semi-Urban,O+,1,5,Summer,37.4,8.8,2,8,9,5,0,0,252,58
8,Clinic,Rural,O+,5,1,Winter,11.7,5.8,1,6,3,6,0,0,36,34
14,Trauma,Urban,B+,2,11,Summer,34.2,12.3,9,4,15,6,0,0,232,60
11,General,Semi-Urban,B+,4,2,Winter,15.8,5.7,10,3,9,10,0,0,114,49
13,Clinic,Rural,B+,5,4,Summer,34.1,4.7,4,7,3,3,0,0,52,31
7,Trauma,Urban,B+,6,4,Summer,36.8,5.7,5,14,17,2,0,1,242,68
24,Trauma,Rural,O+,2,3,Summer,35.1,10.8,2,12,11,3,0,0,223,56
10,General,Urban,O+,5,5,Summer,34.1,6.2,2,2,5,6,0,0,124,42
22,Clinic,Urban,O+,7,9,Monsoon,27.0,60.2,5,16,5,2,0,0,28,53
10,General,Urban,B+,4,11,Summer,29.3,11.1,9,6,10,7,0,0,127,53
12,General,Urban,B+,1,3,Summer,31.3,6.9,1,1,7,3,0,0,110,38
16,General,Semi-Urban,B+,2,3,Summer,37.4,33.0,5,6,10,3,0,0,127,48
7,Trauma,Urban,O+,6,6,Monsoon,25.5,44.2,10,11,11,4,0,0,214,69
6,General,Urban,O+,6,4,Summer,37.4,10.6,10,11,13,6,0,0,122,63
10,General,Urban,O-,3,10,Summer,36.5,10.8,1,9,4,6,0,0,124,44
21,General,Urban,AB+,2,3,Summer,36.6,12.7,0,12,7,5,0,0,122,49
4,Clinic,Urban,A+,3,5,Summer,35.0,8.7,2,8,5,2,0,0,43,39
11,General,Semi-Urban,O+,2,7,Monsoon,25.7,151.4,10,17,4,4,0,0,133,59
17,Trauma,Semi-Urban,O+,6,5,Summer,33.5,22.7,3,9,12,4,0,1,263,55
18,Trauma,Semi-Urban,O-,6,8,Monsoon,28.9,52.6,11,14,12,1,0,0,206,65
11,General,Semi-Urban,A+,1,10,Summer,27.6,23.9,1,8,7,7,0,0,135,44
3,Clinic,Urban,O+,6,7,Monsoon,30.7,50.6,1,11,3,0,0,0,37,38
1,Trauma,Rural,B+,6,6,Monsoon,25.5,76.8,4,12,5,4,0,0,225,54
12,General,Urban,B-,5,12,Winter,17.7,3.3,4,15,5,5,0,0,126,53
21,General,Urban,O+,7,12,Winter,17.8,1.9,8,21,5,3,0,0,114,60
1,Trauma,Rural,A+,1,12,Winter,17.9,0.8,8,10,9,11,0,0,223,58
23,General,Semi-Urban,AB+,5,1,Winter,14.1,3.6,4,6,14,7,0,0,109,56
17,Trauma,Semi-Urban,O+,1,11,Summer,34.5,4.3,3,7,17,5,0,0,239,58
1,Trauma,Rural,A+,7,11,Summer,35.8,31.2,4,13,13,3,0,0,235,56
9,General,Urban,B+,4,10,Summer,27.9,7.9,8,5,4,1,1,0,133,42
6,General,Urban,A+,1,9,Monsoon,23.1,137.8,12,14,7,3,0,0,121,64
24,Trauma,Rural,O+,6,5,Summer,36.7,18.8,2,9,15,2,0,0,226,55
14,Trauma,Urban,O+,6,9,Monsoon,29.1,48.2,5,15,11,0,0,0,222,67
9,General,Urban,A-,4,7,Monsoon,27.9,59.1,6,14,6,3,0,0,132,60
7,Trauma,Urban,B+,3,10,Summer,32.0,8.0,8,9,16,3,0,0,217,64
15,Trauma,Urban,O+,1,5,Summer,36.1,14.0,12,9,10,2,0,1,263,59
1,Trauma,Rural,AB+,7,9,Monsoon,23.4,320.0,22,15,12,2,0,0,225,81
7,Trauma,Urban,B+,2,10,Summer,33.6,13.5,0,5,15,2,0,0,245,52
5,General,Urban,O+,6,11,Summer,30.1,7.5,3,8,4,8,0,0,132,46
16,General,Semi-Urban,A+,5,3,Summer,33.5,14.4,9,7,7,1,0,1,154,41
17,Trauma,Semi-Urban,O-,5,11,Summer,30.9,4.3,2,8,14,2,0,0,234,51
12,General,Urban,O+,5,3,Summer,36.3,5.9,9,8,5,2,1,0,131,43
4,Clinic,Urban,A-,7,12,Winter,19.3,9.0,3,14,6,2,1,0,39,38
10,General,Urban,B+,1,1,Winter,16.3,2.7,11,6,9,3,0,0,124,50
22,Clinic,Urban,B+,7,3,Summer,37.3,5.7,13,11,8,0,0,0,30,46
6,General,Urban,A-,1,8,Monsoon,24.1,28.8,3,5,7,2,0,0,117,42
5,General,Urban,A+,7,7,Monsoon,26.9,79.2,2,13,12,2,0,0,113,55
3,Clinic,Urban,O+,2,9,Monsoon,25.2,30.6,8,9,8,5,0,0,33,55
21,General,Urban,A+,6,5,Summer,36.2,25.2,2,9,7,5,0,0,130,50
3,Clinic,Urban,B+,1,1,Winter,19.9,5.3,7,14,3,1,0,0,35,40
15,Trauma,Urban,O+,4,8,Monsoon,30.9,53.6,2,14,13,5,0,0,237,71
25,General,Semi-Urban,O-,4,7,Monsoon,27.2,248.1,25,19,6,10,0,0,123,78
17,Trauma,Semi-Urban,A+,7,7,Monsoon,18.1,58.7,8,15,15,4,0,0,200,76
11,General,Semi-Urban,A+,1,5,Summer,32.7,9.4,1,6,6,3,0,0,122,38
6,General,Urban,AB-,1,11,Summer,38.7,6.0,4,13,5,4,0,0,118,56
1,Trauma,Rural,B+,5,10,Summer,33.0,17.6,2,6,13,0,1,0,243,48
4,Clinic,Urban,O+,1,3,Summer,28.2,4.3,1,8,3,2,0,0,45,38
24,Trauma,Rural,B+,6,1,Winter,19.3,2.1,5,12,9,3,0,0,236,56
4,Clinic,Urban,A+,1,3,Summer,35.6,6.6,1,8,4,2,0,0,34,38
1,Trauma,Rural,A+,7,1,Winter,15.8,3.8,2,13,15,0,0,0,242,57
21,General,Urban,A+,4,9,Monsoon,26.3,25.9,11,9,6,8,0,0,133,61
11,General,Semi-Urban,A+,7,8,Monsoon,24.5,73.4,10,12,12,3,0,0,124,64
9,General,Urban,B+,1,6,Monsoon,28.6,174.2,15,4,6,6,0,0,121,56
18,Trauma,Semi-Urban,AB+,2,8,Monsoon,27.2,29.9,5,10,7,5,0,0,233,57
14,Trauma,Urban,AB+,4,10,Summer,30.5,18.3,2,9,10,6,0,1,263,58
23,General,Semi-Urban,A+,1,10,Summer,34.0,21.0,4,9,6,5,0,0,127,46
12,General,Urban,B+,1,6,Monsoon,24.8,70.8,13,13,5,1,0,0,117,58
18,Trauma,Semi-Urban,O+,3,8,Monsoon,31.4,11.0,1,6,16,4,0,0,233,63
22,Clinic,Urban,O+,6,7,Monsoon,29.7,125.3,2,18,6,1,0,0,40,53
12,General,Urban,O+,5,12,Winter,17.6,7.0,4,5,9,9,0,0,123,51
8,Clinic,Rural,B+,1,10,Summer,34.2,34.4,4,10,2,3,0,0,36,30
25,General,Semi-Urban,A+,1,4,Summer,37.0,11.9,7,10,4,9,0,0,116,50
6,General,Urban,B+,5,11,Summer,33.5,2.1,10,11,10,2,1,0,129,46
1,Trauma,Rural,O+,3,5,Summer,36.3,17.6,8,4,16,2,0,0,242,51
15,Trauma,Urban,A+,6,10,Summer,38.4,2.5,5,4,9,5,0,0,229,53
25,General,Semi-Urban,O+,3,12,Winter,16.5,4.5,5,5,5,7,0,0,117,42
3,Clinic,Urban,A+,3,10,Summer,38.9,19.7,6,14,2,1,0,0,29,48
22,Clinic,Urban,B+,2,2,Winter,22.1,7.3,7,10,4,4,0,1,51,42
21,General,Urban,O+,2,3,Summer,34.7,7.6,5,6,7,6,0,0,116,51
24,Trauma,Rural,O+,5,10,Summer,32.7,4.9,0,7,13,5,0,0,241,50
11,General,Semi-Urban,A+,4,2,Winter,18.7,3.4,8,7,11,6,0,0,121,52
7,Trauma,Urban,A+,5,1,Winter,17.3,0.9,13,9,11,4,0,0,237,65
13,Clinic,Rural,B+,1,4,Summer,31.6,8.3,4,10,3,1,0,0,36,38
4,Clinic,Urban,O+,4,6,Monsoon,28.6,48.5,5,6,3,3,0,0,31,38
22,Clinic,Urban,O+,4,2,Winter,14.9,6.4,6,10,5,3,0,0,36,46
17,Trauma,Semi-Urban,B+,7,2,Winter,17.0,8.5,4,11,17,3,0,0,214,61
13,Clinic,Rural,O+,3,5,Summer,33.0,16.7,1,6,3,2,0,0,41,28
13,Clinic,Rural,O+,1,8,Monsoon,22.9,143.4,7,15,6,6,0,0,30,52
18,Trauma,Semi-Urban,B+,5,7,Monsoon,29.0,87.1,5,15,9,7,0,0,225,65
14,Trauma,Urban,O+,2,10,Summer,33.3,11.4,1,10,10,4,0,0,217,55
21,General,Urban,A+,7,12,Winter,21.9,0.8,7,14,4,2,0,1,135,45
24,Trauma,Rural,O+,3,1,Winter,17.3,4.2,3,7,9,4,0,0,240,47
24,Trauma,Rural,B+,6,9,Monsoon,25.8,137.0,1,17,11,0,0,0,233,62
16,General,Semi-Urban,O+,5,2,Winter,15.3,2.6,2,10,6,12,0,0,129,52
19,Clinic,Rural,O-,4,5,Summer,34.1,9.5,2,9,7,1,1,0,40,34
8,Clinic,Rural,A+,5,5,Summer,34.1,1.4,4,5,7,4,0,0,28,40
1,Trauma,Rural,A+,2,9,Monsoon,29.2,70.3,2,9,10,4,0,0,234,58
11,General,Semi-Urban,O+,1,4,Summer,34.2,22.5,6,11,5,7,0,1,139,56
22,Clinic,Urban,O+,6,11,Summer,40.3,14.0,6,12,5,4,0,0,40,45
4,Clinic,Urban,B+,7,5,Summer,35.4,10.5,9,16,3,0,0,0,34,43
14,Trauma,Urban,B+,7,10,Summer,31.0,4.1,4,6,13,2,0,0,220,56
5,General,Urban,O+,3,12,Winter,14.8,2.1,8,8,7,3,0,0,129,46
11,General,Semi-Urban,B+,3,7,Monsoon,28.6,47.4,3,14,8,11,0,0,116,60
4,Clinic,Urban,O+,3,2,Winter,14.9,1.3,5,14,3,3,0,0,38,40
19,Clinic,Rural,B+,5,9,Monsoon,28.8,99.8,9,6,4,5,0,0,33,46
21,General,Urban,B+,5,6,Monsoon,29.7,57.0,8,14,10,3,0,0,124,59
19,Clinic,Rural,AB-,6,5,Summer,36.8,21.0,3,17,8,1,0,1,54,47
18,Trauma,Semi-Urban,B+,7,6,Monsoon,24.4,77.0,10,20,18,0,0,0,216,78
6,General,Urban,O+,3,4,Summer,36.8,37.3,8,13,8,2,0,0,119,57
14,Trauma,Urban,O+,5,4,Summer,35.0,7.6,0,10,10,5,0,0,231,56
3,Clinic,Urban,O-,4,12,Winter,16.2,7.1,3,11,3,1,0,0,29,37
10,General,Urban,O+,7,4,Summer,33.5,28.3,2,8,10,5,0,0,121,46
13,Clinic,Rural,O+,3,6,Monsoon,28.4,52.4,7,9,8,0,0,0,30,48
17,Trauma,Semi-Urban,B+,2,9,Monsoon,25.0,72.5,2,15,14,1,1,0,230,57
3,Clinic,Urban,A+,3,3,Summer,34.9,8.2,3,11,6,0,0,0,29,41
21,General,Urban,B+,5,8,Monsoon,31.3,50.3,5,13,4,9,0,1,143,57
12,General,Urban,A+,7,11,Summer,36.9,17.2,11,15,7,3,0,0,119,53
23,General,Semi-Urban,B+,6,10,Summer,34.2,18.6,4,14,9,8,0,1,153,54
14,Trauma,Urban,O+,1,1,Winter,18.7,1.8,3,13,13,1,1,0,231,54
14,Trauma,Urban,O+,4,5,Summer,32.4,6.2,5,14,10,1,0,0,215,61
18,Trauma,Semi-Urban,B+,2,1,Winter,16.5,3.1,5,9,11,4,0,0,239,54
21,General,Urban,B-,3,8,Monsoon,22.4,76.9,9,10,8,7,0,0,124,64
4,Clinic,Urban,AB+,7,4,Summer,34.8,2.6,2,18,2,2,0,1,46,44
13,Clinic,Rural,AB+,7,11,Summer,36.0,17.5,6,10,5,1,0,0,39,35
1,Trauma,Rural,AB+,2,3,Summer,33.8,2.2,2,5,11,6,0,0,209,54
12,General,Urban,O+,1,11,Summer,31.4,5.7,7,6,13,11,0,0,122,60
21,General,Urban,O+,5,5,Summer,34.2,12.5,6,4,6,6,0,0,116,47
22,Clinic,Urban,O+,3,12,Winter,22.0,5.0,5,8,3,5,0,0,39,38
8,Clinic,Rural,A+,4,3,Summer,36.7,5.4,4,5,0,2,0,0,37,31
10,General,Urban,O+,7,4,Summer,33.9,9.8,5,14,16,8,0,0,114,61
14,Trauma,Urban,O+,7,5,Summer,40.1,7.7,4,13,17,0,0,0,230,67
10,General,Urban,B+,7,12,Winter,26.1,0.2,3,16,5,6,0,1,152,58
5,General,Urban,B+,6,9,Monsoon,25.6,59.0,6,12,5,3,0,0,128,53
8,Clinic,Rural,AB+,7,10,Summer,33.3,4.5,4,17,6,0,0,0,36,44
11,General,Semi-Urban,O+,6,7,Monsoon,29.1,77.4,3,22,2,5,0,0,132,61
13,Clinic,Rural,O+,7,10,Summer,31.3,3.9,13,12,2,1,0,0,36,35
24,Trauma,Rural,O-,4,8,Monsoon,29.5,55.7,9,11,17,6,0,0,238,70
14,Trauma,Urban,O-,1,9,Monsoon,27.3,70.8,6,12,15,3,0,0,220,70
10,General,Urban,O+,6,11,Summer,35.1,11.4,7,9,6,3,0,0,110,48
17,Trauma,Semi-Urban,O-,7,12,Winter,16.3,2.6,2,6,10,4,0,0,233,49
20,General,Urban,O+,3,7,Monsoon,24.6,167.0,5,16,7,8,0,0,109,62
11,General,Semi-Urban,A+,3,6,Monsoon,21.0,93.5,10,14,7,8,0,0,111,63
13,Clinic,Rural,B+,5,8,Monsoon,31.5,115.8,4,6,3,9,0,0,39,42
6,General,Urban,AB-,5,9,Monsoon,29.8,72.2,12,17,7,8,0,0,114,71
22,Clinic,Urban,A+,5,12,Winter,20.0,0.0,6,7,3,3,0,0,38,41
22,Clinic,Urban,A+,3,9,Monsoon,28.0,27.6,6,8,6,2,0,1,46,44
5,General,Urban,O+,6,12,Winter,11.1,0.9,2,9,11,5,0,1,145,49
9,General,Urban,B+,6,9,Monsoon,24.7,64.8,8,14,7,4,0,0,118,56
7,Trauma,Urban,O+,7,12,Winter,17.2,7.9,6,18,15,0,1,0,240,63
24,Trauma,Rural,O+,5,10,Summer,30.8,12.6,5,5,17,4,0,0,235,57
2,Trauma,Semi-Urban,B+,1,11,Summer,28.9,20.2,3,7,7,9,0,0,241,55
6,General,Urban,A+,6,3,Summer,31.1,4.9,5,10,7,4,0,0,117,49
8,Clinic,Rural,O+,1,12,Winter,18.1,3.2,4,6,3,3,0,0,35,31
15,Trauma,Urban,O+,2,5,Summer,34.1,24.2,7,8,9,4,0,1,261,57
7,Trauma,Urban,A-,2,10,Summer,36.7,20.5,3,7,10,2,0,0,222,52
14,Trauma,Urban,B-,2,5,Summer,40.2,6.6,4,12,12,4,0,0,229,64
19,Clinic,Rural,B+,6,6,Monsoon,29.1,72.1,5,13,5,3,0,0,34,51
21,General,Urban,A+,4,9,Monsoon,26.5,149.6,14,7,6,1,0,1,137,56
3,Clinic,Urban,A+,2,7,Monsoon,32.4,46.2,10,9,3,1,0,1,66,47
4,Clinic,Urban,A+,1,9,Monsoon,22.3,68.7,4,13,4,5,0,1,66,47
3,Clinic,Urban,AB+,2,1,Winter,11.8,0.5,5,5,2,5,0,0,40,32
23,General,Semi-Urban,O+,5,11,Summer,31.3,19.1,10,7,6,6,0,0,110,44
17,Trauma,Semi-Urban,A+,6,5,Summer,36.4,18.3,7,13,16,2,0,0,223,67
14,Trauma,Urban,B+,3,10,Summer,34.5,1.9,4,7,17,3,0,0,215,56
20,General,Urban,O+,1,4,Summer,30.6,9.4,2,10,2,2,0,0,138,39
15,Trauma,Urban,O+,4,8,Monsoon,24.8,157.6,12,10,10,3,0,0,231,70
6,General,Urban,O+,6,8,Monsoon,23.3,31.3,1,13,8,5,0,0,122,52
13,Clinic,Rural,O+,1,2,Winter,14.3,3.9,3,8,5,2,0,0,32,37
18,Trauma,Semi-Urban,B+,6,6,Monsoon,31.7,56.1,10,22,13,3,0,0,215,76
1,Trauma,Rural,O-,2,8,Monsoon,26.6,155.9,13,15,10,5,0,0,221,72
16,General,Semi-Urban,O+,2,11,Summer,39.3,1.5,3,18,10,7,0,0,120,63
13,Clinic,Rural,B+,5,11,Summer,31.3,1.6,6,5,2,2,0,0,40,26
2,Trauma,Semi-Urban,A+,1,5,Summer,35.5,6.1,2,8,10,5,0,0,210,59
7,Trauma,Urban,A+,3,8,Monsoon,27.7,80.0,6,10,12,6,0,0,220,73
12,General,Urban,O+,1,3,Summer,36.6,11.2,6,7,7,6,0,0,128,46
9,General,Urban,O+,2,11,Summer,34.8,2.1,5,11,5,3,0,1,138,49
8,Clinic,Rural,A+,6,11,Summer,37.0,14.9,5,12,3,1,0,0,32,39
17,Trauma,Semi-Urban,O+,2,12,Winter,19.7,4.9,5,9,9,4,0,0,245,54
11,General,Semi-Urban,O+,1,6,Monsoon,23.7,81.4,4,10,8,2,0,0,125,45
13,Clinic,Rural,AB+,2,5,Summer,36.2,22.7,9,10,6,5,0,0,33,47
20,General,Urban,A+,1,10,Summer,33.7,15.7,20,8,8,9,0,0,113,57
3,Clinic,Urban,O+,5,9,Monsoon,24.7,55.4,8,5,1,2,0,0,39,39
9,General,Urban,O+,7,3,Summer,36.1,27.7,8,8,5,0,0,1,154,41
2,Trauma,Semi-Urban,O+,2,7,Monsoon,29.8,211.7,4,18,12,4,0,0,245,69
24,Trauma,Rural,O+,6,8,Monsoon,25.5,98.4,6,18,13,4,0,0,231,71
5,General,Urban,A+,3,6,Monsoon,25.9,38.3,8,7,11,7,0,0,106,61
21,General,Urban,B+,1,5,Summer,29.8,22.1,3,8,7,8,0,0,125,52
5,General,Urban,A+,5,3,Summer,28.6,3.3,7,5,6,6,0,0,111,43
9,General,Urban,B+,2,5,Summer,33.3,5.4,2,8,10,7,0,0,113,50
16,General,Semi-Urban,O+,4,3,Summer,36.4,20.2,4,7,7,9,0,0,120,52
21,General,Urban,O+,4,4,Summer,32.3,4.8,2,7,9,11,0,0,131,51
5,General,Urban,A+,5,3,Summer,38.3,26.0,5,10,5,6,0,0,126,54
6,General,Urban,AB+,1,5,Summer,33.4,5.0,6,6,5,5,0,1,160,43
23,General,Semi-Urban,O+,2,8,Monsoon,26.4,62.8,16,5,5,5,0,0,124,53
9,General,Urban,O+,6,5,Summer,33.1,7.9,2,15,7,5,0,0,116,53
6,General,Urban,B+,7,2,Winter,20.9,4.9,4,13,16,6,0,1,148,61
19,Clinic,Rural,O+,1,10,Summer,31.1,16.9,4,10,5,2,0,0,32,38
3,Clinic,Urban,O+,3,6,Monsoon,26.6,56.9,2,13,5,4,0,0,34,45
22,Clinic,Urban,B+,7,8,Monsoon,25.4,109.9,7,11,3,4,0,0,37,50
22,Clinic,Urban,B+,3,7,Monsoon,25.3,89.1,11,15,4,4,0,0,36,60
22,Clinic,Urban,B+,4,7,Monsoon,27.1,126.6,13,14,13,3,0,0,21,60
8,Clinic,Rural,B+,7,6,Monsoon,26.7,114.9,6,22,3,3,0,0,40,51
3,Clinic,Urban,O+,7,10,Summer,37.2,4.9,2,10,3,2,0,0,35,43
11,General,Semi-Urban,B+,5,11,Summer,34.0,26.1,3,8,6,10,0,0,114,48
9,General,Urban,O+,5,11,Summer,35.7,1.8,8,8,9,3,1,0,134,44
24,Trauma,Rural,B+,5,6,Monsoon,27.5,62.5,2,11,16,6,0,0,247,69
16,General,Semi-Urban,B-,2,5,Summer,38.2,15.5,0,11,2,3,0,0,135,41
24,Trauma,Rural,B+,7,1,Winter,17.1,3.0,2,14,13,0,0,0,243,58
19,Clinic,Rural,AB+,1,6,Monsoon,26.1,70.1,7,6,4,1,0,0,34,38
18,Trauma,Semi-Urban,O+,1,12,Winter,20.2,2.4,2,9,7,1,0,0,225,50
3,Clinic,Urban,O+,5,4,Summer,33.1,7.5,2,6,6,2,0,0,38,35
2,Trauma,Semi-Urban,A+,6,11,Summer,35.5,24.1,7,12,15,6,0,0,229,63
2,Trauma,Semi-Urban,O+,6,10,Summer,41.0,9.8,4,13,18,2,0,0,230,66
15,Trauma,Urban,O+,5,8,Monsoon,24.1,71.0,8,16,8,5,0,1,235,73
6,General,Urban,B+,3,7,Monsoon,31.6,44.6,4,13,6,1,0,0,117,51
25,General,Semi-Urban,B+,3,10,Summer,32.5,16.6,2,7,9,6,0,0,133,49
4,Clinic,Urban,A+,3,2,Winter,22.0,0.9,8,8,4,1,0,0,39,37
24,Trauma,Rural,A-,2,2,Winter,20.1,9.9,5,9,13,3,0,0,231,57
17,Trauma,Semi-Urban,A+,3,3,Summer,35.8,5.0,4,7,8,3,0,0,225,48
3,Clinic,Urban,B+,1,10,Summer,33.5,9.6,1,8,1,2,0,0,36,31
2,Trauma,Semi-Urban,O+,3,6,Monsoon,26.2,101.2,7,16,10,0,0,0,219,64
10,General,Urban,B+,7,3,Summer,31.8,21.0,1,15,4,1,0,1,149,48
9,General,Urban,B+,5,1,Winter,18.0,2.3,4,8,6,5,0,0,112,43
8,Clinic,Rural,O+,1,6,Monsoon,26.4,51.2,13,14,6,1,0,0,28,52
14,Trauma,Urban,AB+,3,5,Summer,34.6,11.7,2,9,13,5,0,1,280,57
4,Clinic,Urban,B+,2,3,Summer,29.8,6.2,0,4,6,3,0,0,40,34
4,Clinic,Urban,B+,2,1,Winter,18.1,2.6,2,9,3,2,1,0,41,35
18,Trauma,Semi-Urban,O+,5,10,Summer,37.8,28.2,7,14,6,7,0,0,225,59
25,General,Semi-Urban,B-,7,10,Summer,36.8,4.9,3,16,11,5,0,0,129,58
7,Trauma,Urban,O+,5,3,Summer,34.1,1.1,5,6,8,3,0,1,251,50
24,Trauma,Rural,A+,4,6,Monsoon,34.7,42.8,6,18,9,4,0,0,213,65
9,General,Urban,O+,2,4,Summer,32.3,3.1,4,9,6,9,0,0,108,54
9,General,Urban,B+,2,5,Summer,33.7,16.1,4,6,10,5,0,0,129,48
3,Clinic,Urban,A+,6,2,Winter,13.6,2.0,2,11,4,0,0,0,27,37
11,General,Semi-Urban,A+,5,12,Winter,16.8,6.4,2,5,12,3,0,1,153,44
13,Clinic,Rural,AB+,4,9,Monsoon,32.4,64.2,9,7,6,3,0,0,29,42
17,Trauma,Semi-Urban,O+,5,11,Summer,32.9,3.2,8,4,10,4,0,0,221,53
4,Clinic,Urban,A+,6,4,Summer,29.4,20.7,6,12,3,2,0,0,27,42
5,General,Urban,A+,6,11,Summer,36.6,5.1,3,8,11,2,0,0,134,49
11,General,Semi-Urban,B+,1,7,Monsoon,28.2,9.7,3,5,13,5,0,0,120,53
2,Trauma,Semi-Urban,A+,3,3,Summer,36.5,13.7,0,8,11,5,0,0,230,55
4,Clinic,Urban,B+,1,4,Summer,33.1,5.9,1,11,5,3,0,1,67,42
16,General,Semi-Urban,O+,3,10,Summer,31.0,14.5,4,8,5,1,1,0,130,39
24,Trauma,Rural,AB-,5,10,Summer,33.4,18.6,5,9,16,3,0,0,232,61
15,Trauma,Urban,B+,2,9,Monsoon,28.7,90.2,4,11,15,2,0,0,235,65
4,Clinic,Urban,B+,2,3,Summer,33.8,6.2,6,8,5,2,0,0,34,41
25,General,Semi-Urban,B+,4,8,Monsoon,28.2,147.9,3,17,8,6,0,0,127,59
14,Trauma,Urban,O+,4,12,Winter,16.4,1.3,5,13,11,5,0,0,239,62
18,Trauma,Semi-Urban,A+,5,1,Winter,19.3,4.2,3,8,10,2,0,0,219,49
5,General,Urban,B+,1,4,Summer,34.0,16.7,3,8,3,6,0,0,122,45
15,Trauma,Urban,A+,2,1,Winter,15.9,3.1,12,17,15,4,0,1,246,68
2,Trauma,Semi-Urban,B+,6,2,Winter,18.4,5.2,2,13,14,2,0,0,243,62
16,General,Semi-Urban,AB+,5,12,Winter,16.8,3.6,6,8,7,7,0,0,114,44
6,General,Urban,B+,7,3,Summer,35.9,14.0,7,13,7,5,0,1,150,52
23,General,Semi-Urban,A+,6,3,Summer,36.6,18.3,5,12,9,3,0,0,121,51
2,Trauma,Semi-Urban,O+,6,1,Winter,19.5,3.5,6,18,12,1,0,1,270,65
17,Trauma,Semi-Urban,O+,4,12,Winter,13.1,5.7,3,12,8,4,0,0,215,56
4,Clinic,Urban,B+,7,6,Monsoon,24.1,175.4,7,15,5,1,0,1,51,51
18,Trauma,Semi-Urban,B+,3,10,Summer,32.1,14.9,4,9,14,2,0,0,235,55
13,Clinic,Rural,A+,7,4,Summer,31.6,18.6,6,11,2,5,0,0,28,37
25,General,Semi-Urban,O+,3,8,Monsoon,25.4,79.0,2,15,5,2,1,0,132,45
17,Trauma,Semi-Urban,B+,4,11,Summer,36.8,25.6,3,7,14,5,0,0,227,57
10,General,Urban,O+,5,9,Monsoon,29.1,95.6,9,14,6,5,0,0,128,61
3,Clinic,Urban,B+,3,7,Monsoon,25.7,123.5,4,11,3,4,0,0,33,48
15,Trauma,Urban,O+,2,3,Summer,35.8,3.2,2,9,19,5,0,0,219,66
12,General,Urban,O+,7,3,Summer,35.0,16.5,5,15,5,6,0,1,130,57
2,Trauma,Semi-Urban,A+,4,8,Monsoon,26.9,83.6,3,6,14,6,0,0,231,64
15,Trauma,Urban,B+,7,6,Monsoon,30.4,113.8,17,15,15,0,0,0,230,85
6,General,Urban,AB+,3,1,Winter,16.0,4.9,7,6,8,2,1,0,117,42
6,General,Urban,O+,7,3,Summer,34.2,18.4,7,18,10,5,0,0,108,62
1,Trauma,Rural,O+,5,6,Monsoon,23.8,117.7,9,17,11,4,0,0,207,73
10,General,Urban,A+,6,3,Summer,31.0,9.2,1,8,3,4,0,0,110,44
6,General,Urban,B+,6,7,Monsoon,22.9,219.0,9,19,4,2,0,0,126,63
2,Trauma,Semi-Urban,O+,2,4,Summer,31.0,22.6,3,11,16,3,0,0,222,58
11,General,Semi-Urban,O+,6,4,Summer,34.2,9.9,3,12,5,3,0,0,127,45
6,General,Urban,O+,7,2,Winter,17.1,2.7,3,7,5,3,0,1,148,38
4,Clinic,Urban,A+,5,7,Monsoon,26.2,3.1,6,5,4,3,0,0,33,46
12,General,Urban,O+,7,3,Summer,33.1,4.2,3,14,6,1,0,0,122,46
2,Trauma,Semi-Urban,B+,6,8,Monsoon,32.3,43.2,4,16,17,4,0,0,233,76
25,General,Semi-Urban,A+,5,12,Winter,14.6,2.8,4,9,11,7,0,0,122,51
12,General,Urban,O+,4,11,Summer,30.3,25.0,1,9,7,10,0,0,123,53
25,General,Semi-Urban,O+,7,9,Monsoon,24.5,65.1,3,9,10,6,0,0,123,56
23,General,Semi-Urban,O+,2,10,Summer,33.8,4.2,3,7,7,7,0,0,127,43
25,General,Semi-Urban,O-,4,12,Winter,19.5,4.5,3,6,6,8,0,0,122,48
14,Trauma,Urban,B+,6,9,Monsoon,28.9,118.0,10,18,9,1,0,1,258,72
11,General,Semi-Urban,O+,7,4,Summer,36.8,9.0,6,12,6,4,0,0,121,50
18,Trauma,Semi-Urban,B+,2,7,Monsoon,26.7,159.9,14,13,15,4,0,0,187,84
3,Clinic,Urban,B+,1,11,Summer,32.8,24.0,2,10,5,4,0,0,39,45
22,Clinic,Urban,O+,3,9,Monsoon,31.9,16.4,4,9,3,1,0,0,33,41
9,General,Urban,B+,7,5,Summer,25.6,16.8,0,10,4,4,0,1,133,42
1,Trauma,Rural,O+,4,3,Summer,34.2,1.0,7,8,7,4,0,0,251,50
6,General,Urban,A+,1,2,Winter,19.3,2.8,3,10,8,3,0,0,113,45
7,Trauma,Urban,B+,1,5,Summer,39.6,42.1,15,11,11,2,0,0,223,62
1,Trauma,Rural,O+,3,10,Summer,29.0,16.2,8,8,14,3,0,0,237,57
17,Trauma,Semi-Urban,B-,3,7,Monsoon,25.7,47.8,12,6,14,5,0,0,233,66
3,Clinic,Urban,A+,1,1,Winter,13.9,5.0,7,6,5,2,0,0,36,37
22,Clinic,Urban,O+,4,12,Winter,12.6,1.7,4,6,6,4,0,0,37,38
12,General,Urban,O+,4,5,Summer,33.4,13.4,8,10,12,7,0,0,127,58
18,Trauma,Semi-Urban,AB+,2,5,Summer,36.5,5.0,3,5,16,4,0,0,201,57
9,General,Urban,A-,2,10,Summer,37.6,8.0,3,4,5,5,0,1,150,44
4,Clinic,Urban,B+,5,5,Summer,32.4,22.7,3,5,4,4,0,0,39,36
5,General,Urban,O+,7,8,Monsoon,29.0,215.3,3,20,7,6,0,0,107,69
17,Trauma,Semi-Urban,A-,7,12,Winter,17.4,3.8,3,7,9,0,1,0,243,46
18,Trauma,Semi-Urban,B+,4,7,Monsoon,28.7,131.9,8,15,12,6,0,0,208,70
7,Trauma,Urban,O+,1,8,Monsoon,30.5,52.6,5,12,12,2,0,0,235,61
9,General,Urban,O+,7,5,Summer,33.4,4.4,8,9,10,5,0,0,128,55
24,Trauma,Rural,A+,7,11,Summer,37.2,12.4,7,16,17,2,0,0,232,72
22,Clinic,Urban,O+,2,1,Winter,14.4,3.4,7,6,4,6,0,0,46,39
11,General,Semi-Urban,O+,3,4,Summer,36.0,43.5,3,7,9,5,0,0,125,47
7,Trauma,Urban,B+,1,12,Winter,21.1,2.7,10,4,11,3,0,0,237,54
8,Clinic,Rural,B+,6,6,Monsoon,29.8,67.4,9,13,7,0,0,0,38,46
14,Trauma,Urban,B+,6,3,Summer,30.4,16.2,3,16,13,1,1,0,221,60
15,Trauma,Urban,O+,1,5,Summer,33.4,6.9,4,9,14,6,0,0,220,59
5,General,Urban,A+,5,4,Summer,34.9,5.6,5,9,10,7,0,0,131,54
2,Trauma,Semi-Urban,O+,3,7,Monsoon,28.3,103.3,6,15,12,8,0,0,217,71
13,Clinic,Rural,A+,4,3,Summer,34.3,2.8,1,10,5,6,0,0,43,41
20,General,Urban,B+,2,5,Summer,38.3,15.5,3,10,11,11,0,0,129,64
4,Clinic,Urban,B+,6,11,Summer,30.1,7.7,2,14,4,1,0,0,42,47
11,General,Semi-Urban,O+,3,1,Winter,17.3,5.2,10,7,6,1,0,0,131,42
5,General,Urban,O-,6,10,Summer,28.9,26.0,12,6,6,2,0,0,136,45
7,Trauma,Urban,O+,2,1,Winter,19.9,1.6,5,9,14,4,0,0,257,61
16,General,Semi-Urban,A+,5,6,Monsoon,28.7,66.3,4,6,11,6,0,0,132,53
8,Clinic,Rural,O-,3,9,Monsoon,37.0,151.7,2,16,5,2,0,0,41,50
7,Trauma,Urban,O+,7,12,Winter,21.1,3.8,3,10,10,3,0,0,249,52
25,General,Semi-Urban,A+,4,4,Summer,35.0,31.8,10,7,7,4,0,0,131,46
5,General,Urban,O+,6,1,Winter,18.8,3.9,5,11,8,5,0,0,114,54
5,General,Urban,A+,1,10,Summer,33.1,25.1,8,5,7,8,0,1,139,49
24,Trauma,Rural,A+,5,11,Summer,34.4,3.8,5,3,8,5,0,0,221,39
14,Trauma,Urban,O+,1,7,Monsoon,27.8,41.4,3,13,8,7,0,0,239,65
2,Trauma,Semi-Urban,A+,3,1,Winter,12.1,8.3,1,11,8,3,0,0,243,48
11,General,Semi-Urban,B+,2,7,Monsoon,27.6,40.6,6,12,0,4,0,0,123,50
15,Trauma,Urban,B-,1,5,Summer,34.3,29.3,6,11,7,3,0,0,222,56
7,Trauma,Urban,O+,5,6,Monsoon,32.3,46.0,0,9,11,5,0,0,218,57
14,Trauma,Urban,A+,2,1,Winter,17.6,0.9,3,6,16,2,0,0,218,57
17,Trauma,Semi-Urban,O+,4,4,Summer,31.7,9.5,1,9,17,6,0,0,226,67
7,Trauma,Urban,B+,6,12,Winter,18.8,1.1,3,20,9,0,1,0,225,57
21,General,Urban,AB-,2,1,Winter,18.2,4.9,7,7,6,3,0,0,130,41
12,General,Urban,B+,5,11,Summer,33.6,1.0,6,11,6,5,0,0,126,51
25,General,Semi-Urban,B+,3,7,Monsoon,23.2,252.3,1,13,3,3,0,1,141,49
3,Clinic,Urban,B+,3,8,Monsoon,26.5,85.0,8,12,7,3,0,0,40,52
9,General,Urban,A+,5,12,Winter,16.3,5.1,2,5,3,4,0,0,122,38
19,Clinic,Rural,B+,5,3,Summer,33.4,19.3,7,5,1,1,0,0,41,29
23,General,Semi-Urban,O+,5,12,Winter,20.2,3.7,2,6,7,7,0,0,137,42
6,General,Urban,A+,2,4,Summer,32.0,15.4,3,9,4,2,0,0,122,39
25,General,Semi-Urban,O+,5,5,Summer,33.3,8.5,2,12,10,6,0,0,114,53
5,General,Urban,A+,2,6,Monsoon,28.6,135.1,7,9,9,6,0,0,109,59
11,General,Semi-Urban,B+,2,8,Monsoon,26.2,223.9,14,16,4,4,0,0,108,60
8,Clinic,Rural,O+,7,4,Summer,41.8,8.2,7,10,3,2,0,0,31,44
11,General,Semi-Urban,B+,1,10,Summer,34.7,20.9,5,7,7,5,0,0,116,46
23,General,Semi-Urban,A+,3,1,Winter,14.3,6.7,0,7,10,5,0,0,118,45
19,Clinic,Rural,A+,4,8,Monsoon,24.5,57.8,5,9,5,3,0,0,37,41
20,General,Urban,O+,2,8,Monsoon,24.2,78.8,9,9,9,6,0,0,123,58
7,Trauma,Urban,A-,6,7,Monsoon,24.5,76.2,4,15,11,1,0,0,208,66
24,Trauma,Rural,O+,4,8,Monsoon,28.6,70.0,2,11,10,4,0,0,231,53
11,General,Semi-Urban,A+,6,9,Monsoon,23.7,46.9,9,13,4,1,0,0,111,50
17,Trauma,Semi-Urban,O+,3,11,Summer,33.0,11.2,13,12,17,5,0,1,228,70
18,Trauma,Semi-Urban,B+,7,3,Summer,37.4,9.3,5,19,15,3,0,0,230,68
17,Trauma,Semi-Urban,A+,6,6,Monsoon,25.4,184.6,12,26,15,2,0,0,230,89
16,General,Semi-Urban,A+,3,7,Monsoon,29.0,96.8,2,9,3,3,1,0,115,41
13,Clinic,Rural,A-,7,5,Summer,29.0,6.8,2,5,5,1,0,0,33,29
17,Trauma,Semi-Urban,O+,7,12,Winter,16.9,7.9,8,12,14,3,0,0,246,60
23,General,Semi-Urban,AB+,5,7,Monsoon,24.3,168.8,9,20,12,7,0,0,115,71
10,General,Urban,B+,1,8,Monsoon,27.9,69.3,7,12,10,8,0,1,135,66
13,Clinic,Rural,B-,5,3,Summer,30.9,12.9,1,11,5,2,0,0,38,35
5,General,Urban,O+,5,5,Summer,40.2,26.9,6,12,8,5,0,0,127,53
9,General,Urban,B+,3,8,Monsoon,22.1,142.3,3,13,10,7,0,0,117,63
20,General,Urban,O+,2,6,Monsoon,30.4,20.2,7,7,6,3,0,0,118,54
17,Trauma,Semi-Urban,B+,4,10,Summer,36.6,5.1,2,9,13,0,1,0,229,57
6,General,Urban,A+,6,2,Winter,18.9,2.1,4,8,9,2,0,0,120,46
14,Trauma,Urban,A+,3,2,Winter,18.2,2.3,2,9,14,3,0,1,259,58
21,General,Urban,O+,4,5,Summer,39.6,10.7,7,7,7,12,0,0,123,54
4,Clinic,Urban,A+,1,4,Summer,41.4,14.9,4,7,3,4,0,0,26,46
2,Trauma,Semi-Urban,O-,5,10,Summer,33.4,10.7,2,7,11,6,0,1,240,55
10,General,Urban,A+,7,11,Summer,34.5,23.8,5,16,6,2,0,1,140,52
17,Trauma,Semi-Urban,A+,6,6,Monsoon,25.3,60.2,3,18,12,3,0,0,224,69
8,Clinic,Rural,A+,4,7,Monsoon,23.5,165.4,9,18,11,2,0,0,29,60
21,General,Urban,O+,1,4,Summer,35.4,13.6,2,7,6,5,0,0,108,44
22,Clinic,Urban,O+,4,7,Monsoon,27.7,93.0,4,10,1,6,0,0,41,45
14,Trauma,Urban,A+,7,9,Monsoon,22.2,133.0,7,15,14,1,0,0,210,69
10,General,Urban,O+,1,9,Monsoon,28.4,119.7,12,16,10,4,0,0,105,66
2,Trauma,Semi-Urban,O+,2,12,Winter,18.8,3.1,4,7,13,6,0,1,254,58
21,General,Urban,A+,6,7,Monsoon,25.2,46.4,1,15,6,3,0,0,119,55
23,General,Semi-Urban,AB+,4,5,Summer,32.0,27.1,2,7,10,7,0,0,124,49
12,General,Urban,B+,2,1,Winter,19.3,3.5,3,6,9,8,0,0,112,50
13,Clinic,Rural,O+,1,9,Monsoon,31.8,89.7,8,14,3,5,0,0,37,49
19,Clinic,Rural,B+,3,10,Summer,35.2,48.6,8,10,5,2,1,0,42,37
18,Trauma,Semi-Urban,O+,5,7,Monsoon,29.3,166.4,3,17,12,8,0,0,223,71
